-- MySQL dump 10.13  Distrib 8.0.36, for Win64 (x86_64)
--
-- Host: localhost    Database: stayho
-- ------------------------------------------------------
-- Server version	8.0.37

/*!40101 SET @OLD_CHARACTER_SET_CLIENT=@@CHARACTER_SET_CLIENT */;
/*!40101 SET @OLD_CHARACTER_SET_RESULTS=@@CHARACTER_SET_RESULTS */;
/*!40101 SET @OLD_COLLATION_CONNECTION=@@COLLATION_CONNECTION */;
/*!50503 SET NAMES utf8 */;
/*!40103 SET @OLD_TIME_ZONE=@@TIME_ZONE */;
/*!40103 SET TIME_ZONE='+00:00' */;
/*!40014 SET @OLD_UNIQUE_CHECKS=@@UNIQUE_CHECKS, UNIQUE_CHECKS=0 */;
/*!40014 SET @OLD_FOREIGN_KEY_CHECKS=@@FOREIGN_KEY_CHECKS, FOREIGN_KEY_CHECKS=0 */;
/*!40101 SET @OLD_SQL_MODE=@@SQL_MODE, SQL_MODE='NO_AUTO_VALUE_ON_ZERO' */;
/*!40111 SET @OLD_SQL_NOTES=@@SQL_NOTES, SQL_NOTES=0 */;

--
-- Table structure for table `hotel`
--

DROP TABLE IF EXISTS `hotel`;
/*!40101 SET @saved_cs_client     = @@character_set_client */;
/*!50503 SET character_set_client = utf8mb4 */;
CREATE TABLE `hotel` (
  `id` int NOT NULL AUTO_INCREMENT,
  `member_id` int NOT NULL,
  `name` varchar(50) NOT NULL,
  `tel` varchar(13) NOT NULL,
  `rating` float NOT NULL DEFAULT '0',
  `content` longtext,
  PRIMARY KEY (`id`),
  KEY `member_hotel_fkey_idx` (`member_id`),
  CONSTRAINT `member_hotel_fkey` FOREIGN KEY (`member_id`) REFERENCES `member` (`id`) ON DELETE CASCADE ON UPDATE CASCADE
) ENGINE=InnoDB AUTO_INCREMENT=221 DEFAULT CHARSET=utf8mb4 COLLATE=utf8mb4_0900_ai_ci;
/*!40101 SET character_set_client = @saved_cs_client */;

--
-- Dumping data for table `hotel`
--

LOCK TABLES `hotel` WRITE;
/*!40000 ALTER TABLE `hotel` DISABLE KEYS */;
INSERT INTO `hotel` VALUES (1,1,'a','000-1111-2222',0,NULL),(2,1,'b','111-222-3333',7.2,NULL),(3,1,'c','222-333-4444',8.8,NULL),(6,2,'d','333-444-5555',9,NULL),(7,2,'e','444-555-6666',0,NULL),(8,1,'TJT','tel-number',4,NULL),(9,4,'ZYP','tel-number',8,NULL),(10,2,'XZW','tel-number',5,NULL),(11,1,'WQO','tel-number',0,NULL),(12,1,'DJY','tel-number',10,NULL),(13,3,'YUH','tel-number',4,NULL),(14,1,'OLL','tel-number',8,NULL),(15,3,'SKR','tel-number',2,NULL),(16,2,'CVC','tel-number',5,NULL),(17,4,'UWN','tel-number',7,NULL),(18,4,'SAP','tel-number',3,NULL),(19,2,'TEM','tel-number',4,NULL),(20,3,'FVI','tel-number',9,NULL),(21,1,'NFP','tel-number',7,NULL),(22,2,'IZS','tel-number',7,NULL),(23,4,'CDT','tel-number',2,NULL),(24,1,'YLD','tel-number',5,NULL),(25,4,'GBB','tel-number',0,NULL),(26,2,'WWC','tel-number',4,NULL),(27,4,'WFA','tel-number',7,NULL),(28,3,'GFO','tel-number',8,NULL),(29,1,'FMQ','tel-number',4,NULL),(30,2,'RRV','tel-number',8,NULL),(31,3,'XGE','tel-number',7,NULL),(32,3,'EMN','tel-number',3,NULL),(33,2,'WZD','tel-number',10,NULL),(34,3,'UYQ','tel-number',2,NULL),(35,4,'LMW','tel-number',9,NULL),(36,3,'FVS','tel-number',3,NULL),(37,2,'QVU','tel-number',9,NULL),(38,2,'IEN','tel-number',7,NULL),(39,3,'YIM','tel-number',7,NULL),(40,3,'QMC','tel-number',0,NULL),(41,1,'CFX','tel-number',10,NULL),(42,2,'TXF','tel-number',2,NULL),(43,1,'MUU','tel-number',7,NULL),(44,1,'OCL','tel-number',5,NULL),(45,2,'BRJ','tel-number',6,NULL),(46,4,'SBX','tel-number',8,NULL),(47,1,'KGK','tel-number',10,NULL),(48,2,'PAM','tel-number',7,NULL),(49,2,'NHB','tel-number',3,NULL),(50,1,'HFB','tel-number',3,NULL),(51,2,'JPS','tel-number',7,NULL),(52,1,'XKL','tel-number',4,NULL),(53,4,'KJL','tel-number',9,NULL),(54,1,'OPE','tel-number',4,NULL),(55,3,'ZCK','tel-number',1,NULL),(56,2,'JFX','tel-number',6,NULL),(57,3,'WGO','tel-number',1,NULL),(58,1,'FFI','tel-number',5,NULL),(59,4,'YQN','tel-number',0,NULL),(60,2,'JJE','tel-number',9,NULL),(61,2,'PNK','tel-number',5,NULL),(62,3,'ESR','tel-number',8,NULL),(63,1,'NDE','tel-number',2,NULL),(64,2,'MJF','tel-number',3,NULL),(65,2,'LRM','tel-number',9,NULL),(66,1,'EZV','tel-number',5,NULL),(67,3,'CBO','tel-number',0,NULL),(68,4,'OSR','tel-number',10,NULL),(69,2,'ZPB','tel-number',2,NULL),(70,2,'PYS','tel-number',0,NULL),(71,3,'GBO','tel-number',8,NULL),(72,3,'JQU','tel-number',8,NULL),(73,4,'MHW','tel-number',5,NULL),(74,2,'FMY','tel-number',9,NULL),(75,2,'GBQ','tel-number',0,NULL),(76,4,'CSL','tel-number',7,NULL),(77,4,'SUE','tel-number',6,NULL),(78,4,'BUG','tel-number',2,NULL),(79,1,'SFI','tel-number',7,NULL),(80,3,'RWB','tel-number',9,NULL),(81,2,'VLR','tel-number',7,NULL),(82,4,'MWQ','tel-number',4,NULL),(83,3,'GGV','tel-number',8,NULL),(84,4,'WQK','tel-number',7,NULL),(85,2,'KVC','tel-number',0,NULL),(86,4,'GZQ','tel-number',3,NULL),(87,4,'JDE','tel-number',8,NULL),(88,3,'NOQ','tel-number',1,NULL),(89,1,'LYC','tel-number',5,NULL),(90,3,'TTM','tel-number',10,NULL),(91,2,'YSN','tel-number',2,NULL),(92,4,'VBH','tel-number',3,NULL),(93,4,'ABK','tel-number',4,NULL),(94,3,'ITO','tel-number',0,NULL),(95,4,'NVU','tel-number',6,NULL),(96,3,'XYY','tel-number',9,NULL),(97,3,'JRR','tel-number',5,NULL),(98,1,'VTD','tel-number',9,NULL),(99,2,'LOR','tel-number',9,NULL),(100,4,'KTQ','tel-number',3,NULL),(101,3,'LOV','tel-number',8,NULL),(102,1,'CPH','tel-number',7,NULL),(103,3,'JVI','tel-number',5,NULL),(104,1,'ZHR','tel-number',0,NULL),(105,3,'OSU','tel-number',8,NULL),(106,2,'AGM','tel-number',10,NULL),(107,2,'YBB','tel-number',6,NULL),(108,4,'QIO','tel-number',3,NULL),(109,4,'SHB','tel-number',3,NULL),(110,2,'JWO','tel-number',0,NULL),(111,2,'FPK','tel-number',5,NULL),(112,2,'DCQ','tel-number',9,NULL),(113,3,'ZKD','tel-number',5,NULL),(114,2,'VWJ','tel-number',4,NULL),(115,1,'DUV','tel-number',8,NULL),(116,1,'VDZ','tel-number',1,NULL),(117,2,'ERC','tel-number',7,NULL),(118,3,'OPF','tel-number',0,NULL),(119,2,'QUA','tel-number',6,NULL),(120,1,'HRP','tel-number',5,NULL),(121,4,'WLN','tel-number',9,NULL),(122,3,'UNB','tel-number',0,NULL),(123,1,'KTV','tel-number',8,NULL),(124,2,'WKK','tel-number',9,NULL),(125,1,'MXF','tel-number',8,NULL),(126,2,'EKM','tel-number',5,NULL),(127,1,'YZT','tel-number',2,NULL),(128,4,'DRG','tel-number',6,NULL),(129,4,'VGK','tel-number',7,NULL),(130,3,'IJD','tel-number',2,NULL),(131,3,'MRO','tel-number',7,NULL),(132,2,'IGU','tel-number',4,NULL),(133,2,'GWK','tel-number',3,NULL),(134,3,'QPQ','tel-number',10,NULL),(135,1,'SCW','tel-number',3,NULL),(136,1,'YVF','tel-number',6,NULL),(137,2,'NPA','tel-number',8,NULL),(138,3,'WYH','tel-number',4,NULL),(139,4,'TVT','tel-number',0,NULL),(140,2,'SZJ','tel-number',8,NULL),(141,2,'HMW','tel-number',7,NULL),(142,1,'YHO','tel-number',0,NULL),(143,3,'LNA','tel-number',2,NULL),(144,4,'TVM','tel-number',4,NULL),(145,1,'ATF','tel-number',7,NULL),(146,2,'WKK','tel-number',4,NULL),(147,4,'HEM','tel-number',5,NULL),(148,4,'BRT','tel-number',0,NULL),(149,4,'MBO','tel-number',6,NULL),(150,3,'YVS','tel-number',4,NULL),(151,3,'FQE','tel-number',1,NULL),(152,1,'QEO','tel-number',8,NULL),(153,4,'RRT','tel-number',8,NULL),(154,4,'KXO','tel-number',3,NULL),(155,4,'IKC','tel-number',4,NULL),(156,3,'JMB','tel-number',6,NULL),(157,1,'IXY','tel-number',3,NULL),(158,2,'FCZ','tel-number',10,NULL),(159,4,'WGY','tel-number',3,NULL),(160,3,'FKC','tel-number',6,NULL),(161,2,'SNN','tel-number',1,NULL),(162,3,'DBO','tel-number',9,NULL),(163,4,'SSM','tel-number',1,NULL),(164,1,'LIE','tel-number',4,NULL),(165,2,'XUS','tel-number',10,NULL),(166,2,'JDX','tel-number',7,NULL),(167,4,'SKP','tel-number',4,NULL),(168,2,'VEK','tel-number',3,NULL),(169,3,'IRZ','tel-number',7,NULL),(170,4,'HOZ','tel-number',3,NULL),(171,3,'MTG','tel-number',0,NULL),(172,1,'PUH','tel-number',10,NULL),(173,3,'WWY','tel-number',4,NULL),(174,3,'KWQ','tel-number',9,NULL),(175,3,'WBQ','tel-number',2,NULL),(176,3,'PTG','tel-number',4,NULL),(177,4,'TWP','tel-number',7,NULL),(178,3,'CAA','tel-number',8,NULL),(179,2,'LUL','tel-number',2,NULL),(180,4,'OYI','tel-number',10,NULL),(181,3,'MLC','tel-number',1,NULL),(182,3,'GUN','tel-number',8,NULL),(183,4,'OBE','tel-number',3,NULL),(184,4,'VHP','tel-number',2,NULL),(185,2,'GHP','tel-number',7,NULL),(186,4,'PQT','tel-number',5,NULL),(187,4,'GWS','tel-number',10,NULL),(188,2,'WJQ','tel-number',2,NULL),(189,4,'CDE','tel-number',4,NULL),(190,2,'FZG','tel-number',8,NULL),(191,4,'ICO','tel-number',6,NULL),(192,4,'EQV','tel-number',6,NULL),(193,4,'SAT','tel-number',3,NULL),(194,3,'PNI','tel-number',2,NULL),(195,4,'FEJ','tel-number',10,NULL),(196,4,'PHV','tel-number',5,NULL),(197,1,'EUC','tel-number',0,NULL),(198,2,'XGV','tel-number',9,NULL),(199,4,'UBE','tel-number',7,NULL),(200,1,'KVN','tel-number',9,NULL),(201,1,'ULB','tel-number',2,NULL),(202,4,'VLL','tel-number',2,NULL),(203,2,'LRW','tel-number',6,NULL),(204,4,'CXR','tel-number',2,NULL),(205,1,'CAF','tel-number',4,NULL),(206,3,'VCW','tel-number',10,NULL),(207,1,'EDF','tel-number',8,NULL),(208,2,'UDY','tel-number',9,NULL),(209,2,'SRE','tel-number',1,NULL),(210,1,'asdf','asdf',0,'<p>asdf</p>'),(211,1,'asdf','asdf',0,'<p>asdf</p>'),(212,1,'adf','asdf',0,'<p>asdf</p>'),(214,1,'asdf','asdf',0,'<p>asdf</p>'),(215,1,'asdf','asdf',0,'asdfasdf'),(216,1,'asdfasdfasdfasdf','1234',0,'nzsdfhlasukdfhaklejfhldkjfsda'),(217,1,'조선호텔','1012023',0,'조선호텔입니다.'),(218,1,'메리어트','02-123-1234',0,'메리어트 호텔입니다.'),(219,1,'ㅁㄴㅇㄹ','ㅁㄴㅇㄹ',0,'ㅁㄴㅇㄻㄴㅇㄹ'),(220,1,'ㅁㄴㅇㄹ','ㅁㄴㅇㄹ',0,'ㅁㄴㅇㄻㄴㅇㄹ');
/*!40000 ALTER TABLE `hotel` ENABLE KEYS */;
UNLOCK TABLES;

--
-- Table structure for table `hotel_description`
--

DROP TABLE IF EXISTS `hotel_description`;
/*!40101 SET @saved_cs_client     = @@character_set_client */;
/*!50503 SET character_set_client = utf8mb4 */;
CREATE TABLE `hotel_description` (
  `hotel_id` int NOT NULL,
  `swimming_pool` tinyint NOT NULL DEFAULT '0',
  `parking` tinyint NOT NULL DEFAULT '0',
  `restaurant` tinyint NOT NULL DEFAULT '0',
  `smoking` tinyint NOT NULL DEFAULT '0',
  `laundry_facilities` tinyint NOT NULL DEFAULT '0',
  `fitness_center` tinyint NOT NULL DEFAULT '0',
  PRIMARY KEY (`hotel_id`),
  CONSTRAINT `hotel_description_hotel_fkey` FOREIGN KEY (`hotel_id`) REFERENCES `hotel` (`id`) ON DELETE CASCADE ON UPDATE CASCADE
) ENGINE=InnoDB DEFAULT CHARSET=utf8mb4 COLLATE=utf8mb4_0900_ai_ci;
/*!40101 SET character_set_client = @saved_cs_client */;

--
-- Dumping data for table `hotel_description`
--

LOCK TABLES `hotel_description` WRITE;
/*!40000 ALTER TABLE `hotel_description` DISABLE KEYS */;
INSERT INTO `hotel_description` VALUES (1,0,1,1,0,1,0),(2,1,0,1,0,1,1),(3,0,0,0,0,0,0),(6,1,1,1,1,1,1),(7,0,1,0,1,1,0),(8,0,1,0,0,0,1),(9,0,1,0,0,1,1),(10,0,0,0,1,1,0),(11,0,0,0,1,1,0),(12,1,1,1,0,0,1),(13,0,1,0,1,0,0),(14,1,0,1,1,0,1),(15,1,0,0,1,0,0),(16,1,0,0,1,1,0),(17,0,0,1,1,0,0),(18,1,1,1,1,0,1),(19,1,1,0,1,1,1),(20,0,1,0,1,1,1),(21,0,0,1,1,1,0),(22,1,0,1,1,1,0),(23,0,0,1,0,0,0),(25,0,0,1,1,1,1),(26,0,0,1,1,0,1),(27,0,1,1,0,1,1),(28,1,0,0,1,0,0),(29,1,0,0,0,1,1),(31,0,1,0,1,0,0),(33,0,1,1,1,1,1),(37,0,0,0,1,1,0),(38,0,1,0,1,0,1),(39,0,0,1,1,1,0),(41,0,1,0,1,0,0),(42,1,1,0,0,1,1),(44,0,0,1,1,0,1),(45,1,0,1,0,1,0),(46,1,1,1,0,1,1),(47,0,1,1,0,1,0),(48,0,0,0,0,0,1),(49,1,0,1,0,0,1),(50,0,0,1,0,1,0),(51,1,1,0,1,0,1),(52,0,1,1,0,0,0),(53,0,1,1,1,1,0),(54,0,0,0,1,1,0),(55,0,1,1,0,1,0),(56,0,0,1,0,1,1),(57,0,1,0,1,0,1),(58,0,1,0,0,1,1),(59,0,1,0,1,0,0),(60,0,1,1,0,0,1),(62,1,0,1,1,0,1),(63,1,0,1,1,0,0),(64,1,1,0,0,1,0),(65,1,0,1,0,0,1),(66,1,0,0,0,0,0),(67,0,1,1,0,0,0),(68,0,0,0,0,1,0),(69,0,0,0,0,0,1),(70,0,0,1,1,1,1),(71,1,1,0,0,0,0),(74,0,0,1,0,1,1),(75,1,0,0,0,1,1),(76,0,0,1,0,1,0),(77,0,1,0,1,0,1),(79,1,0,1,1,1,0),(80,1,1,1,0,1,1),(81,0,1,1,1,0,1),(83,1,0,0,0,1,1),(84,0,0,1,1,0,1),(85,1,0,0,0,0,1),(87,1,1,1,0,1,1),(88,0,1,0,1,1,0),(89,1,0,1,0,0,0),(90,1,0,0,0,0,0),(91,1,0,1,1,0,1),(92,0,1,0,1,0,0),(93,0,0,0,0,0,0),(94,1,1,1,0,1,0),(95,1,0,0,1,0,0),(96,0,0,1,0,0,0),(97,1,1,1,0,0,0),(98,0,1,1,0,0,1),(99,0,0,0,0,1,1),(101,1,0,1,1,1,1),(102,0,0,0,1,1,1),(103,1,0,0,0,0,1),(104,1,0,0,0,1,1),(105,1,0,1,1,1,1),(106,1,1,1,0,0,1),(107,0,0,1,0,1,0),(108,1,0,0,1,1,1),(109,0,1,1,1,0,0),(110,1,0,1,0,0,0),(111,1,1,0,1,1,0),(112,0,1,1,1,1,0),(113,1,1,0,1,0,0),(114,1,1,0,1,1,1),(115,0,1,1,0,1,1),(116,1,0,0,0,1,1),(117,1,1,1,1,1,0),(118,1,1,0,0,0,1),(119,1,0,0,1,0,1),(120,0,1,0,1,1,0),(121,0,1,0,1,1,1),(122,1,1,0,0,0,1),(123,1,0,0,0,1,1),(124,1,0,1,1,0,0),(125,1,1,0,0,1,0),(126,0,1,0,0,1,1),(127,1,0,1,1,0,1),(128,1,0,0,1,0,0),(130,0,1,1,0,0,1),(131,0,0,1,1,0,0),(132,1,1,0,0,0,1),(133,0,0,1,0,0,1),(134,1,1,1,1,0,1),(135,0,0,1,1,0,0),(136,0,1,0,0,1,0),(137,1,1,1,0,0,1),(138,0,0,0,1,1,0),(139,0,0,0,0,1,1),(140,0,0,0,0,1,1),(141,1,0,0,0,0,1),(142,0,0,0,1,1,0),(144,0,1,1,0,0,0),(145,0,0,1,0,1,1),(146,0,1,1,1,1,1),(147,0,1,1,0,0,0),(148,0,0,0,1,1,0),(149,0,0,0,0,0,1),(150,0,1,1,1,0,0),(152,1,0,1,1,1,0),(153,1,1,1,1,0,1),(155,1,0,0,1,0,1),(156,0,0,1,0,0,1),(157,0,1,1,1,0,1),(158,0,1,0,0,1,0),(159,1,1,0,1,1,0),(160,1,1,1,0,1,1),(161,1,1,1,1,1,1),(162,1,1,0,1,1,1),(163,0,1,1,0,1,1),(164,0,1,1,0,1,1),(166,1,0,1,1,0,0),(167,0,0,1,1,0,1),(168,0,1,1,1,0,0),(169,1,0,0,0,0,1),(172,0,1,1,1,1,1),(173,1,0,0,0,1,0),(174,0,0,1,0,0,0),(175,0,0,0,0,0,0),(176,0,0,0,1,1,0),(177,1,0,1,0,1,0),(178,0,1,0,1,1,1),(179,0,0,0,0,1,0),(180,1,0,1,0,0,1),(181,0,1,0,0,1,1),(182,0,1,0,1,1,0),(183,1,0,0,0,0,0),(184,1,1,0,1,1,0),(185,0,0,1,0,1,1),(186,0,0,0,0,1,1),(187,0,1,1,0,1,1),(188,1,1,1,0,1,1),(189,0,0,0,1,0,1),(190,1,0,1,1,0,0),(191,1,0,0,0,1,0),(192,0,1,1,0,0,0),(193,0,0,0,0,0,1),(194,1,1,0,1,0,1),(195,1,0,0,1,1,0),(196,0,0,0,0,0,1),(198,1,1,1,1,0,0),(199,0,1,1,0,0,1),(200,1,1,1,1,0,1),(204,1,0,1,0,0,1),(205,0,1,1,1,1,0),(206,0,0,1,1,0,0),(207,1,1,1,1,1,1),(208,1,1,1,1,1,0),(209,0,0,0,1,1,1),(214,1,1,0,0,0,0),(215,1,1,0,0,0,0),(216,0,0,0,0,0,0),(217,1,1,1,1,1,1),(220,0,1,0,0,0,0);
/*!40000 ALTER TABLE `hotel_description` ENABLE KEYS */;
UNLOCK TABLES;

--
-- Table structure for table `img`
--

DROP TABLE IF EXISTS `img`;
/*!40101 SET @saved_cs_client     = @@character_set_client */;
/*!50503 SET character_set_client = utf8mb4 */;
CREATE TABLE `img` (
  `id` int NOT NULL AUTO_INCREMENT,
  `filepath` longtext NOT NULL,
  `filename` longtext NOT NULL,
  `hotel_id` int DEFAULT NULL,
  `room_id` int DEFAULT NULL,
  `review_id` int DEFAULT NULL,
  PRIMARY KEY (`id`),
  KEY `img_hotel_id_idx` (`hotel_id`),
  KEY `img_room_id_idx` (`room_id`),
  KEY `img_review_id_idx` (`review_id`),
  CONSTRAINT `img_hotel_id` FOREIGN KEY (`hotel_id`) REFERENCES `hotel` (`id`) ON DELETE CASCADE ON UPDATE CASCADE,
  CONSTRAINT `img_review_id` FOREIGN KEY (`review_id`) REFERENCES `review` (`id`) ON DELETE CASCADE ON UPDATE CASCADE,
  CONSTRAINT `img_room_id` FOREIGN KEY (`room_id`) REFERENCES `room` (`id`) ON DELETE CASCADE ON UPDATE CASCADE
) ENGINE=InnoDB AUTO_INCREMENT=16 DEFAULT CHARSET=utf8mb4 COLLATE=utf8mb4_0900_ai_ci;
/*!40101 SET character_set_client = @saved_cs_client */;

--
-- Dumping data for table `img`
--

LOCK TABLES `img` WRITE;
/*!40000 ALTER TABLE `img` DISABLE KEYS */;
INSERT INTO `img` VALUES (4,'room','9a5c190c-c5c6-4482-9116-7345705cb865.png',NULL,74,NULL),(6,'room','62951b99-238f-42b1-a455-aca7ad00d7da.png',NULL,74,NULL),(8,'room','a0e296d7-0104-4ecd-ac99-996fc41687ce.jpg',NULL,78,NULL),(9,'room','82387ec7-22f6-403e-bffe-6e2283394060.png',NULL,18,NULL),(10,'room','289515be-859c-467b-a68a-4e8b1532f445.png',NULL,1071,NULL),(11,'hotel','847dcfb9-7a41-4e7d-87b4-2946335b701c.png',NULL,215,NULL),(12,'hotel','fc48ea0b-68d8-4aec-b229-2b68c7e94d42.png',NULL,216,NULL),(13,'hotel','ea47066a-0331-4b47-827b-2f6676202538.jpg',217,NULL,NULL),(14,'hotel','e1633e72-02af-45f3-b16f-a6bf7a63d086.jpg',217,NULL,NULL),(15,'hotel','1dfe9208-7e3b-492d-bea7-a7baa8417ea6.png',220,NULL,NULL);
/*!40000 ALTER TABLE `img` ENABLE KEYS */;
UNLOCK TABLES;

--
-- Table structure for table `location`
--

DROP TABLE IF EXISTS `location`;
/*!40101 SET @saved_cs_client     = @@character_set_client */;
/*!50503 SET character_set_client = utf8mb4 */;
CREATE TABLE `location` (
  `hotel_id` int NOT NULL,
  `address` varchar(100) NOT NULL,
  `sido` varchar(45) NOT NULL,
  `sigungu` varchar(45) NOT NULL,
  `buildingName` text NOT NULL,
  `zonecode` varchar(45) NOT NULL,
  PRIMARY KEY (`hotel_id`),
  CONSTRAINT `location_hotel_fkey` FOREIGN KEY (`hotel_id`) REFERENCES `hotel` (`id`) ON DELETE CASCADE ON UPDATE CASCADE
) ENGINE=InnoDB DEFAULT CHARSET=utf8mb4 COLLATE=utf8mb4_0900_ai_ci;
/*!40101 SET character_set_client = @saved_cs_client */;

--
-- Dumping data for table `location`
--

LOCK TABLES `location` WRITE;
/*!40000 ALTER TABLE `location` DISABLE KEYS */;
INSERT INTO `location` VALUES (1,'서울 서초구 서초대로74길 33','서울','서초구','비트빌','06621'),(2,'서울 강남구 강남대로 328','서울','강남구','강남역 쉐르빌','06252'),(3,'서울 관악구 관악로 1','서울','관악구','서울대학교','08826'),(6,'전남 고흥군 영남면 사도진해안길 1','전남','고흥군','','59520'),(7,'서울 서초구 매헌로 지하 116','서울','서초구','양재시민의숲역(매헌역)','06774'),(8,'충북 청주시 청원구 북이면 충청내륙로 1104','충북','청주시 청원구','28136',''),(9,'부산 해운대구 동백로 67','부산','해운대구','48100','(주)조선호텔앤리조트 부산'),(10,'전북특별자치도 순창군 순창읍 광주대구고속도로 28','전북특별자치도','순창군','56048','휴게소'),(11,'대구 군위군 군위읍 개봉길 23-72','대구','군위군','43109',''),(12,'인천 강화군 강화읍 갑룡길 3','인천','강화군','23036',''),(13,'광주 광산구 고봉로 274-37','광주','광산구','62394',''),(14,'대전 대덕구 갑천도시고속도로 336','대전','대덕구','34303',''),(15,'대구 수성구 고모로 31','대구','수성구','42260',''),(16,'울산 남구 신여천로 2','울산','남구','44782','SK(주)'),(17,'세종특별자치시 금송로 625','세종특별자치시','','30065',''),(18,'경기 여주시 가업길 12','경기','여주시','12645',''),(19,'강원특별자치도 고성군 간성읍 가마골길 3','강원특별자치도','고성군','24741',''),(20,'강원특별자치도 강릉시 가작로 13','강원특별자치도','강릉시','25508',''),(21,'충북 단양군 가곡면 가대궁골1길 지하 1','충북','단양군','27021',''),(22,'충남 논산시 가야곡면 가야공단길 4','충남','논산시','33020',''),(23,'경기 여주시 금사면 전북1길 4-5','경기','여주시','12601','전북리회관'),(24,'전북특별자치도 임실군 강진면 갈담1길 1','전북특별자치도','임실군','55939','명성 오토바이'),(25,'전남 순천시 가곡길 2','전남','순천시','57923','민서유통'),(26,'경북 안동시 강남7길 12','경북','안동시','36751',''),(27,'전남 강진군 강진읍 강진덕동길 15-107','전남','강진군','59248',''),(28,'경남 밀양시 가곡강변로 9','경남','밀양시','50445',''),(29,'제주특별자치도 서귀포시 가가로 14','제주특별자치도','서귀포시','63534',''),(30,'경기 성남시 분당구 고기로 25','경기','성남시 분당구','13547',''),(31,'경기 고양시 덕양구 일영로 241-41','경기','고양시 덕양구','10574',''),(32,'경기 고양시 일산서구 고양대로 110','경기','고양시 일산서구','10425','일산자동차공업사'),(33,'경남 김해시 가락대로 945','경남','김해시','51021','가야사'),(34,'전남 광양시 광양읍 율촌포스코미래로 56','전남','광양시','57765',''),(35,'강원특별자치도 속초시 골말길 112','강원특별자치도','속초시','24904','청룡사'),(36,'세종특별자치시 수목원로 94','세종특별자치시','','30106','반다비 빙상장'),(37,'제주특별자치도 서귀포시 대정읍 대한로 632','제주특별자치도','서귀포시','63503',''),(38,'강원특별자치도 양양군 강현면 강선골안길 12-3','강원특별자치도','양양군','25000',''),(39,'경기 가평군 가평읍 가랫골길 1','경기','가평군','12427',''),(40,'경기 수원시 권선구 경수대로 88','경기','수원시 권선구','16666','마중광장'),(41,'충북 단양군 매포읍 안동길 62','충북','단양군','27003',''),(42,'경북 안동시 감나무길 5','경북','안동시','36645',''),(43,'전북특별자치도 전주시 덕진구 가련산로 5','전북특별자치도','전주시 덕진구','54891',''),(44,'경기 성남시 분당구 용인서울고속도로 88','경기','성남시 분당구','13544','판교터널 관리사무소'),(45,'서울 용산구 남산공원길 123','서울','용산구','04340',''),(46,'서울 용산구 녹사평대로 132','서울','용산구','04390',''),(47,'충북 청주시 상당구 가덕면 가덕시동길 10','충북','청주시 상당구','28204',''),(48,'서울 강남구 광평로 144','서울','강남구','06362','서울시립 수서청소년수련원'),(49,'대구 동구 안심뉴타운로 22','대구','동구','41128',''),(50,'전남 고흥군 고흥읍 간천길 31-1','전남','고흥군','59532',''),(51,'경기 성남시 분당구 서판교로 164','경기','성남시 분당구','13473','훼미리프라자'),(52,'전남 순천시 가곡길 3','전남','순천시','57923','사무실'),(53,'경남 통영시 가죽고랑1길 5','경남','통영시','53062','우정상회'),(54,'경남 거제시 거제면 거제남서로 3215-3','경남','거제시','53286',''),(55,'서울 중구 충무로 11','서울','중구','04554','충무로119안전센터'),(56,'전남 나주시 가마태길 2-1','전남','나주시','58272','우정슈퍼'),(57,'경기 연천군 청산면 순욱길 25-76','경기','연천군','11022','양지ENC'),(220,'서울 강북구 월계로 59','서울','강북구','강북경찰서 교통정보센터','01237');
/*!40000 ALTER TABLE `location` ENABLE KEYS */;
UNLOCK TABLES;

--
-- Table structure for table `location_info`
--

DROP TABLE IF EXISTS `location_info`;
/*!40101 SET @saved_cs_client     = @@character_set_client */;
/*!50503 SET character_set_client = utf8mb4 */;
CREATE TABLE `location_info` (
  `sido` varchar(45) DEFAULT NULL,
  `sigungu` varchar(45) DEFAULT NULL
) ENGINE=InnoDB DEFAULT CHARSET=utf8mb4 COLLATE=utf8mb4_0900_ai_ci;
/*!40101 SET character_set_client = @saved_cs_client */;

--
-- Dumping data for table `location_info`
--

LOCK TABLES `location_info` WRITE;
/*!40000 ALTER TABLE `location_info` DISABLE KEYS */;
INSERT INTO `location_info` VALUES ('시도','시군구'),('서울특별시',''),('서울특별시','종로구'),('서울특별시','중구'),('서울특별시','용산구'),('서울특별시','성동구'),('서울특별시','광진구'),('서울특별시','동대문구'),('서울특별시','중랑구'),('서울특별시','성북구'),('서울특별시','강북구'),('서울특별시','도봉구'),('서울특별시','노원구'),('서울특별시','은평구'),('서울특별시','서대문구'),('서울특별시','마포구'),('서울특별시','양천구'),('서울특별시','강서구'),('서울특별시','구로구'),('서울특별시','금천구'),('서울특별시','영등포구'),('서울특별시','동작구'),('서울특별시','관악구'),('서울특별시','서초구'),('서울특별시','강남구'),('서울특별시','송파구'),('서울특별시','강동구'),('부산직할시',''),('부산직할시','중구'),('부산직할시','서구'),('부산직할시','동구'),('부산직할시','영도구'),('부산직할시','부산진구'),('부산직할시','동래구'),('부산직할시','남구'),('부산직할시','북구'),('부산직할시','해운대구'),('부산직할시','사하구'),('부산직할시','금정구'),('부산직할시','강서구'),('대구직할시',''),('대구직할시','중구'),('대구직할시','동구'),('대구직할시','서구'),('대구직할시','남구'),('대구직할시','북구'),('대구직할시','수성구'),('대구직할시','달서구'),('인천직할시',''),('인천직할시','중구'),('인천직할시','동구'),('인천직할시','남구'),('인천직할시','남동구'),('인천직할시','북구'),('인천직할시','서구'),('광주직할시',''),('광주직할시','동구'),('광주직할시','서구'),('광주직할시','북구'),('광주직할시','광산구'),('대전직할시',''),('대전직할시','동구'),('대전직할시','중구'),('대전직할시','서구'),('대전직할시','유성구'),('대전직할시','대덕구'),('부산광역시',''),('부산광역시','중구'),('부산광역시','서구'),('부산광역시','동구'),('부산광역시','영도구'),('부산광역시','부산진구'),('부산광역시','동래구'),('부산광역시','남구'),('부산광역시','북구'),('부산광역시','해운대구'),('부산광역시','사하구'),('부산광역시','금정구'),('부산광역시','강서구'),('부산광역시','연제구'),('부산광역시','수영구'),('부산광역시','사상구'),('부산광역시','기장군'),('대구광역시',''),('대구광역시','중구'),('대구광역시','동구'),('대구광역시','서구'),('대구광역시','남구'),('대구광역시','북구'),('대구광역시','수성구'),('대구광역시','달서구'),('대구광역시','달성군'),('대구광역시','군위군'),('인천광역시',''),('인천광역시','중구'),('인천광역시','동구'),('인천광역시','남구'),('인천광역시','미추홀구'),('인천광역시','연수구'),('인천광역시','남동구'),('인천광역시','북구'),('인천광역시','부평구'),('인천광역시','계양구'),('인천광역시','서구'),('인천광역시','강화군'),('인천광역시','옹진군'),('광주광역시',''),('광주광역시','동구'),('광주광역시','서구'),('광주광역시','남구'),('광주광역시','북구'),('광주광역시','광산구'),('대전광역시',''),('대전광역시','동구'),('대전광역시','중구'),('대전광역시','서구'),('대전광역시','유성구'),('대전광역시','대덕구'),('울산광역시',''),('울산광역시','중구'),('울산광역시','남구'),('울산광역시','동구'),('울산광역시','북구'),('울산광역시','울주군'),('세종특별자치시',''),('세종특별자치시','반곡동'),('세종특별자치시','소담동'),('세종특별자치시','보람동'),('세종특별자치시','대평동'),('세종특별자치시','가람동'),('세종특별자치시','한솔동'),('세종특별자치시','나성동'),('세종특별자치시','새롬동'),('세종특별자치시','다정동'),('세종특별자치시','어진동'),('세종특별자치시','종촌동'),('세종특별자치시','고운동'),('세종특별자치시','아름동'),('세종특별자치시','도담동'),('세종특별자치시','산울동'),('세종특별자치시','해밀동'),('세종특별자치시','합강동'),('세종특별자치시','집현동'),('세종특별자치시','세종동'),('세종특별자치시','누리동'),('세종특별자치시','한별동'),('세종특별자치시','다솜동'),('세종특별자치시','용호동'),('세종특별자치시','조치원읍'),('세종특별자치시','연기면'),('세종특별자치시','연동면'),('세종특별자치시','부강면'),('세종특별자치시','금남면'),('세종특별자치시','장군면'),('세종특별자치시','연서면'),('세종특별자치시','전의면'),('세종특별자치시','전동면'),('세종특별자치시','소정면'),('경기도',''),('경기도','인천시'),('경기도','부천군'),('경기도','수원시'),('경기도','성남시'),('경기도','의정부시'),('경기도','안양시'),('경기도','부천시'),('경기도','광명시'),('경기도','평택시'),('경기도','송탄시'),('경기도','동두천시'),('경기도','안산시'),('경기도','고양시'),('경기도','과천시'),('경기도','구리시'),('경기도','미금시'),('경기도','남양주시'),('경기도','오산시'),('경기도','시흥시'),('경기도','군포시'),('경기도','의왕시'),('경기도','하남시'),('경기도','용인시'),('경기도','파주시'),('경기도','이천시'),('경기도','안성시'),('경기도','김포시'),('경기도','화성시'),('경기도','광주시'),('경기도','양주시'),('경기도','포천시'),('경기도','여주시'),('경기도','양주군'),('경기도','남양주군'),('경기도','여주군'),('경기도','평택군'),('경기도','화성군'),('경기도','시흥군'),('경기도','파주군'),('경기도','고양군'),('경기도','광주군'),('경기도','연천군'),('경기도','포천군'),('경기도','가평군'),('경기도','양평군'),('경기도','이천군'),('경기도','용인군'),('경기도','안성군'),('경기도','김포군'),('경기도','강화군'),('경기도','옹진군'),('강원도',''),('강원도','울진군'),('강원도','춘천시'),('강원도','원주시'),('강원도','강릉시'),('강원도','동해시'),('강원도','태백시'),('강원도','속초시'),('강원도','삼척시'),('강원도','춘성군'),('강원도','춘천군'),('강원도','홍천군'),('강원도','횡성군'),('강원도','원성군'),('강원도','원주군'),('강원도','영월군'),('강원도','평창군'),('강원도','정선군'),('강원도','철원군'),('강원도','화천군'),('강원도','양구군'),('강원도','인제군'),('강원도','고성군'),('강원도','양양군'),('강원도','명주군'),('강원도','삼척군'),('충청북도',''),('충청북도','제천군'),('충청북도','청주시'),('충청북도','충주시'),('충청북도','제천시'),('충청북도','청원군'),('충청북도','보은군'),('충청북도','옥천군'),('충청북도','영동군'),('충청북도','증평군'),('충청북도','진천군'),('충청북도','괴산군'),('충청북도','음성군'),('충청북도','중원군'),('충청북도','제원군'),('충청북도','단양군'),('충청남도',''),('충청남도','천안군'),('충청남도','대전시'),('충청남도','천안시'),('충청남도','공주시'),('충청남도','대천시'),('충청남도','보령시'),('충청남도','온양시'),('충청남도','아산시'),('충청남도','서산시'),('충청남도','논산시'),('충청남도','계룡시'),('충청남도','당진시'),('충청남도','금산군'),('충청남도','대덕군'),('충청남도','연기군'),('충청남도','공주군'),('충청남도','논산군'),('충청남도','부여군'),('충청남도','서천군'),('충청남도','보령군'),('충청남도','청양군'),('충청남도','홍성군'),('충청남도','예산군'),('충청남도','서산군'),('충청남도','태안군'),('충청남도','당진군'),('충청남도','아산군'),('충청남도','천원군'),('전라북도',''),('전라북도','금산군'),('전라북도','전주시'),('전라북도','군산시'),('전라북도','익산시'),('전라북도','이리시'),('전라북도','정주시'),('전라북도','정읍시'),('전라북도','남원시'),('전라북도','김제시'),('전라북도','완주군'),('전라북도','진안군'),('전라북도','무주군'),('전라북도','장수군'),('전라북도','임실군'),('전라북도','남원군'),('전라북도','순창군'),('전라북도','정읍군'),('전라북도','고창군'),('전라북도','부안군'),('전라북도','김제군'),('전라북도','옥구군'),('전라북도','익산군'),('전라남도',''),('전라남도','광주시'),('전라남도','금성시'),('전라남도','송정시'),('전라남도','광산군'),('전라남도','목포시'),('전라남도','여수시'),('전라남도','순천시'),('전라남도','나주시'),('전라남도','여천시'),('전라남도','동광양시'),('전라남도','광양시'),('전라남도','담양군'),('전라남도','곡성군'),('전라남도','구례군'),('전라남도','광양군'),('전라남도','여천군'),('전라남도','승주군'),('전라남도','고흥군'),('전라남도','보성군'),('전라남도','화순군'),('전라남도','장흥군'),('전라남도','강진군'),('전라남도','해남군'),('전라남도','영암군'),('전라남도','무안군'),('전라남도','나주군'),('전라남도','함평군'),('전라남도','영광군'),('전라남도','장성군'),('전라남도','완도군'),('전라남도','진도군'),('전라남도','신안군'),('경상북도',''),('경상북도','대구시'),('경상북도','신안동시'),('경상북도','영주군'),('경상북도','포항시'),('경상북도','경주시'),('경상북도','김천시'),('경상북도','안동시'),('경상북도','구미시'),('경상북도','영주시'),('경상북도','영천시'),('경상북도','상주시'),('경상북도','점촌시'),('경상북도','문경시'),('경상북도','경산시'),('경상북도','달성군'),('경상북도','군위군'),('경상북도','의성군'),('경상북도','안동군'),('경상북도','청송군'),('경상북도','영양군'),('경상북도','영덕군'),('경상북도','영일군'),('경상북도','월성군'),('경상북도','경주군'),('경상북도','영천군'),('경상북도','경산군'),('경상북도','청도군'),('경상북도','고령군'),('경상북도','성주군'),('경상북도','칠곡군'),('경상북도','금릉군'),('경상북도','선산군'),('경상북도','상주군'),('경상북도','문경군'),('경상북도','예천군'),('경상북도','영풍군'),('경상북도','봉화군'),('경상북도','울진군'),('경상북도','울릉군'),('경상남도',''),('경상남도','부산시'),('경상남도','창원군'),('경상남도','울산군'),('경상남도','동래군'),('경상남도','창원시'),('경상남도','울산시'),('경상남도','마산시'),('경상남도','진주시'),('경상남도','진해시'),('경상남도','충무시'),('경상남도','통영시'),('경상남도','삼천포시'),('경상남도','사천시'),('경상남도','김해시'),('경상남도','밀양시'),('경상남도','장승포시'),('경상남도','거제시'),('경상남도','양산시'),('경상남도','진양군'),('경상남도','의령군'),('경상남도','함안군'),('경상남도','창녕군'),('경상남도','밀양군'),('경상남도','양산군'),('경상남도','울주군'),('경상남도','김해군'),('경상남도','의창군'),('경상남도','통영군'),('경상남도','거제군'),('경상남도','고성군'),('경상남도','사천군'),('경상남도','남해군'),('경상남도','하동군'),('경상남도','산청군'),('경상남도','함양군'),('경상남도','거창군'),('경상남도','합천군'),('제주도',''),('제주도','제주시'),('제주도','서귀포시'),('제주도','북제주군'),('제주도','남제주군'),('제주특별자치도',''),('제주특별자치도','제주시'),('제주특별자치도','서귀포시'),('강원특별자치도',''),('강원특별자치도','춘천시'),('강원특별자치도','원주시'),('강원특별자치도','강릉시'),('강원특별자치도','동해시'),('강원특별자치도','태백시'),('강원특별자치도','속초시'),('강원특별자치도','삼척시'),('강원특별자치도','홍천군'),('강원특별자치도','횡성군'),('강원특별자치도','영월군'),('강원특별자치도','평창군'),('강원특별자치도','정선군'),('강원특별자치도','철원군'),('강원특별자치도','화천군'),('강원특별자치도','양구군'),('강원특별자치도','인제군'),('강원특별자치도','고성군'),('강원특별자치도','양양군'),('전북특별자치도',''),('전북특별자치도','전주시'),('전북특별자치도','군산시'),('전북특별자치도','익산시'),('전북특별자치도','정읍시'),('전북특별자치도','남원시'),('전북특별자치도','김제시'),('전북특별자치도','완주군'),('전북특별자치도','진안군'),('전북특별자치도','무주군'),('전북특별자치도','장수군'),('전북특별자치도','임실군'),('전북특별자치도','순창군'),('전북특별자치도','고창군'),('전북특별자치도','부안군'),('',''),('',''),('',''),('',''),('',''),('',''),('',''),('',''),('',''),('',''),('',''),('',''),('',''),('',''),('',''),('',''),('',''),('',''),('',''),('',''),('',''),('',''),('',''),('',''),('',''),('',''),('',''),('',''),('',''),('',''),('',''),('',''),('',''),('',''),('',''),('',''),('',''),('',''),('',''),('',''),('',''),('',''),('',''),('',''),('',''),('',''),('',''),('',''),('',''),('',''),('',''),('',''),('',''),('',''),('',''),('',''),('',''),('',''),('',''),('',''),('',''),('',''),('',''),('',''),('',''),('',''),('',''),('',''),('',''),('',''),('',''),('',''),('',''),('',''),('',''),('',''),('',''),('',''),('',''),('',''),('',''),('',''),('',''),('',''),('',''),('',''),('',''),('',''),('',''),('',''),('',''),('',''),('',''),('',''),('',''),('',''),('',''),('',''),('',''),('',''),('',''),('',''),('',''),('',''),('',''),('',''),('',''),('',''),('',''),('',''),('',''),('',''),('',''),('',''),('',''),('',''),('',''),('',''),('',''),('',''),('',''),('',''),('',''),('',''),('',''),('',''),('',''),('',''),('',''),('',''),('',''),('',''),('',''),('',''),('',''),('',''),('',''),('',''),('',''),('',''),('',''),('',''),('',''),('',''),('',''),('',''),('',''),('',''),('',''),('',''),('',''),('',''),('',''),('',''),('',''),('',''),('',''),('',''),('',''),('',''),('',''),('',''),('',''),('',''),('',''),('',''),('',''),('',''),('',''),('',''),('',''),('',''),('',''),('',''),('',''),('',''),('',''),('',''),('',''),('',''),('',''),('',''),('',''),('',''),('',''),('',''),('',''),('',''),('',''),('',''),('',''),('',''),('',''),('',''),('',''),('',''),('',''),('',''),('',''),('',''),('',''),('',''),('',''),('',''),('',''),('',''),('',''),('',''),('',''),('',''),('',''),('',''),('',''),('',''),('',''),('',''),('',''),('',''),('',''),('',''),('',''),('',''),('',''),('',''),('',''),('',''),('',''),('',''),('',''),('',''),('',''),('',''),('',''),('',''),('',''),('',''),('',''),('',''),('',''),('',''),('',''),('',''),('',''),('',''),('',''),('',''),('',''),('',''),('',''),('',''),('',''),('',''),('',''),('',''),('',''),('',''),('',''),('',''),('',''),('',''),('',''),('',''),('',''),('',''),('',''),('',''),('',''),('',''),('',''),('',''),('',''),('',''),('',''),('',''),('',''),('',''),('',''),('',''),('',''),('',''),('',''),('',''),('',''),('',''),('',''),('',''),('',''),('',''),('',''),('',''),('',''),('',''),('',''),('',''),('',''),('',''),('',''),('',''),('',''),('',''),('',''),('',''),('',''),('',''),('',''),('',''),('',''),('',''),('',''),('',''),('',''),('',''),('',''),('',''),('',''),('',''),('',''),('',''),('',''),('',''),('',''),('',''),('',''),('',''),('',''),('',''),('',''),('',''),('',''),('',''),('',''),('',''),('',''),('',''),('',''),('',''),('',''),('',''),('',''),('',''),('',''),('',''),('',''),('',''),('',''),('',''),('',''),('',''),('',''),('',''),('',''),('',''),('',''),('',''),('',''),('',''),('',''),('',''),('',''),('',''),('',''),('',''),('',''),('',''),('',''),('',''),('',''),('',''),('',''),('',''),('',''),('',''),('',''),('',''),('',''),('',''),('',''),('',''),('',''),('',''),('',''),('',''),('',''),('',''),('',''),('',''),('',''),('',''),('',''),('',''),('',''),('',''),('',''),('',''),('',''),('',''),('',''),('',''),('',''),('',''),('',''),('',''),('',''),('',''),('',''),('',''),('',''),('',''),('',''),('',''),('',''),('',''),('',''),('',''),('',''),('',''),('',''),('',''),('',''),('',''),('',''),('',''),('',''),('',''),('',''),('',''),('',''),('',''),('',''),('',''),('',''),('',''),('',''),('',''),('',''),('',''),('',''),('',''),('',''),('',''),('',''),('',''),('',''),('',''),('',''),('',''),('',''),('',''),('',''),('',''),('',''),('',''),('',''),('',''),('',''),('',''),('',''),('',''),('',''),('',''),('',''),('',''),('',''),('',''),('',''),('',''),('',''),('',''),('',''),('',''),('',''),('',''),('',''),('',''),('',''),('',''),('',''),('',''),('',''),('',''),('',''),('',''),('',''),('',''),('',''),('',''),('',''),('',''),('',''),('',''),('',''),('',''),('',''),('',''),('',''),('',''),('',''),('',''),('',''),('',''),('',''),('',''),('',''),('',''),('',''),('',''),('',''),('',''),('',''),('',''),('',''),('',''),('',''),('',''),('',''),('',''),('',''),('',''),('',''),('',''),('',''),('',''),('',''),('',''),('',''),('',''),('',''),('',''),('',''),('',''),('',''),('',''),('',''),('',''),('',''),('',''),('',''),('',''),('',''),('',''),('',''),('',''),('',''),('',''),('',''),('',''),('',''),('',''),('',''),('',''),('',''),('',''),('',''),('',''),('',''),('',''),('',''),('',''),('',''),('',''),('',''),('',''),('',''),('',''),('',''),('',''),('',''),('',''),('',''),('',''),('',''),('',''),('',''),('',''),('',''),('',''),('',''),('',''),('',''),('',''),('',''),('',''),('',''),('',''),('',''),('',''),('',''),('',''),('',''),('',''),('',''),('',''),('',''),('',''),('',''),('',''),('',''),('',''),('',''),('',''),('',''),('',''),('',''),('',''),('',''),('',''),('',''),('',''),('',''),('',''),('',''),('',''),('',''),('',''),('',''),('',''),('',''),('',''),('',''),('',''),('',''),('',''),('',''),('',''),('',''),('',''),('',''),('',''),('',''),('',''),('',''),('',''),('',''),('',''),('',''),('',''),('',''),('',''),('',''),('',''),('',''),('',''),('',''),('',''),('',''),('',''),('',''),('',''),('',''),('',''),('',''),('',''),('',''),('',''),('',''),('',''),('',''),('',''),('',''),('',''),('',''),('',''),('',''),('',''),('',''),('',''),('',''),('',''),('',''),('',''),('',''),('',''),('',''),('',''),('',''),('',''),('',''),('',''),('',''),('',''),('',''),('',''),('',''),('',''),('',''),('',''),('',''),('',''),('',''),('',''),('',''),('',''),('',''),('',''),('',''),('',''),('',''),('',''),('',''),('',''),('',''),('',''),('',''),('',''),('',''),('',''),('',''),('',''),('',''),('',''),('',''),('',''),('',''),('',''),('',''),('',''),('',''),('',''),('',''),('',''),('',''),('',''),('',''),('',''),('',''),('',''),('',''),('',''),('',''),('',''),('',''),('',''),('',''),('',''),('',''),('',''),('',''),('',''),('',''),('',''),('',''),('',''),('',''),('',''),('',''),('',''),('',''),('',''),('',''),('',''),('',''),('',''),('',''),('',''),('',''),('',''),('',''),('',''),('',''),('',''),('',''),('',''),('',''),('',''),('',''),('',''),('',''),('',''),('',''),('',''),('',''),('',''),('',''),('',''),('',''),('',''),('',''),('',''),('',''),('',''),('',''),('',''),('',''),('',''),('',''),('',''),('',''),('',''),('',''),('',''),('',''),('',''),('',''),('',''),('',''),('',''),('',''),('',''),('',''),('',''),('',''),('',''),('',''),('',''),('',''),('',''),('',''),('',''),('',''),('',''),('',''),('',''),('',''),('',''),('',''),('',''),('',''),('',''),('',''),('',''),('',''),('',''),('',''),('',''),('',''),('',''),('',''),('',''),('',''),('',''),('',''),('',''),('',''),('',''),('',''),('',''),('',''),('',''),('',''),('',''),('',''),('',''),('',''),('',''),('',''),('',''),('',''),('',''),('',''),('',''),('',''),('',''),('',''),('',''),('',''),('',''),('',''),('',''),('',''),('',''),('',''),('',''),('',''),('',''),('',''),('',''),('',''),('',''),('',''),('',''),('',''),('',''),('',''),('',''),('',''),('',''),('',''),('',''),('',''),('',''),('',''),('',''),('',''),('',''),('',''),('',''),('',''),('',''),('',''),('',''),('',''),('',''),('',''),('',''),('',''),('',''),('',''),('',''),('',''),('',''),('',''),('',''),('',''),('',''),('',''),('',''),('',''),('',''),('',''),('',''),('',''),('',''),('',''),('',''),('',''),('',''),('',''),('',''),('',''),('',''),('',''),('',''),('',''),('',''),('',''),('',''),('',''),('',''),('',''),('',''),('',''),('',''),('',''),('',''),('',''),('',''),('',''),('',''),('',''),('',''),('',''),('',''),('',''),('',''),('',''),('',''),('',''),('',''),('',''),('',''),('',''),('',''),('',''),('',''),('',''),('',''),('',''),('',''),('',''),('',''),('',''),('',''),('',''),('',''),('',''),('',''),('',''),('',''),('',''),('',''),('',''),('',''),('',''),('',''),('',''),('',''),('',''),('',''),('',''),('',''),('',''),('',''),('',''),('',''),('',''),('',''),('',''),('',''),('',''),('',''),('',''),('',''),('',''),('',''),('',''),('',''),('',''),('',''),('',''),('',''),('',''),('',''),('',''),('',''),('',''),('',''),('',''),('',''),('',''),('',''),('',''),('',''),('',''),('',''),('',''),('',''),('',''),('',''),('',''),('',''),('',''),('',''),('',''),('',''),('',''),('',''),('',''),('',''),('',''),('',''),('',''),('',''),('',''),('',''),('',''),('',''),('',''),('',''),('',''),('',''),('',''),('',''),('',''),('',''),('',''),('',''),('',''),('',''),('',''),('',''),('',''),('',''),('',''),('',''),('',''),('',''),('',''),('',''),('',''),('',''),('',''),('',''),('',''),('',''),('',''),('',''),('',''),('',''),('',''),('',''),('',''),('',''),('',''),('',''),('',''),('',''),('',''),('',''),('',''),('',''),('',''),('',''),('',''),('',''),('',''),('',''),('',''),('',''),('',''),('',''),('',''),('',''),('',''),('',''),('',''),('',''),('',''),('',''),('',''),('',''),('',''),('',''),('',''),('',''),('',''),('',''),('',''),('',''),('',''),('',''),('',''),('',''),('',''),('',''),('',''),('',''),('',''),('',''),('',''),('',''),('',''),('',''),('',''),('',''),('',''),('',''),('',''),('',''),('',''),('',''),('',''),('',''),('',''),('',''),('',''),('',''),('',''),('',''),('',''),('',''),('',''),('',''),('',''),('',''),('',''),('',''),('',''),('',''),('',''),('',''),('',''),('',''),('',''),('',''),('',''),('',''),('',''),('',''),('',''),('',''),('',''),('',''),('',''),('',''),('',''),('',''),('',''),('',''),('',''),('',''),('',''),('',''),('',''),('',''),('',''),('',''),('',''),('',''),('',''),('',''),('',''),('',''),('',''),('',''),('',''),('',''),('',''),('',''),('',''),('',''),('',''),('',''),('',''),('',''),('',''),('',''),('',''),('',''),('',''),('',''),('',''),('',''),('',''),('',''),('',''),('',''),('',''),('',''),('',''),('',''),('',''),('',''),('',''),('',''),('',''),('',''),('',''),('',''),('',''),('',''),('',''),('',''),('',''),('',''),('',''),('',''),('',''),('',''),('',''),('',''),('',''),('',''),('',''),('',''),('',''),('',''),('',''),('',''),('',''),('',''),('',''),('',''),('',''),('',''),('',''),('',''),('',''),('',''),('',''),('',''),('',''),('',''),('',''),('',''),('',''),('',''),('',''),('',''),('',''),('',''),('',''),('',''),('',''),('',''),('',''),('',''),('',''),('',''),('',''),('',''),('',''),('',''),('',''),('',''),('',''),('',''),('',''),('',''),('',''),('',''),('',''),('',''),('',''),('',''),('',''),('',''),('',''),('',''),('',''),('',''),('',''),('',''),('',''),('',''),('',''),('',''),('',''),('',''),('',''),('',''),('',''),('',''),('',''),('',''),('',''),('',''),('',''),('',''),('',''),('',''),('',''),('',''),('',''),('',''),('',''),('',''),('',''),('',''),('',''),('',''),('',''),('',''),('',''),('',''),('',''),('',''),('',''),('',''),('',''),('',''),('',''),('',''),('',''),('',''),('',''),('',''),('',''),('',''),('',''),('',''),('',''),('',''),('',''),('',''),('',''),('',''),('',''),('',''),('',''),('',''),('',''),('',''),('',''),('',''),('',''),('',''),('',''),('',''),('',''),('',''),('',''),('',''),('',''),('',''),('',''),('',''),('',''),('',''),('',''),('',''),('',''),('',''),('',''),('',''),('',''),('',''),('',''),('',''),('',''),('',''),('',''),('',''),('',''),('',''),('',''),('',''),('',''),('',''),('',''),('',''),('',''),('',''),('',''),('',''),('',''),('',''),('',''),('',''),('',''),('',''),('',''),('',''),('',''),('',''),('',''),('',''),('',''),('',''),('',''),('',''),('',''),('',''),('',''),('',''),('',''),('',''),('',''),('',''),('',''),('',''),('',''),('',''),('',''),('',''),('',''),('',''),('',''),('',''),('',''),('',''),('',''),('',''),('',''),('',''),('',''),('',''),('',''),('',''),('',''),('',''),('',''),('',''),('',''),('',''),('',''),('',''),('',''),('',''),('',''),('',''),('',''),('',''),('',''),('',''),('',''),('',''),('',''),('',''),('',''),('',''),('',''),('',''),('',''),('',''),('',''),('',''),('',''),('',''),('',''),('',''),('',''),('',''),('',''),('',''),('',''),('',''),('',''),('',''),('',''),('',''),('',''),('',''),('',''),('',''),('',''),('',''),('',''),('',''),('',''),('',''),('',''),('',''),('',''),('',''),('',''),('',''),('',''),('',''),('',''),('',''),('',''),('',''),('',''),('',''),('',''),('',''),('',''),('',''),('',''),('',''),('',''),('',''),('',''),('',''),('',''),('',''),('',''),('',''),('',''),('',''),('',''),('',''),('',''),('',''),('',''),('',''),('',''),('',''),('',''),('',''),('',''),('',''),('',''),('',''),('',''),('',''),('',''),('',''),('',''),('',''),('',''),('',''),('',''),('',''),('',''),('',''),('',''),('',''),('',''),('',''),('',''),('',''),('',''),('',''),('',''),('',''),('',''),('',''),('',''),('',''),('',''),('',''),('',''),('',''),('',''),('',''),('',''),('',''),('',''),('',''),('',''),('',''),('',''),('',''),('',''),('',''),('',''),('',''),('',''),('',''),('',''),('',''),('',''),('',''),('',''),('',''),('',''),('',''),('',''),('',''),('',''),('',''),('',''),('',''),('',''),('',''),('',''),('',''),('',''),('',''),('',''),('',''),('',''),('',''),('',''),('',''),('',''),('',''),('',''),('',''),('',''),('',''),('',''),('',''),('',''),('',''),('',''),('',''),('',''),('',''),('',''),('',''),('',''),('',''),('',''),('',''),('',''),('',''),('',''),('',''),('',''),('',''),('',''),('',''),('',''),('',''),('',''),('',''),('',''),('',''),('',''),('',''),('',''),('',''),('',''),('',''),('',''),('',''),('',''),('',''),('',''),('',''),('',''),('',''),('',''),('',''),('',''),('',''),('',''),('',''),('',''),('',''),('',''),('',''),('',''),('',''),('',''),('',''),('',''),('',''),('',''),('',''),('',''),('',''),('',''),('',''),('',''),('',''),('',''),('',''),('',''),('',''),('',''),('',''),('',''),('',''),('',''),('',''),('',''),('',''),('',''),('',''),('',''),('',''),('',''),('',''),('',''),('',''),('',''),('',''),('',''),('',''),('',''),('',''),('',''),('',''),('',''),('',''),('',''),('',''),('',''),('',''),('',''),('',''),('',''),('',''),('',''),('',''),('',''),('',''),('',''),('',''),('',''),('',''),('',''),('',''),('',''),('',''),('',''),('',''),('',''),('',''),('',''),('',''),('',''),('',''),('',''),('',''),('',''),('',''),('',''),('',''),('',''),('',''),('',''),('',''),('',''),('',''),('',''),('',''),('',''),('',''),('',''),('',''),('',''),('',''),('',''),('',''),('',''),('',''),('',''),('',''),('',''),('',''),('',''),('',''),('',''),('',''),('',''),('',''),('',''),('',''),('',''),('',''),('',''),('',''),('',''),('',''),('',''),('',''),('',''),('',''),('',''),('',''),('',''),('',''),('',''),('',''),('',''),('',''),('',''),('',''),('',''),('',''),('',''),('',''),('',''),('',''),('',''),('',''),('',''),('',''),('',''),('',''),('',''),('',''),('',''),('',''),('',''),('',''),('',''),('',''),('',''),('',''),('',''),('',''),('',''),('',''),('',''),('',''),('',''),('',''),('',''),('',''),('',''),('',''),('',''),('',''),('',''),('',''),('',''),('',''),('',''),('',''),('',''),('',''),('',''),('',''),('',''),('',''),('',''),('',''),('',''),('',''),('',''),('',''),('',''),('',''),('',''),('',''),('',''),('',''),('',''),('',''),('',''),('',''),('',''),('',''),('',''),('',''),('',''),('',''),('',''),('',''),('',''),('',''),('',''),('',''),('',''),('',''),('',''),('',''),('',''),('',''),('',''),('',''),('',''),('',''),('',''),('',''),('',''),('',''),('',''),('',''),('',''),('',''),('',''),('',''),('',''),('',''),('',''),('',''),('',''),('',''),('',''),('',''),('',''),('',''),('',''),('',''),('',''),('',''),('',''),('',''),('',''),('',''),('',''),('',''),('',''),('',''),('',''),('',''),('',''),('',''),('',''),('',''),('',''),('',''),('',''),('',''),('',''),('',''),('',''),('',''),('',''),('',''),('',''),('',''),('',''),('',''),('',''),('',''),('',''),('',''),('',''),('',''),('',''),('',''),('',''),('',''),('',''),('',''),('',''),('',''),('',''),('',''),('',''),('',''),('',''),('',''),('',''),('',''),('',''),('',''),('',''),('',''),('',''),('',''),('',''),('',''),('',''),('',''),('',''),('',''),('',''),('',''),('',''),('',''),('',''),('',''),('',''),('',''),('',''),('',''),('',''),('',''),('',''),('',''),('',''),('',''),('',''),('',''),('',''),('',''),('',''),('',''),('',''),('',''),('',''),('',''),('',''),('',''),('',''),('',''),('',''),('',''),('',''),('',''),('',''),('',''),('',''),('',''),('',''),('',''),('',''),('',''),('',''),('',''),('',''),('',''),('',''),('',''),('',''),('',''),('',''),('',''),('',''),('',''),('',''),('',''),('',''),('',''),('',''),('',''),('',''),('',''),('',''),('',''),('',''),('',''),('',''),('',''),('',''),('',''),('',''),('',''),('',''),('',''),('',''),('',''),('',''),('',''),('',''),('',''),('',''),('',''),('',''),('',''),('',''),('',''),('',''),('',''),('',''),('',''),('',''),('',''),('',''),('',''),('',''),('',''),('',''),('',''),('',''),('',''),('',''),('',''),('',''),('',''),('',''),('',''),('',''),('',''),('',''),('',''),('',''),('',''),('',''),('',''),('',''),('',''),('',''),('',''),('',''),('',''),('',''),('',''),('',''),('',''),('',''),('',''),('',''),('',''),('',''),('',''),('',''),('',''),('',''),('',''),('',''),('',''),('',''),('',''),('',''),('',''),('',''),('',''),('',''),('',''),('',''),('',''),('',''),('',''),('',''),('',''),('',''),('',''),('',''),('',''),('',''),('',''),('',''),('',''),('',''),('',''),('',''),('',''),('',''),('',''),('',''),('',''),('',''),('',''),('',''),('',''),('',''),('',''),('',''),('',''),('',''),('',''),('',''),('',''),('',''),('',''),('',''),('',''),('',''),('',''),('',''),('',''),('',''),('',''),('',''),('',''),('',''),('',''),('',''),('',''),('',''),('',''),('',''),('',''),('',''),('',''),('',''),('',''),('',''),('',''),('',''),('',''),('',''),('',''),('',''),('',''),('',''),('',''),('',''),('',''),('',''),('',''),('',''),('',''),('',''),('',''),('',''),('',''),('',''),('',''),('',''),('',''),('',''),('',''),('',''),('',''),('',''),('',''),('',''),('',''),('',''),('',''),('',''),('',''),('',''),('',''),('',''),('',''),('',''),('',''),('',''),('',''),('',''),('',''),('',''),('',''),('',''),('',''),('',''),('',''),('',''),('',''),('',''),('',''),('',''),('',''),('',''),('',''),('',''),('',''),('',''),('',''),('',''),('',''),('',''),('',''),('',''),('',''),('',''),('',''),('',''),('',''),('',''),('',''),('',''),('',''),('',''),('',''),('',''),('',''),('',''),('',''),('',''),('',''),('',''),('',''),('',''),('',''),('',''),('',''),('',''),('',''),('',''),('',''),('',''),('',''),('',''),('',''),('',''),('',''),('',''),('',''),('',''),('',''),('',''),('',''),('',''),('',''),('',''),('',''),('',''),('',''),('',''),('',''),('',''),('',''),('',''),('',''),('',''),('',''),('',''),('',''),('',''),('',''),('',''),('',''),('',''),('',''),('',''),('',''),('',''),('',''),('',''),('',''),('',''),('',''),('',''),('',''),('',''),('',''),('',''),('',''),('',''),('',''),('',''),('',''),('',''),('',''),('',''),('',''),('',''),('',''),('',''),('',''),('',''),('',''),('',''),('',''),('',''),('',''),('',''),('',''),('',''),('',''),('',''),('',''),('',''),('',''),('',''),('',''),('',''),('',''),('',''),('',''),('',''),('',''),('',''),('',''),('',''),('',''),('',''),('',''),('',''),('',''),('',''),('',''),('',''),('',''),('',''),('',''),('',''),('',''),('',''),('',''),('',''),('',''),('',''),('',''),('',''),('',''),('',''),('',''),('',''),('',''),('',''),('',''),('',''),('',''),('',''),('',''),('',''),('',''),('',''),('',''),('',''),('',''),('',''),('',''),('',''),('',''),('',''),('',''),('',''),('',''),('',''),('',''),('',''),('',''),('',''),('',''),('',''),('',''),('',''),('',''),('',''),('',''),('',''),('',''),('',''),('',''),('',''),('',''),('',''),('',''),('',''),('',''),('',''),('',''),('',''),('',''),('',''),('',''),('',''),('',''),('',''),('',''),('',''),('',''),('',''),('',''),('',''),('',''),('',''),('',''),('',''),('',''),('',''),('',''),('',''),('',''),('',''),('',''),('',''),('',''),('',''),('',''),('',''),('',''),('',''),('',''),('',''),('',''),('',''),('',''),('',''),('',''),('',''),('',''),('',''),('',''),('',''),('',''),('',''),('',''),('',''),('',''),('',''),('',''),('',''),('',''),('',''),('',''),('',''),('',''),('',''),('',''),('',''),('',''),('',''),('',''),('',''),('',''),('',''),('',''),('',''),('',''),('',''),('',''),('',''),('',''),('',''),('',''),('',''),('',''),('',''),('',''),('',''),('',''),('',''),('',''),('',''),('',''),('',''),('',''),('',''),('',''),('',''),('',''),('',''),('',''),('',''),('',''),('',''),('',''),('',''),('',''),('',''),('',''),('',''),('',''),('',''),('',''),('',''),('',''),('',''),('',''),('',''),('',''),('',''),('',''),('',''),('',''),('',''),('',''),('',''),('',''),('',''),('',''),('',''),('',''),('',''),('',''),('',''),('',''),('',''),('',''),('',''),('',''),('',''),('',''),('',''),('',''),('',''),('',''),('',''),('',''),('',''),('',''),('',''),('',''),('',''),('',''),('',''),('',''),('',''),('',''),('',''),('',''),('',''),('',''),('',''),('',''),('',''),('',''),('',''),('',''),('',''),('',''),('',''),('',''),('',''),('',''),('',''),('',''),('',''),('',''),('',''),('',''),('',''),('',''),('',''),('',''),('',''),('',''),('',''),('',''),('',''),('',''),('',''),('',''),('',''),('',''),('',''),('',''),('',''),('',''),('',''),('',''),('',''),('',''),('',''),('',''),('',''),('',''),('',''),('',''),('',''),('',''),('',''),('',''),('',''),('',''),('',''),('',''),('',''),('',''),('',''),('',''),('',''),('',''),('',''),('',''),('',''),('',''),('',''),('',''),('',''),('',''),('',''),('',''),('',''),('',''),('',''),('',''),('',''),('',''),('',''),('',''),('',''),('',''),('',''),('',''),('',''),('',''),('',''),('',''),('',''),('',''),('',''),('',''),('',''),('',''),('',''),('',''),('',''),('',''),('',''),('',''),('',''),('',''),('',''),('',''),('',''),('',''),('',''),('',''),('',''),('',''),('',''),('',''),('',''),('',''),('',''),('',''),('',''),('',''),('',''),('',''),('',''),('',''),('',''),('',''),('',''),('',''),('',''),('',''),('',''),('',''),('',''),('',''),('',''),('',''),('',''),('',''),('',''),('',''),('',''),('',''),('',''),('',''),('',''),('',''),('',''),('',''),('',''),('',''),('',''),('',''),('',''),('',''),('',''),('',''),('',''),('',''),('',''),('',''),('',''),('',''),('',''),('',''),('',''),('',''),('',''),('',''),('',''),('',''),('',''),('',''),('',''),('',''),('',''),('',''),('',''),('',''),('',''),('',''),('',''),('',''),('',''),('',''),('',''),('',''),('',''),('',''),('',''),('',''),('',''),('',''),('',''),('',''),('',''),('',''),('',''),('',''),('',''),('',''),('',''),('',''),('',''),('',''),('',''),('',''),('',''),('',''),('',''),('',''),('',''),('',''),('',''),('',''),('',''),('',''),('',''),('',''),('',''),('',''),('',''),('',''),('',''),('',''),('',''),('',''),('',''),('',''),('',''),('',''),('',''),('',''),('',''),('',''),('',''),('',''),('',''),('',''),('',''),('',''),('',''),('',''),('',''),('',''),('',''),('',''),('',''),('',''),('',''),('',''),('',''),('',''),('',''),('',''),('',''),('',''),('',''),('',''),('',''),('',''),('',''),('',''),('',''),('',''),('',''),('',''),('',''),('',''),('',''),('',''),('',''),('',''),('',''),('',''),('',''),('',''),('',''),('',''),('',''),('',''),('',''),('',''),('',''),('',''),('',''),('',''),('',''),('',''),('',''),('',''),('',''),('',''),('',''),('',''),('',''),('',''),('',''),('',''),('',''),('',''),('',''),('',''),('',''),('',''),('',''),('',''),('',''),('',''),('',''),('',''),('',''),('',''),('',''),('',''),('',''),('',''),('',''),('',''),('',''),('',''),('',''),('',''),('',''),('',''),('',''),('',''),('',''),('',''),('',''),('',''),('',''),('',''),('',''),('',''),('',''),('',''),('',''),('',''),('',''),('',''),('',''),('',''),('',''),('',''),('',''),('',''),('',''),('',''),('',''),('',''),('',''),('',''),('',''),('',''),('',''),('',''),('',''),('',''),('',''),('',''),('',''),('',''),('',''),('',''),('',''),('',''),('',''),('',''),('',''),('',''),('',''),('',''),('',''),('',''),('',''),('',''),('',''),('',''),('',''),('',''),('',''),('',''),('',''),('',''),('',''),('',''),('',''),('',''),('',''),('',''),('',''),('',''),('',''),('',''),('',''),('',''),('',''),('',''),('',''),('',''),('',''),('',''),('',''),('',''),('',''),('',''),('',''),('',''),('',''),('',''),('',''),('',''),('',''),('',''),('',''),('',''),('',''),('',''),('',''),('',''),('',''),('',''),('',''),('',''),('',''),('',''),('',''),('',''),('',''),('',''),('',''),('',''),('',''),('',''),('',''),('',''),('',''),('',''),('',''),('',''),('',''),('',''),('',''),('',''),('',''),('',''),('',''),('',''),('',''),('',''),('',''),('',''),('',''),('',''),('',''),('',''),('',''),('',''),('',''),('',''),('',''),('',''),('',''),('',''),('',''),('',''),('',''),('',''),('',''),('',''),('',''),('',''),('',''),('',''),('',''),('',''),('',''),('',''),('',''),('',''),('',''),('',''),('',''),('',''),('',''),('',''),('',''),('',''),('',''),('',''),('',''),('',''),('',''),('',''),('',''),('',''),('',''),('',''),('',''),('',''),('',''),('',''),('',''),('',''),('',''),('',''),('',''),('',''),('',''),('',''),('',''),('',''),('',''),('',''),('',''),('',''),('',''),('',''),('',''),('',''),('',''),('',''),('',''),('',''),('',''),('',''),('',''),('',''),('',''),('',''),('',''),('',''),('',''),('',''),('',''),('',''),('',''),('',''),('',''),('',''),('',''),('',''),('',''),('',''),('',''),('',''),('',''),('',''),('',''),('',''),('',''),('',''),('',''),('',''),('',''),('',''),('',''),('',''),('',''),('',''),('',''),('',''),('',''),('',''),('',''),('',''),('',''),('',''),('',''),('',''),('',''),('',''),('',''),('',''),('',''),('',''),('',''),('',''),('',''),('',''),('',''),('',''),('',''),('',''),('',''),('',''),('',''),('',''),('',''),('',''),('',''),('',''),('',''),('',''),('',''),('',''),('',''),('',''),('',''),('',''),('',''),('',''),('',''),('',''),('',''),('',''),('',''),('',''),('',''),('',''),('',''),('',''),('',''),('',''),('',''),('',''),('',''),('',''),('',''),('',''),('',''),('',''),('',''),('',''),('',''),('',''),('',''),('',''),('',''),('',''),('',''),('',''),('',''),('',''),('',''),('',''),('',''),('',''),('',''),('',''),('',''),('',''),('',''),('',''),('',''),('',''),('',''),('',''),('',''),('',''),('',''),('',''),('',''),('',''),('',''),('',''),('',''),('',''),('',''),('',''),('',''),('',''),('',''),('',''),('',''),('',''),('',''),('',''),('',''),('',''),('',''),('',''),('',''),('',''),('',''),('',''),('',''),('',''),('',''),('',''),('',''),('',''),('',''),('',''),('',''),('',''),('',''),('',''),('',''),('',''),('',''),('',''),('',''),('',''),('',''),('',''),('',''),('',''),('',''),('',''),('',''),('',''),('',''),('',''),('',''),('',''),('',''),('',''),('',''),('',''),('',''),('',''),('',''),('',''),('',''),('',''),('',''),('',''),('',''),('',''),('',''),('',''),('',''),('',''),('',''),('',''),('',''),('',''),('',''),('',''),('',''),('',''),('',''),('',''),('',''),('',''),('',''),('',''),('',''),('',''),('',''),('',''),('',''),('',''),('',''),('',''),('',''),('',''),('',''),('',''),('',''),('',''),('',''),('',''),('',''),('',''),('',''),('',''),('',''),('',''),('',''),('',''),('',''),('',''),('',''),('',''),('',''),('',''),('',''),('',''),('',''),('',''),('',''),('',''),('',''),('',''),('',''),('',''),('',''),('',''),('',''),('',''),('',''),('',''),('',''),('',''),('',''),('',''),('',''),('',''),('',''),('',''),('',''),('',''),('',''),('',''),('',''),('',''),('',''),('',''),('',''),('',''),('',''),('',''),('',''),('',''),('',''),('',''),('',''),('',''),('',''),('',''),('',''),('',''),('',''),('',''),('',''),('',''),('',''),('',''),('',''),('',''),('',''),('',''),('',''),('',''),('',''),('',''),('',''),('',''),('',''),('',''),('',''),('',''),('',''),('',''),('',''),('',''),('',''),('',''),('',''),('',''),('',''),('',''),('',''),('',''),('',''),('',''),('',''),('',''),('',''),('',''),('',''),('',''),('',''),('',''),('',''),('',''),('',''),('',''),('',''),('',''),('',''),('',''),('',''),('',''),('',''),('',''),('',''),('',''),('',''),('',''),('',''),('',''),('',''),('',''),('',''),('',''),('',''),('',''),('',''),('',''),('',''),('',''),('',''),('',''),('',''),('',''),('',''),('',''),('',''),('',''),('',''),('',''),('',''),('',''),('',''),('',''),('',''),('',''),('',''),('',''),('',''),('',''),('',''),('',''),('',''),('',''),('',''),('',''),('',''),('',''),('',''),('',''),('',''),('',''),('',''),('',''),('',''),('',''),('',''),('',''),('',''),('',''),('',''),('',''),('',''),('',''),('',''),('',''),('',''),('',''),('',''),('',''),('',''),('',''),('',''),('',''),('',''),('',''),('',''),('',''),('',''),('',''),('',''),('',''),('',''),('',''),('',''),('',''),('',''),('',''),('',''),('',''),('',''),('',''),('',''),('',''),('',''),('',''),('',''),('',''),('',''),('',''),('',''),('',''),('',''),('',''),('',''),('',''),('',''),('',''),('',''),('',''),('',''),('',''),('',''),('',''),('',''),('',''),('',''),('',''),('',''),('',''),('',''),('',''),('',''),('',''),('',''),('',''),('',''),('',''),('',''),('',''),('',''),('',''),('',''),('',''),('',''),('',''),('',''),('',''),('',''),('',''),('',''),('',''),('',''),('',''),('',''),('',''),('',''),('',''),('',''),('',''),('',''),('',''),('',''),('',''),('',''),('',''),('',''),('',''),('',''),('',''),('',''),('',''),('',''),('',''),('',''),('',''),('',''),('',''),('',''),('',''),('',''),('',''),('',''),('',''),('',''),('',''),('',''),('',''),('',''),('',''),('',''),('',''),('',''),('',''),('',''),('',''),('',''),('',''),('',''),('',''),('',''),('',''),('',''),('',''),('',''),('',''),('',''),('',''),('',''),('',''),('',''),('',''),('',''),('',''),('',''),('',''),('',''),('',''),('',''),('',''),('',''),('',''),('',''),('',''),('',''),('',''),('',''),('',''),('',''),('',''),('',''),('',''),('',''),('',''),('',''),('',''),('',''),('',''),('',''),('',''),('',''),('',''),('',''),('',''),('',''),('',''),('',''),('',''),('',''),('',''),('',''),('',''),('',''),('',''),('',''),('',''),('',''),('',''),('',''),('',''),('',''),('',''),('',''),('',''),('',''),('',''),('',''),('',''),('',''),('',''),('',''),('',''),('',''),('',''),('',''),('',''),('',''),('',''),('',''),('',''),('',''),('',''),('',''),('',''),('',''),('',''),('',''),('',''),('',''),('',''),('',''),('',''),('',''),('',''),('',''),('',''),('',''),('',''),('',''),('',''),('',''),('',''),('',''),('',''),('',''),('',''),('',''),('',''),('',''),('',''),('',''),('',''),('',''),('',''),('',''),('',''),('',''),('',''),('',''),('',''),('',''),('',''),('',''),('',''),('',''),('',''),('',''),('',''),('',''),('',''),('',''),('',''),('',''),('',''),('',''),('',''),('',''),('',''),('',''),('',''),('',''),('',''),('',''),('',''),('',''),('',''),('',''),('',''),('',''),('',''),('',''),('',''),('',''),('',''),('',''),('',''),('',''),('',''),('',''),('',''),('',''),('',''),('',''),('',''),('',''),('',''),('',''),('',''),('',''),('',''),('',''),('',''),('',''),('',''),('',''),('',''),('',''),('',''),('',''),('',''),('',''),('',''),('',''),('',''),('',''),('',''),('',''),('',''),('',''),('',''),('',''),('',''),('',''),('',''),('',''),('',''),('',''),('',''),('',''),('',''),('',''),('',''),('',''),('',''),('',''),('',''),('',''),('',''),('',''),('',''),('',''),('',''),('',''),('',''),('',''),('',''),('',''),('',''),('',''),('',''),('',''),('',''),('',''),('',''),('',''),('',''),('',''),('',''),('',''),('',''),('',''),('',''),('',''),('',''),('',''),('',''),('',''),('',''),('',''),('',''),('',''),('',''),('',''),('',''),('',''),('',''),('',''),('',''),('',''),('',''),('',''),('',''),('',''),('',''),('',''),('',''),('',''),('',''),('',''),('',''),('',''),('',''),('',''),('',''),('',''),('',''),('',''),('',''),('',''),('',''),('',''),('',''),('',''),('',''),('',''),('',''),('',''),('',''),('',''),('',''),('',''),('',''),('',''),('',''),('',''),('',''),('',''),('',''),('',''),('',''),('',''),('',''),('',''),('',''),('',''),('',''),('',''),('',''),('',''),('',''),('',''),('',''),('',''),('',''),('',''),('',''),('',''),('',''),('',''),('',''),('',''),('',''),('',''),('',''),('',''),('',''),('',''),('',''),('',''),('',''),('',''),('',''),('',''),('',''),('',''),('',''),('',''),('',''),('',''),('',''),('',''),('',''),('',''),('',''),('',''),('',''),('',''),('',''),('',''),('',''),('',''),('',''),('',''),('',''),('',''),('',''),('',''),('',''),('',''),('',''),('',''),('',''),('',''),('',''),('',''),('',''),('',''),('',''),('',''),('',''),('',''),('',''),('',''),('',''),('',''),('',''),('',''),('',''),('',''),('',''),('',''),('',''),('',''),('',''),('',''),('',''),('',''),('',''),('',''),('',''),('',''),('',''),('',''),('',''),('',''),('',''),('',''),('',''),('',''),('',''),('',''),('',''),('',''),('',''),('',''),('',''),('',''),('',''),('',''),('',''),('',''),('',''),('',''),('',''),('',''),('',''),('',''),('',''),('',''),('',''),('',''),('',''),('',''),('',''),('',''),('',''),('',''),('',''),('',''),('',''),('',''),('',''),('',''),('',''),('',''),('',''),('',''),('',''),('',''),('',''),('',''),('',''),('',''),('',''),('',''),('',''),('',''),('',''),('',''),('',''),('',''),('',''),('',''),('',''),('',''),('',''),('',''),('',''),('',''),('',''),('',''),('',''),('',''),('',''),('',''),('',''),('',''),('',''),('',''),('',''),('',''),('',''),('',''),('',''),('',''),('',''),('',''),('',''),('',''),('',''),('',''),('',''),('',''),('',''),('',''),('',''),('',''),('',''),('',''),('',''),('',''),('',''),('',''),('',''),('',''),('',''),('',''),('',''),('',''),('',''),('',''),('',''),('',''),('',''),('',''),('',''),('',''),('',''),('',''),('',''),('',''),('',''),('',''),('',''),('',''),('',''),('',''),('',''),('',''),('',''),('',''),('',''),('',''),('',''),('',''),('',''),('',''),('',''),('',''),('',''),('',''),('',''),('',''),('',''),('',''),('',''),('',''),('',''),('',''),('',''),('',''),('',''),('',''),('',''),('',''),('',''),('',''),('',''),('',''),('',''),('',''),('',''),('',''),('',''),('',''),('',''),('',''),('',''),('',''),('',''),('',''),('',''),('',''),('',''),('',''),('',''),('',''),('',''),('',''),('',''),('',''),('',''),('',''),('',''),('',''),('',''),('',''),('',''),('',''),('',''),('',''),('',''),('',''),('',''),('',''),('',''),('',''),('',''),('',''),('',''),('',''),('',''),('',''),('',''),('',''),('',''),('',''),('',''),('',''),('',''),('',''),('',''),('',''),('',''),('',''),('',''),('',''),('',''),('',''),('',''),('',''),('',''),('',''),('',''),('',''),('',''),('',''),('',''),('',''),('',''),('',''),('',''),('',''),('',''),('',''),('',''),('',''),('',''),('',''),('',''),('',''),('',''),('',''),('',''),('',''),('',''),('',''),('',''),('',''),('',''),('',''),('',''),('',''),('',''),('',''),('',''),('',''),('',''),('',''),('',''),('',''),('',''),('',''),('',''),('',''),('',''),('',''),('',''),('',''),('',''),('',''),('',''),('',''),('',''),('',''),('',''),('',''),('',''),('',''),('',''),('',''),('',''),('',''),('',''),('',''),('',''),('',''),('',''),('',''),('',''),('',''),('',''),('',''),('',''),('',''),('',''),('',''),('',''),('',''),('',''),('',''),('',''),('',''),('',''),('',''),('',''),('',''),('',''),('',''),('',''),('',''),('',''),('',''),('',''),('',''),('',''),('',''),('',''),('',''),('',''),('',''),('',''),('',''),('',''),('',''),('',''),('',''),('',''),('',''),('',''),('',''),('',''),('',''),('',''),('',''),('',''),('',''),('',''),('',''),('',''),('',''),('',''),('',''),('',''),('',''),('',''),('',''),('',''),('',''),('',''),('',''),('',''),('',''),('',''),('',''),('',''),('',''),('',''),('',''),('',''),('',''),('',''),('',''),('',''),('',''),('',''),('',''),('',''),('',''),('',''),('',''),('',''),('',''),('',''),('',''),('',''),('',''),('',''),('',''),('',''),('',''),('',''),('',''),('',''),('',''),('',''),('',''),('',''),('',''),('',''),('',''),('',''),('',''),('',''),('',''),('',''),('',''),('',''),('',''),('',''),('',''),('',''),('',''),('',''),('',''),('',''),('',''),('',''),('',''),('',''),('',''),('',''),('',''),('',''),('',''),('',''),('',''),('',''),('',''),('',''),('',''),('',''),('',''),('',''),('',''),('',''),('',''),('',''),('',''),('',''),('',''),('',''),('',''),('',''),('',''),('',''),('',''),('',''),('',''),('',''),('',''),('',''),('',''),('',''),('',''),('',''),('',''),('',''),('',''),('',''),('',''),('',''),('',''),('',''),('',''),('',''),('',''),('',''),('',''),('',''),('',''),('',''),('',''),('',''),('',''),('',''),('',''),('',''),('',''),('',''),('',''),('',''),('',''),('',''),('',''),('',''),('',''),('',''),('',''),('',''),('',''),('',''),('',''),('',''),('',''),('',''),('',''),('',''),('',''),('',''),('',''),('',''),('',''),('',''),('',''),('',''),('',''),('',''),('',''),('',''),('',''),('',''),('',''),('',''),('',''),('',''),('',''),('',''),('',''),('',''),('',''),('',''),('',''),('',''),('',''),('',''),('',''),('',''),('',''),('',''),('',''),('',''),('',''),('',''),('',''),('',''),('',''),('',''),('',''),('',''),('',''),('',''),('',''),('',''),('',''),('',''),('',''),('',''),('',''),('',''),('',''),('',''),('',''),('',''),('',''),('',''),('',''),('',''),('',''),('',''),('',''),('',''),('',''),('',''),('',''),('',''),('',''),('',''),('',''),('',''),('',''),('',''),('',''),('',''),('',''),('',''),('',''),('',''),('',''),('',''),('',''),('',''),('',''),('',''),('',''),('',''),('',''),('',''),('',''),('',''),('',''),('',''),('',''),('',''),('',''),('',''),('',''),('',''),('',''),('',''),('',''),('',''),('',''),('',''),('',''),('',''),('',''),('',''),('',''),('',''),('',''),('',''),('',''),('',''),('',''),('',''),('',''),('',''),('',''),('',''),('',''),('',''),('',''),('',''),('',''),('',''),('',''),('',''),('',''),('',''),('',''),('',''),('',''),('',''),('',''),('',''),('',''),('',''),('',''),('',''),('',''),('',''),('',''),('',''),('',''),('',''),('',''),('',''),('',''),('',''),('',''),('',''),('',''),('',''),('',''),('',''),('',''),('',''),('',''),('',''),('',''),('',''),('',''),('',''),('',''),('',''),('',''),('',''),('',''),('',''),('',''),('',''),('',''),('',''),('',''),('',''),('',''),('',''),('',''),('',''),('',''),('',''),('',''),('',''),('',''),('',''),('',''),('',''),('',''),('',''),('',''),('',''),('',''),('',''),('',''),('',''),('',''),('',''),('',''),('',''),('',''),('',''),('',''),('',''),('',''),('',''),('',''),('',''),('',''),('',''),('',''),('',''),('',''),('',''),('',''),('',''),('',''),('',''),('',''),('',''),('',''),('',''),('',''),('',''),('',''),('',''),('',''),('',''),('',''),('',''),('',''),('',''),('',''),('',''),('',''),('',''),('',''),('',''),('',''),('',''),('',''),('',''),('',''),('',''),('',''),('',''),('',''),('',''),('',''),('',''),('',''),('',''),('',''),('',''),('',''),('',''),('',''),('',''),('',''),('',''),('',''),('',''),('',''),('',''),('',''),('',''),('',''),('',''),('',''),('',''),('',''),('',''),('',''),('',''),('',''),('',''),('',''),('',''),('',''),('',''),('',''),('',''),('',''),('',''),('',''),('',''),('',''),('',''),('',''),('',''),('',''),('',''),('',''),('',''),('',''),('',''),('',''),('',''),('',''),('',''),('',''),('',''),('',''),('',''),('',''),('',''),('',''),('',''),('',''),('',''),('',''),('',''),('',''),('',''),('',''),('',''),('',''),('',''),('',''),('',''),('',''),('',''),('',''),('',''),('',''),('',''),('',''),('',''),('',''),('',''),('',''),('',''),('',''),('',''),('',''),('',''),('',''),('',''),('',''),('',''),('',''),('',''),('',''),('',''),('',''),('',''),('',''),('',''),('',''),('',''),('',''),('',''),('',''),('',''),('',''),('',''),('',''),('',''),('',''),('',''),('',''),('',''),('',''),('',''),('',''),('',''),('',''),('',''),('',''),('',''),('',''),('',''),('',''),('',''),('',''),('',''),('',''),('',''),('',''),('',''),('',''),('',''),('',''),('',''),('',''),('',''),('',''),('',''),('',''),('',''),('',''),('',''),('',''),('',''),('',''),('',''),('',''),('',''),('',''),('',''),('',''),('',''),('',''),('',''),('',''),('',''),('',''),('',''),('',''),('',''),('',''),('',''),('',''),('',''),('',''),('',''),('',''),('',''),('',''),('',''),('',''),('',''),('',''),('',''),('',''),('',''),('',''),('',''),('',''),('',''),('',''),('',''),('',''),('',''),('',''),('',''),('',''),('',''),('',''),('',''),('',''),('',''),('',''),('',''),('',''),('',''),('',''),('',''),('',''),('',''),('',''),('',''),('',''),('',''),('',''),('',''),('',''),('',''),('',''),('',''),('',''),('',''),('',''),('',''),('',''),('',''),('',''),('',''),('',''),('',''),('',''),('',''),('',''),('',''),('',''),('',''),('',''),('',''),('',''),('',''),('',''),('',''),('',''),('',''),('',''),('',''),('',''),('',''),('',''),('',''),('',''),('',''),('',''),('',''),('',''),('',''),('',''),('',''),('',''),('',''),('',''),('',''),('',''),('',''),('',''),('',''),('',''),('',''),('',''),('',''),('',''),('',''),('',''),('',''),('',''),('',''),('',''),('',''),('',''),('',''),('',''),('',''),('',''),('',''),('',''),('',''),('',''),('',''),('',''),('',''),('',''),('',''),('',''),('',''),('',''),('',''),('',''),('',''),('',''),('',''),('',''),('',''),('',''),('',''),('',''),('',''),('',''),('',''),('',''),('',''),('',''),('',''),('',''),('',''),('',''),('',''),('',''),('',''),('',''),('',''),('',''),('',''),('',''),('',''),('',''),('',''),('',''),('',''),('',''),('',''),('',''),('',''),('',''),('',''),('',''),('',''),('',''),('',''),('',''),('',''),('',''),('',''),('',''),('',''),('',''),('',''),('',''),('',''),('',''),('',''),('',''),('',''),('',''),('',''),('',''),('',''),('',''),('',''),('',''),('',''),('',''),('',''),('',''),('',''),('',''),('',''),('',''),('',''),('',''),('',''),('',''),('',''),('',''),('',''),('',''),('',''),('',''),('',''),('',''),('',''),('',''),('',''),('',''),('',''),('',''),('',''),('',''),('',''),('',''),('',''),('',''),('',''),('',''),('',''),('',''),('',''),('',''),('',''),('',''),('',''),('',''),('',''),('',''),('',''),('',''),('',''),('',''),('',''),('',''),('',''),('',''),('',''),('',''),('',''),('',''),('',''),('',''),('',''),('',''),('',''),('',''),('',''),('',''),('',''),('',''),('',''),('',''),('',''),('',''),('',''),('',''),('',''),('',''),('',''),('',''),('',''),('',''),('',''),('',''),('',''),('',''),('',''),('',''),('',''),('',''),('',''),('',''),('',''),('',''),('',''),('',''),('',''),('',''),('',''),('',''),('',''),('',''),('',''),('',''),('',''),('',''),('',''),('',''),('',''),('',''),('',''),('',''),('',''),('',''),('',''),('',''),('',''),('',''),('',''),('',''),('',''),('',''),('',''),('',''),('',''),('',''),('',''),('',''),('',''),('',''),('',''),('',''),('',''),('',''),('',''),('',''),('',''),('',''),('',''),('',''),('',''),('',''),('',''),('',''),('',''),('',''),('',''),('',''),('',''),('',''),('',''),('',''),('',''),('',''),('',''),('',''),('',''),('',''),('',''),('',''),('',''),('',''),('',''),('',''),('',''),('',''),('',''),('',''),('',''),('',''),('',''),('',''),('',''),('',''),('',''),('',''),('',''),('',''),('',''),('',''),('',''),('',''),('',''),('',''),('',''),('',''),('',''),('',''),('',''),('',''),('',''),('',''),('',''),('',''),('',''),('',''),('',''),('',''),('',''),('',''),('',''),('',''),('',''),('',''),('',''),('',''),('',''),('',''),('',''),('',''),('',''),('',''),('',''),('',''),('',''),('',''),('',''),('',''),('',''),('',''),('',''),('',''),('',''),('',''),('',''),('',''),('',''),('',''),('',''),('',''),('',''),('',''),('',''),('',''),('',''),('',''),('',''),('',''),('',''),('',''),('',''),('',''),('',''),('',''),('',''),('',''),('',''),('',''),('',''),('',''),('',''),('',''),('',''),('',''),('',''),('',''),('',''),('',''),('',''),('',''),('',''),('',''),('',''),('',''),('',''),('',''),('',''),('',''),('',''),('',''),('',''),('',''),('',''),('',''),('',''),('',''),('',''),('',''),('',''),('',''),('',''),('',''),('',''),('',''),('',''),('',''),('',''),('',''),('',''),('',''),('',''),('',''),('',''),('',''),('',''),('',''),('',''),('',''),('',''),('',''),('',''),('',''),('',''),('',''),('',''),('',''),('',''),('',''),('',''),('',''),('',''),('',''),('',''),('',''),('',''),('',''),('',''),('',''),('',''),('',''),('',''),('',''),('',''),('',''),('',''),('',''),('',''),('',''),('',''),('',''),('',''),('',''),('',''),('',''),('',''),('',''),('',''),('',''),('',''),('',''),('',''),('',''),('',''),('',''),('',''),('',''),('',''),('',''),('',''),('',''),('',''),('',''),('',''),('',''),('',''),('',''),('',''),('',''),('',''),('',''),('',''),('',''),('',''),('',''),('',''),('',''),('',''),('',''),('',''),('',''),('',''),('',''),('',''),('',''),('',''),('',''),('',''),('',''),('',''),('',''),('',''),('',''),('',''),('',''),('',''),('',''),('',''),('',''),('',''),('',''),('',''),('',''),('',''),('',''),('',''),('',''),('',''),('',''),('',''),('',''),('',''),('',''),('',''),('',''),('',''),('',''),('',''),('',''),('',''),('',''),('',''),('',''),('',''),('',''),('',''),('',''),('',''),('',''),('',''),('',''),('',''),('',''),('',''),('',''),('',''),('',''),('',''),('',''),('',''),('',''),('',''),('',''),('',''),('',''),('',''),('',''),('',''),('',''),('',''),('',''),('',''),('',''),('',''),('',''),('',''),('',''),('',''),('',''),('',''),('',''),('',''),('',''),('',''),('',''),('',''),('',''),('',''),('',''),('',''),('',''),('',''),('',''),('',''),('',''),('',''),('',''),('',''),('',''),('',''),('',''),('',''),('',''),('',''),('',''),('',''),('',''),('',''),('',''),('',''),('',''),('',''),('',''),('',''),('',''),('',''),('',''),('',''),('',''),('',''),('',''),('',''),('',''),('',''),('',''),('',''),('',''),('',''),('',''),('',''),('',''),('',''),('',''),('',''),('',''),('',''),('',''),('',''),('',''),('',''),('',''),('',''),('',''),('',''),('',''),('',''),('',''),('',''),('',''),('',''),('',''),('',''),('',''),('',''),('',''),('',''),('',''),('',''),('',''),('',''),('',''),('',''),('',''),('',''),('',''),('',''),('',''),('',''),('',''),('',''),('',''),('',''),('',''),('',''),('',''),('',''),('',''),('',''),('',''),('',''),('',''),('',''),('',''),('',''),('',''),('',''),('',''),('',''),('',''),('',''),('',''),('',''),('',''),('',''),('',''),('',''),('',''),('',''),('',''),('',''),('',''),('',''),('',''),('',''),('',''),('',''),('',''),('',''),('',''),('',''),('',''),('',''),('',''),('',''),('',''),('',''),('',''),('',''),('',''),('',''),('',''),('',''),('',''),('',''),('',''),('',''),('',''),('',''),('',''),('',''),('',''),('',''),('',''),('',''),('',''),('',''),('',''),('',''),('',''),('',''),('',''),('',''),('',''),('',''),('',''),('',''),('',''),('',''),('',''),('',''),('',''),('',''),('',''),('',''),('',''),('',''),('',''),('',''),('',''),('',''),('',''),('',''),('',''),('',''),('',''),('',''),('',''),('',''),('',''),('',''),('',''),('',''),('',''),('',''),('',''),('',''),('',''),('',''),('',''),('',''),('',''),('',''),('',''),('',''),('',''),('',''),('',''),('',''),('',''),('',''),('',''),('',''),('',''),('',''),('',''),('',''),('',''),('',''),('',''),('',''),('',''),('',''),('',''),('',''),('',''),('',''),('',''),('',''),('',''),('',''),('',''),('',''),('',''),('',''),('',''),('',''),('',''),('',''),('',''),('',''),('',''),('',''),('',''),('',''),('',''),('',''),('',''),('',''),('',''),('',''),('',''),('',''),('',''),('',''),('',''),('',''),('',''),('',''),('',''),('',''),('',''),('',''),('',''),('',''),('',''),('',''),('',''),('',''),('',''),('',''),('',''),('',''),('',''),('',''),('',''),('',''),('',''),('',''),('',''),('',''),('',''),('',''),('',''),('',''),('',''),('',''),('',''),('',''),('',''),('',''),('',''),('',''),('',''),('',''),('',''),('',''),('',''),('',''),('',''),('',''),('',''),('',''),('',''),('',''),('',''),('',''),('',''),('',''),('',''),('',''),('',''),('',''),('',''),('',''),('',''),('',''),('',''),('',''),('',''),('',''),('',''),('',''),('',''),('',''),('',''),('',''),('',''),('',''),('',''),('',''),('',''),('',''),('',''),('',''),('',''),('',''),('',''),('',''),('',''),('',''),('',''),('',''),('',''),('',''),('',''),('',''),('',''),('',''),('',''),('',''),('',''),('',''),('',''),('',''),('',''),('',''),('',''),('',''),('',''),('',''),('',''),('',''),('',''),('',''),('',''),('',''),('',''),('',''),('',''),('',''),('',''),('',''),('',''),('',''),('',''),('',''),('',''),('',''),('',''),('',''),('',''),('',''),('',''),('',''),('',''),('',''),('',''),('',''),('',''),('',''),('',''),('',''),('',''),('',''),('',''),('',''),('',''),('',''),('',''),('',''),('',''),('',''),('',''),('',''),('',''),('',''),('',''),('',''),('',''),('',''),('',''),('',''),('',''),('',''),('',''),('',''),('',''),('',''),('',''),('',''),('',''),('',''),('',''),('',''),('',''),('',''),('',''),('',''),('',''),('',''),('',''),('',''),('',''),('',''),('',''),('',''),('',''),('',''),('',''),('',''),('',''),('',''),('',''),('',''),('',''),('',''),('',''),('',''),('',''),('',''),('',''),('',''),('',''),('',''),('',''),('',''),('',''),('',''),('',''),('',''),('',''),('',''),('',''),('',''),('',''),('',''),('',''),('',''),('',''),('',''),('',''),('',''),('',''),('',''),('',''),('',''),('',''),('',''),('',''),('',''),('',''),('',''),('',''),('',''),('',''),('',''),('',''),('',''),('',''),('',''),('',''),('',''),('',''),('',''),('',''),('',''),('',''),('',''),('',''),('',''),('',''),('',''),('',''),('',''),('',''),('',''),('',''),('',''),('',''),('',''),('',''),('',''),('',''),('',''),('',''),('',''),('',''),('',''),('',''),('',''),('',''),('',''),('',''),('',''),('',''),('',''),('',''),('',''),('',''),('',''),('',''),('',''),('',''),('',''),('',''),('',''),('',''),('',''),('',''),('',''),('',''),('',''),('',''),('',''),('',''),('',''),('',''),('',''),('',''),('',''),('',''),('',''),('',''),('',''),('',''),('',''),('',''),('',''),('',''),('',''),('',''),('',''),('',''),('',''),('',''),('',''),('',''),('',''),('',''),('',''),('',''),('',''),('',''),('',''),('',''),('',''),('',''),('',''),('',''),('',''),('',''),('',''),('',''),('',''),('',''),('',''),('',''),('',''),('',''),('',''),('',''),('',''),('',''),('',''),('',''),('',''),('',''),('',''),('',''),('',''),('',''),('',''),('',''),('',''),('',''),('',''),('',''),('',''),('',''),('',''),('',''),('',''),('',''),('',''),('',''),('',''),('',''),('',''),('',''),('',''),('',''),('',''),('',''),('',''),('',''),('',''),('',''),('',''),('',''),('',''),('',''),('',''),('',''),('',''),('',''),('',''),('',''),('',''),('',''),('',''),('',''),('',''),('',''),('',''),('',''),('',''),('',''),('',''),('',''),('',''),('',''),('',''),('',''),('',''),('',''),('',''),('',''),('',''),('',''),('',''),('',''),('',''),('',''),('',''),('',''),('',''),('',''),('',''),('',''),('',''),('',''),('',''),('',''),('',''),('',''),('',''),('',''),('',''),('',''),('',''),('',''),('',''),('',''),('',''),('',''),('',''),('',''),('',''),('',''),('',''),('',''),('',''),('',''),('',''),('',''),('',''),('',''),('',''),('',''),('',''),('',''),('',''),('',''),('',''),('',''),('',''),('',''),('',''),('',''),('',''),('',''),('',''),('',''),('',''),('',''),('',''),('',''),('',''),('',''),('',''),('',''),('',''),('',''),('',''),('',''),('',''),('',''),('',''),('',''),('',''),('',''),('',''),('',''),('',''),('',''),('',''),('',''),('',''),('',''),('',''),('',''),('',''),('',''),('',''),('',''),('',''),('',''),('',''),('',''),('',''),('',''),('',''),('',''),('',''),('',''),('',''),('',''),('',''),('',''),('',''),('',''),('',''),('',''),('',''),('',''),('',''),('',''),('',''),('',''),('',''),('',''),('',''),('',''),('',''),('',''),('',''),('',''),('',''),('',''),('',''),('',''),('',''),('',''),('',''),('',''),('',''),('',''),('',''),('',''),('',''),('',''),('',''),('',''),('',''),('',''),('',''),('',''),('',''),('',''),('',''),('',''),('',''),('',''),('',''),('',''),('',''),('',''),('',''),('',''),('',''),('',''),('',''),('',''),('',''),('',''),('',''),('',''),('',''),('',''),('',''),('',''),('',''),('',''),('',''),('',''),('',''),('',''),('',''),('',''),('',''),('',''),('',''),('',''),('',''),('',''),('',''),('',''),('',''),('',''),('',''),('',''),('',''),('',''),('',''),('',''),('',''),('',''),('',''),('',''),('',''),('',''),('',''),('',''),('',''),('',''),('',''),('',''),('',''),('',''),('',''),('',''),('',''),('',''),('',''),('',''),('',''),('',''),('',''),('',''),('',''),('',''),('',''),('',''),('',''),('',''),('',''),('',''),('',''),('',''),('',''),('',''),('',''),('',''),('',''),('',''),('',''),('',''),('',''),('',''),('',''),('',''),('',''),('',''),('',''),('',''),('',''),('',''),('',''),('',''),('',''),('',''),('',''),('',''),('',''),('',''),('',''),('',''),('',''),('',''),('',''),('',''),('',''),('',''),('',''),('',''),('',''),('',''),('',''),('',''),('',''),('',''),('',''),('',''),('',''),('',''),('',''),('',''),('',''),('',''),('',''),('',''),('',''),('',''),('',''),('',''),('',''),('',''),('',''),('',''),('',''),('',''),('',''),('',''),('',''),('',''),('',''),('',''),('',''),('',''),('',''),('',''),('',''),('',''),('',''),('',''),('',''),('',''),('',''),('',''),('',''),('',''),('',''),('',''),('',''),('',''),('',''),('',''),('',''),('',''),('',''),('',''),('',''),('',''),('',''),('',''),('',''),('',''),('',''),('',''),('',''),('',''),('',''),('',''),('',''),('',''),('',''),('',''),('',''),('',''),('',''),('',''),('',''),('',''),('',''),('',''),('',''),('',''),('',''),('',''),('',''),('',''),('',''),('',''),('',''),('',''),('',''),('',''),('',''),('',''),('',''),('',''),('',''),('',''),('',''),('',''),('',''),('',''),('',''),('',''),('',''),('',''),('',''),('',''),('',''),('',''),('',''),('',''),('',''),('',''),('',''),('',''),('',''),('',''),('',''),('',''),('',''),('',''),('',''),('',''),('',''),('',''),('',''),('',''),('',''),('',''),('',''),('',''),('',''),('',''),('',''),('',''),('',''),('',''),('',''),('',''),('',''),('',''),('',''),('',''),('',''),('',''),('',''),('',''),('',''),('',''),('',''),('',''),('',''),('',''),('',''),('',''),('',''),('',''),('',''),('',''),('',''),('',''),('',''),('',''),('',''),('',''),('',''),('',''),('',''),('',''),('',''),('',''),('',''),('',''),('',''),('',''),('',''),('',''),('',''),('',''),('',''),('',''),('',''),('',''),('',''),('',''),('',''),('',''),('',''),('',''),('',''),('',''),('',''),('',''),('',''),('',''),('',''),('',''),('',''),('',''),('',''),('',''),('',''),('',''),('',''),('',''),('',''),('',''),('',''),('',''),('',''),('',''),('',''),('',''),('',''),('',''),('',''),('',''),('',''),('',''),('',''),('',''),('',''),('',''),('',''),('',''),('',''),('',''),('',''),('',''),('',''),('',''),('',''),('',''),('',''),('',''),('',''),('',''),('',''),('',''),('',''),('',''),('',''),('',''),('',''),('',''),('',''),('',''),('',''),('',''),('',''),('',''),('',''),('',''),('',''),('',''),('',''),('',''),('',''),('',''),('',''),('',''),('',''),('',''),('',''),('',''),('',''),('',''),('',''),('',''),('',''),('',''),('',''),('',''),('',''),('',''),('',''),('',''),('',''),('',''),('',''),('',''),('',''),('',''),('',''),('',''),('',''),('',''),('',''),('',''),('',''),('',''),('',''),('',''),('',''),('',''),('',''),('',''),('',''),('',''),('',''),('',''),('',''),('',''),('',''),('',''),('',''),('',''),('',''),('',''),('',''),('',''),('',''),('',''),('',''),('',''),('',''),('',''),('',''),('',''),('',''),('',''),('',''),('',''),('',''),('',''),('',''),('',''),('',''),('',''),('',''),('',''),('',''),('',''),('',''),('',''),('',''),('',''),('',''),('',''),('',''),('',''),('',''),('',''),('',''),('',''),('',''),('',''),('',''),('',''),('',''),('',''),('',''),('',''),('',''),('',''),('',''),('',''),('',''),('',''),('',''),('',''),('',''),('',''),('',''),('',''),('',''),('',''),('',''),('',''),('',''),('',''),('',''),('',''),('',''),('',''),('',''),('',''),('',''),('',''),('',''),('',''),('',''),('',''),('',''),('',''),('',''),('',''),('',''),('',''),('',''),('',''),('',''),('',''),('',''),('',''),('',''),('',''),('',''),('',''),('',''),('',''),('',''),('',''),('',''),('',''),('',''),('',''),('',''),('',''),('',''),('',''),('',''),('',''),('',''),('',''),('',''),('',''),('',''),('',''),('',''),('',''),('',''),('',''),('',''),('',''),('',''),('',''),('',''),('',''),('',''),('',''),('',''),('',''),('',''),('',''),('',''),('',''),('',''),('',''),('',''),('',''),('',''),('',''),('',''),('',''),('',''),('',''),('',''),('',''),('',''),('',''),('',''),('',''),('',''),('',''),('',''),('',''),('',''),('',''),('',''),('',''),('',''),('',''),('',''),('',''),('',''),('',''),('',''),('',''),('',''),('',''),('',''),('',''),('',''),('',''),('',''),('',''),('',''),('',''),('',''),('',''),('',''),('',''),('',''),('',''),('',''),('',''),('',''),('',''),('',''),('',''),('',''),('',''),('',''),('',''),('',''),('',''),('',''),('',''),('',''),('',''),('',''),('',''),('',''),('',''),('',''),('',''),('',''),('',''),('',''),('',''),('',''),('',''),('',''),('',''),('',''),('',''),('',''),('',''),('',''),('',''),('',''),('',''),('',''),('',''),('',''),('',''),('',''),('',''),('',''),('',''),('',''),('',''),('',''),('',''),('',''),('',''),('',''),('',''),('',''),('',''),('',''),('',''),('',''),('',''),('',''),('',''),('',''),('',''),('',''),('',''),('',''),('',''),('',''),('',''),('',''),('',''),('',''),('',''),('',''),('',''),('',''),('',''),('',''),('',''),('',''),('',''),('',''),('',''),('',''),('',''),('',''),('',''),('',''),('',''),('',''),('',''),('',''),('',''),('',''),('',''),('',''),('',''),('',''),('',''),('',''),('',''),('',''),('',''),('',''),('',''),('',''),('',''),('',''),('',''),('',''),('',''),('',''),('',''),('',''),('',''),('',''),('',''),('',''),('',''),('',''),('',''),('',''),('',''),('',''),('',''),('',''),('',''),('',''),('',''),('',''),('',''),('',''),('',''),('',''),('',''),('',''),('',''),('',''),('',''),('',''),('',''),('',''),('',''),('',''),('',''),('',''),('',''),('',''),('',''),('',''),('',''),('',''),('',''),('',''),('',''),('',''),('',''),('',''),('',''),('',''),('',''),('',''),('',''),('',''),('',''),('',''),('',''),('',''),('',''),('',''),('',''),('',''),('',''),('',''),('',''),('',''),('',''),('',''),('',''),('',''),('',''),('',''),('',''),('',''),('',''),('',''),('',''),('',''),('',''),('',''),('',''),('',''),('',''),('',''),('',''),('',''),('',''),('',''),('',''),('',''),('',''),('',''),('',''),('',''),('',''),('',''),('',''),('',''),('',''),('',''),('',''),('',''),('',''),('',''),('',''),('',''),('',''),('',''),('',''),('',''),('',''),('',''),('',''),('',''),('',''),('',''),('',''),('',''),('',''),('',''),('',''),('',''),('',''),('',''),('',''),('',''),('',''),('',''),('',''),('',''),('',''),('',''),('',''),('',''),('',''),('',''),('',''),('',''),('',''),('',''),('',''),('',''),('',''),('',''),('',''),('',''),('',''),('',''),('',''),('',''),('',''),('',''),('',''),('',''),('',''),('',''),('',''),('',''),('',''),('',''),('',''),('',''),('',''),('',''),('',''),('',''),('',''),('',''),('',''),('',''),('',''),('',''),('',''),('',''),('',''),('',''),('',''),('',''),('',''),('',''),('',''),('',''),('',''),('',''),('',''),('',''),('',''),('',''),('',''),('',''),('',''),('',''),('',''),('',''),('',''),('',''),('',''),('',''),('',''),('',''),('',''),('',''),('',''),('',''),('',''),('',''),('',''),('',''),('',''),('',''),('',''),('',''),('',''),('',''),('',''),('',''),('',''),('',''),('',''),('',''),('',''),('',''),('',''),('',''),('',''),('',''),('',''),('',''),('',''),('',''),('',''),('',''),('',''),('',''),('',''),('',''),('',''),('',''),('',''),('',''),('',''),('',''),('',''),('',''),('',''),('',''),('',''),('',''),('',''),('',''),('',''),('',''),('',''),('',''),('',''),('',''),('',''),('',''),('',''),('',''),('',''),('',''),('',''),('',''),('',''),('',''),('',''),('',''),('',''),('',''),('',''),('',''),('',''),('',''),('',''),('',''),('',''),('',''),('',''),('',''),('',''),('',''),('',''),('',''),('',''),('',''),('',''),('',''),('',''),('',''),('',''),('',''),('',''),('',''),('',''),('',''),('',''),('',''),('',''),('',''),('',''),('',''),('',''),('',''),('',''),('',''),('',''),('',''),('',''),('',''),('',''),('',''),('',''),('',''),('',''),('',''),('',''),('',''),('',''),('',''),('',''),('',''),('',''),('',''),('',''),('',''),('',''),('',''),('',''),('',''),('',''),('',''),('',''),('',''),('',''),('',''),('',''),('',''),('',''),('',''),('',''),('',''),('',''),('',''),('',''),('',''),('',''),('',''),('',''),('',''),('',''),('',''),('',''),('',''),('',''),('',''),('',''),('',''),('',''),('',''),('',''),('',''),('',''),('',''),('',''),('',''),('',''),('',''),('',''),('',''),('',''),('',''),('',''),('',''),('',''),('',''),('',''),('',''),('',''),('',''),('',''),('',''),('',''),('',''),('',''),('',''),('',''),('',''),('',''),('',''),('',''),('',''),('',''),('',''),('',''),('',''),('',''),('',''),('',''),('',''),('',''),('',''),('',''),('',''),('',''),('',''),('',''),('',''),('',''),('',''),('',''),('',''),('',''),('',''),('',''),('',''),('',''),('',''),('',''),('',''),('',''),('',''),('',''),('',''),('',''),('',''),('',''),('',''),('',''),('',''),('',''),('',''),('',''),('',''),('',''),('',''),('',''),('',''),('',''),('',''),('',''),('',''),('',''),('',''),('',''),('',''),('',''),('',''),('',''),('',''),('',''),('',''),('',''),('',''),('',''),('',''),('',''),('',''),('',''),('',''),('',''),('',''),('',''),('',''),('',''),('',''),('',''),('',''),('',''),('',''),('',''),('',''),('',''),('',''),('',''),('',''),('',''),('',''),('',''),('',''),('',''),('',''),('',''),('',''),('',''),('',''),('',''),('',''),('',''),('',''),('',''),('',''),('',''),('',''),('',''),('',''),('',''),('',''),('',''),('',''),('',''),('',''),('',''),('',''),('',''),('',''),('',''),('',''),('',''),('',''),('',''),('',''),('',''),('',''),('',''),('',''),('',''),('',''),('',''),('',''),('',''),('',''),('',''),('',''),('',''),('',''),('',''),('',''),('',''),('',''),('',''),('',''),('',''),('',''),('',''),('',''),('',''),('',''),('',''),('',''),('',''),('',''),('',''),('',''),('',''),('',''),('',''),('',''),('',''),('',''),('',''),('',''),('',''),('',''),('',''),('',''),('',''),('',''),('',''),('',''),('',''),('',''),('',''),('',''),('',''),('',''),('',''),('',''),('',''),('',''),('',''),('',''),('',''),('',''),('',''),('',''),('',''),('',''),('',''),('',''),('',''),('',''),('',''),('',''),('',''),('',''),('',''),('',''),('',''),('',''),('',''),('',''),('',''),('',''),('',''),('',''),('',''),('',''),('',''),('',''),('',''),('',''),('',''),('',''),('',''),('',''),('',''),('',''),('',''),('',''),('',''),('',''),('',''),('',''),('',''),('',''),('',''),('',''),('',''),('',''),('',''),('',''),('',''),('',''),('',''),('',''),('',''),('',''),('',''),('',''),('',''),('',''),('',''),('',''),('',''),('',''),('',''),('',''),('',''),('',''),('',''),('',''),('',''),('',''),('',''),('',''),('',''),('',''),('',''),('',''),('',''),('',''),('',''),('',''),('',''),('',''),('',''),('',''),('',''),('',''),('',''),('',''),('',''),('',''),('',''),('',''),('',''),('',''),('',''),('',''),('',''),('',''),('',''),('',''),('',''),('',''),('',''),('',''),('',''),('',''),('',''),('',''),('',''),('',''),('',''),('',''),('',''),('',''),('',''),('',''),('',''),('',''),('',''),('',''),('',''),('',''),('',''),('',''),('',''),('',''),('',''),('',''),('',''),('',''),('',''),('',''),('',''),('',''),('',''),('',''),('',''),('',''),('',''),('',''),('',''),('',''),('',''),('',''),('',''),('',''),('',''),('',''),('',''),('',''),('',''),('',''),('',''),('',''),('',''),('',''),('',''),('',''),('',''),('',''),('',''),('',''),('',''),('',''),('',''),('',''),('',''),('',''),('',''),('',''),('',''),('',''),('',''),('',''),('',''),('',''),('',''),('',''),('',''),('',''),('',''),('',''),('',''),('',''),('',''),('',''),('',''),('',''),('',''),('',''),('',''),('',''),('',''),('',''),('',''),('',''),('',''),('',''),('',''),('',''),('',''),('',''),('',''),('',''),('',''),('',''),('',''),('',''),('',''),('',''),('',''),('',''),('',''),('',''),('',''),('',''),('',''),('',''),('',''),('',''),('',''),('',''),('',''),('',''),('',''),('',''),('',''),('',''),('',''),('',''),('',''),('',''),('',''),('',''),('',''),('',''),('',''),('',''),('',''),('',''),('',''),('',''),('',''),('',''),('',''),('',''),('',''),('',''),('',''),('',''),('',''),('',''),('',''),('',''),('',''),('',''),('',''),('',''),('',''),('',''),('',''),('',''),('',''),('',''),('',''),('',''),('',''),('',''),('',''),('',''),('',''),('',''),('',''),('',''),('',''),('',''),('',''),('',''),('',''),('',''),('',''),('',''),('',''),('',''),('',''),('',''),('',''),('',''),('',''),('',''),('',''),('',''),('',''),('',''),('',''),('',''),('',''),('',''),('',''),('',''),('',''),('',''),('',''),('',''),('',''),('',''),('',''),('',''),('',''),('',''),('',''),('',''),('',''),('',''),('',''),('',''),('',''),('',''),('',''),('',''),('',''),('',''),('',''),('',''),('',''),('',''),('',''),('',''),('',''),('',''),('',''),('',''),('',''),('',''),('',''),('',''),('',''),('',''),('',''),('',''),('',''),('',''),('',''),('',''),('',''),('',''),('',''),('',''),('',''),('',''),('',''),('',''),('',''),('',''),('',''),('',''),('',''),('',''),('',''),('',''),('',''),('',''),('',''),('',''),('',''),('',''),('',''),('',''),('',''),('',''),('',''),('',''),('',''),('',''),('',''),('',''),('',''),('',''),('',''),('',''),('',''),('',''),('',''),('',''),('',''),('',''),('',''),('',''),('',''),('',''),('',''),('',''),('',''),('',''),('',''),('',''),('',''),('',''),('',''),('',''),('',''),('',''),('',''),('',''),('',''),('',''),('',''),('',''),('',''),('',''),('',''),('',''),('',''),('',''),('',''),('',''),('',''),('',''),('',''),('',''),('',''),('',''),('',''),('',''),('',''),('',''),('',''),('',''),('',''),('',''),('',''),('',''),('',''),('',''),('',''),('',''),('',''),('',''),('',''),('',''),('',''),('',''),('',''),('',''),('',''),('',''),('',''),('',''),('',''),('',''),('',''),('',''),('',''),('',''),('',''),('',''),('',''),('',''),('',''),('',''),('',''),('',''),('',''),('',''),('',''),('',''),('',''),('',''),('',''),('',''),('',''),('',''),('',''),('',''),('',''),('',''),('',''),('',''),('',''),('',''),('',''),('',''),('',''),('',''),('',''),('',''),('',''),('',''),('',''),('',''),('',''),('',''),('',''),('',''),('',''),('',''),('',''),('',''),('',''),('',''),('',''),('',''),('',''),('',''),('',''),('',''),('',''),('',''),('',''),('',''),('',''),('',''),('',''),('',''),('',''),('',''),('',''),('',''),('',''),('',''),('',''),('',''),('',''),('',''),('',''),('',''),('',''),('',''),('',''),('',''),('',''),('',''),('',''),('',''),('',''),('',''),('',''),('',''),('',''),('',''),('',''),('',''),('',''),('',''),('',''),('',''),('',''),('',''),('',''),('',''),('',''),('',''),('',''),('',''),('',''),('',''),('',''),('',''),('',''),('',''),('',''),('',''),('',''),('',''),('',''),('',''),('',''),('',''),('',''),('',''),('',''),('',''),('',''),('',''),('',''),('',''),('',''),('',''),('',''),('',''),('',''),('',''),('',''),('',''),('',''),('',''),('',''),('',''),('',''),('',''),('',''),('',''),('',''),('',''),('',''),('',''),('',''),('',''),('',''),('',''),('',''),('',''),('',''),('',''),('',''),('',''),('',''),('',''),('',''),('',''),('',''),('',''),('',''),('',''),('',''),('',''),('',''),('',''),('',''),('',''),('',''),('',''),('',''),('',''),('',''),('',''),('',''),('',''),('',''),('',''),('',''),('',''),('',''),('',''),('',''),('',''),('',''),('',''),('',''),('',''),('',''),('',''),('',''),('',''),('',''),('',''),('',''),('',''),('',''),('',''),('',''),('',''),('',''),('',''),('',''),('',''),('',''),('',''),('',''),('',''),('',''),('',''),('',''),('',''),('',''),('',''),('',''),('',''),('',''),('',''),('',''),('',''),('',''),('',''),('',''),('',''),('',''),('',''),('',''),('',''),('',''),('',''),('',''),('',''),('',''),('',''),('',''),('',''),('',''),('',''),('',''),('',''),('',''),('',''),('',''),('',''),('',''),('',''),('',''),('',''),('',''),('',''),('',''),('',''),('',''),('',''),('',''),('',''),('',''),('',''),('',''),('',''),('',''),('',''),('',''),('',''),('',''),('',''),('',''),('',''),('',''),('',''),('',''),('',''),('',''),('',''),('',''),('',''),('',''),('',''),('',''),('',''),('',''),('',''),('',''),('',''),('',''),('',''),('',''),('',''),('',''),('',''),('',''),('',''),('',''),('',''),('',''),('',''),('',''),('',''),('',''),('',''),('',''),('',''),('',''),('',''),('',''),('',''),('',''),('',''),('',''),('',''),('',''),('',''),('',''),('',''),('',''),('',''),('',''),('',''),('',''),('',''),('',''),('',''),('',''),('',''),('',''),('',''),('',''),('',''),('',''),('',''),('',''),('',''),('',''),('',''),('',''),('',''),('',''),('',''),('',''),('',''),('',''),('',''),('',''),('',''),('',''),('',''),('',''),('',''),('',''),('',''),('',''),('',''),('',''),('',''),('',''),('',''),('',''),('',''),('',''),('',''),('',''),('',''),('',''),('',''),('',''),('',''),('',''),('',''),('',''),('',''),('',''),('',''),('',''),('',''),('',''),('',''),('',''),('',''),('',''),('',''),('',''),('',''),('',''),('',''),('',''),('',''),('',''),('',''),('',''),('',''),('',''),('',''),('',''),('',''),('',''),('',''),('',''),('',''),('',''),('',''),('',''),('',''),('',''),('',''),('',''),('',''),('',''),('',''),('',''),('',''),('',''),('',''),('',''),('',''),('',''),('',''),('',''),('',''),('',''),('',''),('',''),('',''),('',''),('',''),('',''),('',''),('',''),('',''),('',''),('',''),('',''),('',''),('',''),('',''),('',''),('',''),('',''),('',''),('',''),('',''),('',''),('',''),('',''),('',''),('',''),('',''),('',''),('',''),('',''),('',''),('',''),('',''),('',''),('',''),('',''),('',''),('',''),('',''),('',''),('',''),('',''),('',''),('',''),('',''),('',''),('',''),('',''),('',''),('',''),('',''),('',''),('',''),('',''),('',''),('',''),('',''),('',''),('',''),('',''),('',''),('',''),('',''),('',''),('',''),('',''),('',''),('',''),('',''),('',''),('',''),('',''),('',''),('',''),('',''),('',''),('',''),('',''),('',''),('',''),('',''),('',''),('',''),('',''),('',''),('',''),('',''),('',''),('',''),('',''),('',''),('',''),('',''),('',''),('',''),('',''),('',''),('',''),('',''),('',''),('',''),('',''),('',''),('',''),('',''),('',''),('',''),('',''),('',''),('',''),('',''),('',''),('',''),('',''),('',''),('',''),('',''),('',''),('',''),('',''),('',''),('',''),('',''),('',''),('',''),('',''),('',''),('',''),('',''),('',''),('',''),('',''),('',''),('',''),('',''),('',''),('',''),('',''),('',''),('',''),('',''),('',''),('',''),('',''),('',''),('',''),('',''),('',''),('',''),('',''),('',''),('',''),('',''),('',''),('',''),('',''),('',''),('',''),('',''),('',''),('',''),('',''),('',''),('',''),('',''),('',''),('',''),('',''),('',''),('',''),('',''),('',''),('',''),('',''),('',''),('',''),('',''),('',''),('',''),('',''),('',''),('',''),('',''),('',''),('',''),('',''),('',''),('',''),('',''),('',''),('',''),('',''),('',''),('',''),('',''),('',''),('',''),('',''),('',''),('',''),('',''),('',''),('',''),('',''),('',''),('',''),('',''),('',''),('',''),('',''),('',''),('',''),('',''),('',''),('',''),('',''),('',''),('',''),('',''),('',''),('',''),('',''),('',''),('',''),('',''),('',''),('',''),('',''),('',''),('',''),('',''),('',''),('',''),('',''),('',''),('',''),('',''),('',''),('',''),('',''),('',''),('',''),('',''),('',''),('',''),('',''),('',''),('',''),('',''),('',''),('',''),('',''),('',''),('',''),('',''),('',''),('',''),('',''),('',''),('',''),('',''),('',''),('',''),('',''),('',''),('',''),('',''),('',''),('',''),('',''),('',''),('',''),('',''),('',''),('',''),('',''),('',''),('',''),('',''),('',''),('',''),('',''),('',''),('',''),('',''),('',''),('',''),('',''),('',''),('',''),('',''),('',''),('',''),('',''),('',''),('',''),('',''),('',''),('',''),('',''),('',''),('',''),('',''),('',''),('',''),('',''),('',''),('',''),('',''),('',''),('',''),('',''),('',''),('',''),('',''),('',''),('',''),('',''),('',''),('',''),('',''),('',''),('',''),('',''),('',''),('',''),('',''),('',''),('',''),('',''),('',''),('',''),('',''),('',''),('',''),('',''),('',''),('',''),('',''),('',''),('',''),('',''),('',''),('',''),('',''),('',''),('',''),('',''),('',''),('',''),('',''),('',''),('',''),('',''),('',''),('',''),('',''),('',''),('',''),('',''),('',''),('',''),('',''),('',''),('',''),('',''),('',''),('',''),('',''),('',''),('',''),('',''),('',''),('',''),('',''),('',''),('',''),('',''),('',''),('',''),('',''),('',''),('',''),('',''),('',''),('',''),('',''),('',''),('',''),('',''),('',''),('',''),('',''),('',''),('',''),('',''),('',''),('',''),('',''),('',''),('',''),('',''),('',''),('',''),('',''),('',''),('',''),('',''),('',''),('',''),('',''),('',''),('',''),('',''),('',''),('',''),('',''),('',''),('',''),('',''),('',''),('',''),('',''),('',''),('',''),('',''),('',''),('',''),('',''),('',''),('',''),('',''),('',''),('',''),('',''),('',''),('',''),('',''),('',''),('',''),('',''),('',''),('',''),('',''),('',''),('',''),('',''),('',''),('',''),('',''),('',''),('',''),('',''),('',''),('',''),('',''),('',''),('',''),('',''),('',''),('',''),('',''),('',''),('',''),('',''),('',''),('',''),('',''),('',''),('',''),('',''),('',''),('',''),('',''),('',''),('',''),('',''),('',''),('',''),('',''),('',''),('',''),('',''),('',''),('',''),('',''),('',''),('',''),('',''),('',''),('',''),('',''),('',''),('',''),('',''),('',''),('',''),('',''),('',''),('',''),('',''),('',''),('',''),('',''),('',''),('',''),('',''),('',''),('',''),('',''),('',''),('',''),('',''),('',''),('',''),('',''),('',''),('',''),('',''),('',''),('',''),('',''),('',''),('',''),('',''),('',''),('',''),('',''),('',''),('',''),('',''),('',''),('',''),('',''),('',''),('',''),('',''),('',''),('',''),('',''),('',''),('',''),('',''),('',''),('',''),('',''),('',''),('',''),('',''),('',''),('',''),('',''),('',''),('',''),('',''),('',''),('',''),('',''),('',''),('',''),('',''),('',''),('',''),('',''),('',''),('',''),('',''),('',''),('',''),('',''),('',''),('',''),('',''),('',''),('',''),('',''),('',''),('',''),('',''),('',''),('',''),('',''),('',''),('',''),('',''),('',''),('',''),('',''),('',''),('',''),('',''),('',''),('',''),('',''),('',''),('',''),('',''),('',''),('',''),('',''),('',''),('',''),('',''),('',''),('',''),('',''),('',''),('',''),('',''),('',''),('',''),('',''),('',''),('',''),('',''),('',''),('',''),('',''),('',''),('',''),('',''),('',''),('',''),('',''),('',''),('',''),('',''),('',''),('',''),('',''),('',''),('',''),('',''),('',''),('',''),('',''),('',''),('',''),('',''),('',''),('',''),('',''),('',''),('',''),('',''),('',''),('',''),('',''),('',''),('',''),('',''),('',''),('',''),('',''),('',''),('',''),('',''),('',''),('',''),('',''),('',''),('',''),('',''),('',''),('',''),('',''),('',''),('',''),('',''),('',''),('',''),('',''),('',''),('',''),('',''),('',''),('',''),('',''),('',''),('',''),('',''),('',''),('',''),('',''),('',''),('',''),('',''),('',''),('',''),('',''),('',''),('',''),('',''),('',''),('',''),('',''),('',''),('',''),('',''),('',''),('',''),('',''),('',''),('',''),('',''),('',''),('',''),('',''),('',''),('',''),('',''),('',''),('',''),('',''),('',''),('',''),('',''),('',''),('',''),('',''),('',''),('',''),('',''),('',''),('',''),('',''),('',''),('',''),('',''),('',''),('',''),('',''),('',''),('',''),('',''),('',''),('',''),('',''),('',''),('',''),('',''),('',''),('',''),('',''),('',''),('',''),('',''),('',''),('',''),('',''),('',''),('',''),('',''),('',''),('',''),('',''),('',''),('',''),('',''),('',''),('',''),('',''),('',''),('',''),('',''),('',''),('',''),('',''),('',''),('',''),('',''),('',''),('',''),('',''),('',''),('',''),('',''),('',''),('',''),('',''),('',''),('',''),('',''),('',''),('',''),('',''),('',''),('',''),('',''),('',''),('',''),('',''),('',''),('',''),('',''),('',''),('',''),('',''),('',''),('',''),('',''),('',''),('',''),('',''),('',''),('',''),('',''),('',''),('',''),('',''),('',''),('',''),('',''),('',''),('',''),('',''),('',''),('',''),('',''),('',''),('',''),('',''),('',''),('',''),('',''),('',''),('',''),('',''),('',''),('',''),('',''),('',''),('',''),('',''),('',''),('',''),('',''),('',''),('',''),('',''),('',''),('',''),('',''),('',''),('',''),('',''),('',''),('',''),('',''),('',''),('',''),('',''),('',''),('',''),('',''),('',''),('',''),('',''),('',''),('',''),('',''),('',''),('',''),('',''),('',''),('',''),('',''),('',''),('',''),('',''),('',''),('',''),('',''),('',''),('',''),('',''),('',''),('',''),('',''),('',''),('',''),('',''),('',''),('',''),('',''),('',''),('',''),('',''),('',''),('',''),('',''),('',''),('',''),('',''),('',''),('',''),('',''),('',''),('',''),('',''),('',''),('',''),('',''),('',''),('',''),('',''),('',''),('',''),('',''),('',''),('',''),('',''),('',''),('',''),('',''),('',''),('',''),('',''),('',''),('',''),('',''),('',''),('',''),('',''),('',''),('',''),('',''),('',''),('',''),('',''),('',''),('',''),('',''),('',''),('',''),('',''),('',''),('',''),('',''),('',''),('',''),('',''),('',''),('',''),('',''),('',''),('',''),('',''),('',''),('',''),('',''),('',''),('',''),('',''),('',''),('',''),('',''),('',''),('',''),('',''),('',''),('',''),('',''),('',''),('',''),('',''),('',''),('',''),('',''),('',''),('',''),('',''),('',''),('',''),('',''),('',''),('',''),('',''),('',''),('',''),('',''),('',''),('',''),('',''),('',''),('',''),('',''),('',''),('',''),('',''),('',''),('',''),('',''),('',''),('',''),('',''),('',''),('',''),('',''),('',''),('',''),('',''),('',''),('',''),('',''),('',''),('',''),('',''),('',''),('',''),('',''),('',''),('',''),('',''),('',''),('',''),('',''),('',''),('',''),('',''),('',''),('',''),('',''),('',''),('',''),('',''),('',''),('',''),('',''),('',''),('',''),('',''),('',''),('',''),('',''),('',''),('',''),('',''),('',''),('',''),('',''),('',''),('',''),('',''),('',''),('',''),('',''),('',''),('',''),('',''),('',''),('',''),('',''),('',''),('',''),('',''),('',''),('',''),('',''),('',''),('',''),('',''),('',''),('',''),('',''),('',''),('',''),('',''),('',''),('',''),('',''),('',''),('',''),('',''),('',''),('',''),('',''),('',''),('',''),('',''),('',''),('',''),('',''),('',''),('',''),('',''),('',''),('',''),('',''),('',''),('',''),('',''),('',''),('',''),('',''),('',''),('',''),('',''),('',''),('',''),('',''),('',''),('',''),('',''),('',''),('',''),('',''),('',''),('',''),('',''),('',''),('',''),('',''),('',''),('',''),('',''),('',''),('',''),('',''),('',''),('',''),('',''),('',''),('',''),('',''),('',''),('',''),('',''),('',''),('',''),('',''),('',''),('',''),('',''),('',''),('',''),('',''),('',''),('',''),('',''),('',''),('',''),('',''),('',''),('',''),('',''),('',''),('',''),('',''),('',''),('',''),('',''),('',''),('',''),('',''),('',''),('',''),('',''),('',''),('',''),('',''),('',''),('',''),('',''),('',''),('',''),('',''),('',''),('',''),('',''),('',''),('',''),('',''),('',''),('',''),('',''),('',''),('',''),('',''),('',''),('',''),('',''),('',''),('',''),('',''),('',''),('',''),('',''),('',''),('',''),('',''),('',''),('',''),('',''),('',''),('',''),('',''),('',''),('',''),('',''),('',''),('',''),('',''),('',''),('',''),('',''),('',''),('',''),('',''),('',''),('',''),('',''),('',''),('',''),('',''),('',''),('',''),('',''),('',''),('',''),('',''),('',''),('',''),('',''),('',''),('',''),('',''),('',''),('',''),('',''),('',''),('',''),('',''),('',''),('',''),('',''),('',''),('',''),('',''),('',''),('',''),('',''),('',''),('',''),('',''),('',''),('',''),('',''),('',''),('',''),('',''),('',''),('',''),('',''),('',''),('',''),('',''),('',''),('',''),('',''),('',''),('',''),('',''),('',''),('',''),('',''),('',''),('',''),('',''),('',''),('',''),('',''),('',''),('',''),('',''),('',''),('',''),('',''),('',''),('',''),('',''),('',''),('',''),('',''),('',''),('',''),('',''),('',''),('',''),('',''),('',''),('',''),('',''),('',''),('',''),('',''),('',''),('',''),('',''),('',''),('',''),('',''),('',''),('',''),('',''),('',''),('',''),('',''),('',''),('',''),('',''),('',''),('',''),('',''),('',''),('',''),('',''),('',''),('',''),('',''),('',''),('',''),('',''),('',''),('',''),('',''),('',''),('',''),('',''),('',''),('',''),('',''),('',''),('',''),('',''),('',''),('',''),('',''),('',''),('',''),('',''),('',''),('',''),('',''),('',''),('',''),('',''),('',''),('',''),('',''),('',''),('',''),('',''),('',''),('',''),('',''),('',''),('',''),('',''),('',''),('',''),('',''),('',''),('',''),('',''),('',''),('',''),('',''),('',''),('',''),('',''),('',''),('',''),('',''),('',''),('',''),('',''),('',''),('',''),('',''),('',''),('',''),('',''),('',''),('',''),('',''),('',''),('',''),('',''),('',''),('',''),('',''),('',''),('',''),('',''),('',''),('',''),('',''),('',''),('',''),('',''),('',''),('',''),('',''),('',''),('',''),('',''),('',''),('',''),('',''),('',''),('',''),('',''),('',''),('',''),('',''),('',''),('',''),('',''),('',''),('',''),('',''),('',''),('',''),('',''),('',''),('',''),('',''),('',''),('',''),('',''),('',''),('',''),('',''),('',''),('',''),('',''),('',''),('',''),('',''),('',''),('',''),('',''),('',''),('',''),('',''),('',''),('',''),('',''),('',''),('',''),('',''),('',''),('',''),('',''),('',''),('',''),('',''),('',''),('',''),('',''),('',''),('',''),('',''),('',''),('',''),('',''),('',''),('',''),('',''),('',''),('',''),('',''),('',''),('',''),('',''),('',''),('',''),('',''),('',''),('',''),('',''),('',''),('',''),('',''),('',''),('',''),('',''),('',''),('',''),('',''),('',''),('',''),('',''),('',''),('',''),('',''),('',''),('',''),('',''),('',''),('',''),('',''),('',''),('',''),('',''),('',''),('',''),('',''),('',''),('',''),('',''),('',''),('',''),('',''),('',''),('',''),('',''),('',''),('',''),('',''),('',''),('',''),('',''),('',''),('',''),('',''),('',''),('',''),('',''),('',''),('',''),('',''),('',''),('',''),('',''),('',''),('',''),('',''),('',''),('',''),('',''),('',''),('',''),('',''),('',''),('',''),('',''),('',''),('',''),('',''),('',''),('',''),('',''),('',''),('',''),('',''),('',''),('',''),('',''),('',''),('',''),('',''),('',''),('',''),('',''),('',''),('',''),('',''),('',''),('',''),('',''),('',''),('',''),('',''),('',''),('',''),('',''),('',''),('',''),('',''),('',''),('',''),('',''),('',''),('',''),('',''),('',''),('',''),('',''),('',''),('',''),('',''),('',''),('',''),('',''),('',''),('',''),('',''),('',''),('',''),('',''),('',''),('',''),('',''),('',''),('',''),('',''),('',''),('',''),('',''),('',''),('',''),('',''),('',''),('',''),('',''),('',''),('',''),('',''),('',''),('',''),('',''),('',''),('',''),('',''),('',''),('',''),('',''),('',''),('',''),('',''),('',''),('',''),('',''),('',''),('',''),('',''),('',''),('',''),('',''),('',''),('',''),('',''),('',''),('',''),('',''),('',''),('',''),('',''),('',''),('',''),('',''),('',''),('',''),('',''),('',''),('',''),('',''),('',''),('',''),('',''),('',''),('',''),('',''),('',''),('',''),('',''),('',''),('',''),('',''),('',''),('',''),('',''),('',''),('',''),('',''),('',''),('',''),('',''),('',''),('',''),('',''),('',''),('',''),('',''),('',''),('',''),('',''),('',''),('',''),('',''),('',''),('',''),('',''),('',''),('',''),('',''),('',''),('',''),('',''),('',''),('',''),('',''),('',''),('',''),('',''),('',''),('',''),('',''),('',''),('',''),('',''),('',''),('',''),('',''),('',''),('',''),('',''),('',''),('',''),('',''),('',''),('',''),('',''),('',''),('',''),('',''),('',''),('',''),('',''),('',''),('',''),('',''),('',''),('',''),('',''),('',''),('',''),('',''),('',''),('',''),('',''),('',''),('',''),('',''),('',''),('',''),('',''),('',''),('',''),('',''),('',''),('',''),('',''),('',''),('',''),('',''),('',''),('',''),('',''),('',''),('',''),('',''),('',''),('',''),('',''),('',''),('',''),('',''),('',''),('',''),('',''),('',''),('',''),('',''),('',''),('',''),('',''),('',''),('',''),('',''),('',''),('',''),('',''),('',''),('',''),('',''),('',''),('',''),('',''),('',''),('',''),('',''),('',''),('',''),('',''),('',''),('',''),('',''),('',''),('',''),('',''),('',''),('',''),('',''),('',''),('',''),('',''),('',''),('',''),('',''),('',''),('',''),('',''),('',''),('',''),('',''),('',''),('',''),('',''),('',''),('',''),('',''),('',''),('',''),('',''),('',''),('',''),('',''),('',''),('',''),('',''),('',''),('',''),('',''),('',''),('',''),('',''),('',''),('',''),('',''),('',''),('',''),('',''),('',''),('',''),('',''),('',''),('',''),('',''),('',''),('',''),('',''),('',''),('',''),('',''),('',''),('',''),('',''),('',''),('',''),('',''),('',''),('',''),('',''),('',''),('',''),('',''),('',''),('',''),('',''),('',''),('',''),('',''),('',''),('',''),('',''),('',''),('',''),('',''),('',''),('',''),('',''),('',''),('',''),('',''),('',''),('',''),('',''),('',''),('',''),('',''),('',''),('',''),('',''),('',''),('',''),('',''),('',''),('',''),('',''),('',''),('',''),('',''),('',''),('',''),('',''),('',''),('',''),('',''),('',''),('',''),('',''),('',''),('',''),('',''),('',''),('',''),('',''),('',''),('',''),('',''),('',''),('',''),('',''),('',''),('',''),('',''),('',''),('',''),('',''),('',''),('',''),('',''),('',''),('',''),('',''),('',''),('',''),('',''),('',''),('',''),('',''),('',''),('',''),('',''),('',''),('',''),('',''),('',''),('',''),('',''),('',''),('',''),('',''),('',''),('',''),('',''),('',''),('',''),('',''),('',''),('',''),('',''),('',''),('',''),('',''),('',''),('',''),('',''),('',''),('',''),('',''),('',''),('',''),('',''),('',''),('',''),('',''),('',''),('',''),('',''),('',''),('',''),('',''),('',''),('',''),('',''),('',''),('',''),('',''),('',''),('',''),('',''),('',''),('',''),('',''),('',''),('',''),('',''),('',''),('',''),('',''),('',''),('',''),('',''),('',''),('',''),('',''),('',''),('',''),('',''),('',''),('',''),('',''),('',''),('',''),('',''),('',''),('',''),('',''),('',''),('',''),('',''),('',''),('',''),('',''),('',''),('',''),('',''),('',''),('',''),('',''),('',''),('',''),('',''),('',''),('',''),('',''),('',''),('',''),('',''),('',''),('',''),('',''),('',''),('',''),('',''),('',''),('',''),('',''),('',''),('',''),('',''),('',''),('',''),('',''),('',''),('',''),('',''),('',''),('',''),('',''),('',''),('',''),('',''),('',''),('',''),('',''),('',''),('',''),('',''),('',''),('',''),('',''),('',''),('',''),('',''),('',''),('',''),('',''),('',''),('',''),('',''),('',''),('',''),('',''),('',''),('',''),('',''),('',''),('',''),('',''),('',''),('',''),('',''),('',''),('',''),('',''),('',''),('',''),('',''),('',''),('',''),('',''),('',''),('',''),('',''),('',''),('',''),('',''),('',''),('',''),('',''),('',''),('',''),('',''),('',''),('',''),('',''),('',''),('',''),('',''),('',''),('',''),('',''),('',''),('',''),('',''),('',''),('',''),('',''),('',''),('',''),('',''),('',''),('',''),('',''),('',''),('',''),('',''),('',''),('',''),('',''),('',''),('',''),('',''),('',''),('',''),('',''),('',''),('',''),('',''),('',''),('',''),('',''),('',''),('',''),('',''),('',''),('',''),('',''),('',''),('',''),('',''),('',''),('',''),('',''),('',''),('',''),('',''),('',''),('',''),('',''),('',''),('',''),('',''),('',''),('',''),('',''),('',''),('',''),('',''),('',''),('',''),('',''),('',''),('',''),('',''),('',''),('',''),('',''),('',''),('',''),('',''),('',''),('',''),('',''),('',''),('',''),('',''),('',''),('',''),('',''),('',''),('',''),('',''),('',''),('',''),('',''),('',''),('',''),('',''),('',''),('',''),('',''),('',''),('',''),('',''),('',''),('',''),('',''),('',''),('',''),('',''),('',''),('',''),('',''),('',''),('',''),('',''),('',''),('',''),('',''),('',''),('',''),('',''),('',''),('',''),('',''),('',''),('',''),('',''),('',''),('',''),('',''),('',''),('',''),('',''),('',''),('',''),('',''),('',''),('',''),('',''),('',''),('',''),('',''),('',''),('',''),('',''),('',''),('',''),('',''),('',''),('',''),('',''),('',''),('',''),('',''),('',''),('',''),('',''),('',''),('',''),('',''),('',''),('',''),('',''),('',''),('',''),('',''),('',''),('',''),('',''),('',''),('',''),('',''),('',''),('',''),('',''),('',''),('',''),('',''),('',''),('',''),('',''),('',''),('',''),('',''),('',''),('',''),('',''),('',''),('',''),('',''),('',''),('',''),('',''),('',''),('',''),('',''),('',''),('',''),('',''),('',''),('',''),('',''),('',''),('',''),('',''),('',''),('',''),('',''),('',''),('',''),('',''),('',''),('',''),('',''),('',''),('',''),('',''),('',''),('',''),('',''),('',''),('',''),('',''),('',''),('',''),('',''),('',''),('',''),('',''),('',''),('',''),('',''),('',''),('',''),('',''),('',''),('',''),('',''),('',''),('',''),('',''),('',''),('',''),('',''),('',''),('',''),('',''),('',''),('',''),('',''),('',''),('',''),('',''),('',''),('',''),('',''),('',''),('',''),('',''),('',''),('',''),('',''),('',''),('',''),('',''),('',''),('',''),('',''),('',''),('',''),('',''),('',''),('',''),('',''),('',''),('',''),('',''),('',''),('',''),('',''),('',''),('',''),('',''),('',''),('',''),('',''),('',''),('',''),('',''),('',''),('',''),('',''),('',''),('',''),('',''),('',''),('',''),('',''),('',''),('',''),('',''),('',''),('',''),('',''),('',''),('',''),('',''),('',''),('',''),('',''),('',''),('',''),('',''),('',''),('',''),('',''),('',''),('',''),('',''),('',''),('',''),('',''),('',''),('',''),('',''),('',''),('',''),('',''),('',''),('',''),('',''),('',''),('',''),('',''),('',''),('',''),('',''),('',''),('',''),('',''),('',''),('',''),('',''),('',''),('',''),('',''),('',''),('',''),('',''),('',''),('',''),('',''),('',''),('',''),('',''),('',''),('',''),('',''),('',''),('',''),('',''),('',''),('',''),('',''),('',''),('',''),('',''),('',''),('',''),('',''),('',''),('',''),('',''),('',''),('',''),('',''),('',''),('',''),('',''),('',''),('',''),('',''),('',''),('',''),('',''),('',''),('',''),('',''),('',''),('',''),('',''),('',''),('',''),('',''),('',''),('',''),('',''),('',''),('',''),('',''),('',''),('',''),('',''),('',''),('',''),('',''),('',''),('',''),('',''),('',''),('',''),('',''),('',''),('',''),('',''),('',''),('',''),('',''),('',''),('',''),('',''),('',''),('',''),('',''),('',''),('',''),('',''),('',''),('',''),('',''),('',''),('',''),('',''),('',''),('',''),('',''),('',''),('',''),('',''),('',''),('',''),('',''),('',''),('',''),('',''),('',''),('',''),('',''),('',''),('',''),('',''),('',''),('',''),('',''),('',''),('',''),('',''),('',''),('',''),('',''),('',''),('',''),('',''),('',''),('',''),('',''),('',''),('',''),('',''),('',''),('',''),('',''),('',''),('',''),('',''),('',''),('',''),('',''),('',''),('',''),('',''),('',''),('',''),('',''),('',''),('',''),('',''),('',''),('',''),('',''),('',''),('',''),('',''),('',''),('',''),('',''),('',''),('',''),('',''),('',''),('',''),('',''),('',''),('',''),('',''),('',''),('',''),('',''),('',''),('',''),('',''),('',''),('',''),('',''),('',''),('',''),('',''),('',''),('',''),('',''),('',''),('',''),('',''),('',''),('',''),('',''),('',''),('',''),('',''),('',''),('',''),('',''),('',''),('',''),('',''),('',''),('',''),('',''),('',''),('',''),('',''),('',''),('',''),('',''),('',''),('',''),('',''),('',''),('',''),('',''),('',''),('',''),('',''),('',''),('',''),('',''),('',''),('',''),('',''),('',''),('',''),('',''),('',''),('',''),('',''),('',''),('',''),('',''),('',''),('',''),('',''),('',''),('',''),('',''),('',''),('',''),('',''),('',''),('',''),('',''),('',''),('',''),('',''),('',''),('',''),('',''),('',''),('',''),('',''),('',''),('',''),('',''),('',''),('',''),('',''),('',''),('',''),('',''),('',''),('',''),('',''),('',''),('',''),('',''),('',''),('',''),('',''),('',''),('',''),('',''),('',''),('',''),('',''),('',''),('',''),('',''),('',''),('',''),('',''),('',''),('',''),('',''),('',''),('',''),('',''),('',''),('',''),('',''),('',''),('',''),('',''),('',''),('',''),('',''),('',''),('',''),('',''),('',''),('',''),('',''),('',''),('',''),('',''),('',''),('',''),('',''),('',''),('',''),('',''),('',''),('',''),('',''),('',''),('',''),('',''),('',''),('',''),('',''),('',''),('',''),('',''),('',''),('',''),('',''),('',''),('',''),('',''),('',''),('',''),('',''),('',''),('',''),('',''),('',''),('',''),('',''),('',''),('',''),('',''),('',''),('',''),('',''),('',''),('',''),('',''),('',''),('',''),('',''),('',''),('',''),('',''),('',''),('',''),('',''),('',''),('',''),('',''),('',''),('',''),('',''),('',''),('',''),('',''),('',''),('',''),('',''),('',''),('',''),('',''),('',''),('',''),('',''),('',''),('',''),('',''),('',''),('',''),('',''),('',''),('',''),('',''),('',''),('',''),('',''),('',''),('',''),('',''),('',''),('',''),('',''),('',''),('',''),('',''),('',''),('',''),('',''),('',''),('',''),('',''),('',''),('',''),('',''),('',''),('',''),('',''),('',''),('',''),('',''),('',''),('',''),('',''),('',''),('',''),('',''),('',''),('',''),('',''),('',''),('',''),('',''),('',''),('',''),('',''),('',''),('',''),('',''),('',''),('',''),('',''),('',''),('',''),('',''),('',''),('',''),('',''),('',''),('',''),('',''),('',''),('',''),('',''),('',''),('',''),('',''),('',''),('',''),('',''),('',''),('',''),('',''),('',''),('',''),('',''),('',''),('',''),('',''),('',''),('',''),('',''),('',''),('',''),('',''),('',''),('',''),('',''),('',''),('',''),('',''),('',''),('',''),('',''),('',''),('',''),('',''),('',''),('',''),('',''),('',''),('',''),('',''),('',''),('',''),('',''),('',''),('',''),('',''),('',''),('',''),('',''),('',''),('',''),('',''),('',''),('',''),('',''),('',''),('',''),('',''),('',''),('',''),('',''),('',''),('',''),('',''),('',''),('',''),('',''),('',''),('',''),('',''),('',''),('',''),('',''),('',''),('',''),('',''),('',''),('',''),('',''),('',''),('',''),('',''),('',''),('',''),('',''),('',''),('',''),('',''),('',''),('',''),('',''),('',''),('',''),('',''),('',''),('',''),('',''),('',''),('',''),('',''),('',''),('',''),('',''),('',''),('',''),('',''),('',''),('',''),('',''),('',''),('',''),('',''),('',''),('',''),('',''),('',''),('',''),('',''),('',''),('',''),('',''),('',''),('',''),('',''),('',''),('',''),('',''),('',''),('',''),('',''),('',''),('',''),('',''),('',''),('',''),('',''),('',''),('',''),('',''),('',''),('',''),('',''),('',''),('',''),('',''),('',''),('',''),('',''),('',''),('',''),('',''),('',''),('',''),('',''),('',''),('',''),('',''),('',''),('',''),('',''),('',''),('',''),('',''),('',''),('',''),('',''),('',''),('',''),('',''),('',''),('',''),('',''),('',''),('',''),('',''),('',''),('',''),('',''),('',''),('',''),('',''),('',''),('',''),('',''),('',''),('',''),('',''),('',''),('',''),('',''),('',''),('',''),('',''),('',''),('',''),('',''),('',''),('',''),('',''),('',''),('',''),('',''),('',''),('',''),('',''),('',''),('',''),('',''),('',''),('',''),('',''),('',''),('',''),('',''),('',''),('',''),('',''),('',''),('',''),('',''),('',''),('',''),('',''),('',''),('',''),('',''),('',''),('',''),('',''),('',''),('',''),('',''),('',''),('',''),('',''),('',''),('',''),('',''),('',''),('',''),('',''),('',''),('',''),('',''),('',''),('',''),('',''),('',''),('',''),('',''),('',''),('',''),('',''),('',''),('',''),('',''),('',''),('',''),('',''),('',''),('',''),('',''),('',''),('',''),('',''),('',''),('',''),('',''),('',''),('',''),('',''),('',''),('',''),('',''),('',''),('',''),('',''),('',''),('',''),('',''),('',''),('',''),('',''),('',''),('',''),('',''),('',''),('',''),('',''),('',''),('',''),('',''),('',''),('',''),('',''),('',''),('',''),('',''),('',''),('',''),('',''),('',''),('',''),('',''),('',''),('',''),('',''),('',''),('',''),('',''),('',''),('',''),('',''),('',''),('',''),('',''),('',''),('',''),('',''),('',''),('',''),('',''),('',''),('',''),('',''),('',''),('',''),('',''),('',''),('',''),('',''),('',''),('',''),('',''),('',''),('',''),('',''),('',''),('',''),('',''),('',''),('',''),('',''),('',''),('',''),('',''),('',''),('',''),('',''),('',''),('',''),('',''),('',''),('',''),('',''),('',''),('',''),('',''),('',''),('',''),('',''),('',''),('',''),('',''),('',''),('',''),('',''),('',''),('',''),('',''),('',''),('',''),('',''),('',''),('',''),('',''),('',''),('',''),('',''),('',''),('',''),('',''),('',''),('',''),('',''),('',''),('',''),('',''),('',''),('',''),('',''),('',''),('',''),('',''),('',''),('',''),('',''),('',''),('',''),('',''),('',''),('',''),('',''),('',''),('',''),('',''),('',''),('',''),('',''),('',''),('',''),('',''),('',''),('',''),('',''),('',''),('',''),('',''),('',''),('',''),('',''),('',''),('',''),('',''),('',''),('',''),('',''),('',''),('',''),('',''),('',''),('',''),('',''),('',''),('',''),('',''),('',''),('',''),('',''),('',''),('',''),('',''),('',''),('',''),('',''),('',''),('',''),('',''),('',''),('',''),('',''),('',''),('',''),('',''),('',''),('',''),('',''),('',''),('',''),('',''),('',''),('',''),('',''),('',''),('',''),('',''),('',''),('',''),('',''),('',''),('',''),('',''),('',''),('',''),('',''),('',''),('',''),('',''),('',''),('',''),('',''),('',''),('',''),('',''),('',''),('',''),('',''),('',''),('',''),('',''),('',''),('',''),('',''),('',''),('',''),('',''),('',''),('',''),('',''),('',''),('',''),('',''),('',''),('',''),('',''),('',''),('',''),('',''),('',''),('',''),('',''),('',''),('',''),('',''),('',''),('',''),('',''),('',''),('',''),('',''),('',''),('',''),('',''),('',''),('',''),('',''),('',''),('',''),('',''),('',''),('',''),('',''),('',''),('',''),('',''),('',''),('',''),('',''),('',''),('',''),('',''),('',''),('',''),('',''),('',''),('',''),('',''),('',''),('',''),('',''),('',''),('',''),('',''),('',''),('',''),('',''),('',''),('',''),('',''),('',''),('',''),('',''),('',''),('',''),('',''),('',''),('',''),('',''),('',''),('',''),('',''),('',''),('',''),('',''),('',''),('',''),('',''),('',''),('',''),('',''),('',''),('',''),('',''),('',''),('',''),('',''),('',''),('',''),('',''),('',''),('',''),('',''),('',''),('',''),('',''),('',''),('',''),('',''),('',''),('',''),('',''),('',''),('',''),('',''),('',''),('',''),('',''),('',''),('',''),('',''),('',''),('',''),('',''),('',''),('',''),('',''),('',''),('',''),('',''),('',''),('',''),('',''),('',''),('',''),('',''),('',''),('',''),('',''),('',''),('',''),('',''),('',''),('',''),('',''),('',''),('',''),('',''),('',''),('',''),('',''),('',''),('',''),('',''),('',''),('',''),('',''),('',''),('',''),('',''),('',''),('',''),('',''),('',''),('',''),('',''),('',''),('',''),('',''),('',''),('',''),('',''),('',''),('',''),('',''),('',''),('',''),('',''),('',''),('',''),('',''),('',''),('',''),('',''),('',''),('',''),('',''),('',''),('',''),('',''),('',''),('',''),('',''),('',''),('',''),('',''),('',''),('',''),('',''),('',''),('',''),('',''),('',''),('',''),('',''),('',''),('',''),('',''),('',''),('',''),('',''),('',''),('',''),('',''),('',''),('',''),('',''),('',''),('',''),('',''),('',''),('',''),('',''),('',''),('',''),('',''),('',''),('',''),('',''),('',''),('',''),('',''),('',''),('',''),('',''),('',''),('',''),('',''),('',''),('',''),('',''),('',''),('',''),('',''),('',''),('',''),('',''),('',''),('',''),('',''),('',''),('',''),('',''),('',''),('',''),('',''),('',''),('',''),('',''),('',''),('',''),('',''),('',''),('',''),('',''),('',''),('',''),('',''),('',''),('',''),('',''),('',''),('',''),('',''),('',''),('',''),('',''),('',''),('',''),('',''),('',''),('',''),('',''),('',''),('',''),('',''),('',''),('',''),('',''),('',''),('',''),('',''),('',''),('',''),('',''),('',''),('',''),('',''),('',''),('',''),('',''),('',''),('',''),('',''),('',''),('',''),('',''),('',''),('',''),('',''),('',''),('',''),('',''),('',''),('',''),('',''),('',''),('',''),('',''),('',''),('',''),('',''),('',''),('',''),('',''),('',''),('',''),('',''),('',''),('',''),('',''),('',''),('',''),('',''),('',''),('',''),('',''),('',''),('',''),('',''),('',''),('',''),('',''),('',''),('',''),('',''),('',''),('',''),('',''),('',''),('',''),('',''),('',''),('',''),('',''),('',''),('',''),('',''),('',''),('',''),('',''),('',''),('',''),('',''),('',''),('',''),('',''),('',''),('',''),('',''),('',''),('',''),('',''),('',''),('',''),('',''),('',''),('',''),('',''),('',''),('',''),('',''),('',''),('',''),('',''),('',''),('',''),('',''),('',''),('',''),('',''),('',''),('',''),('',''),('',''),('',''),('',''),('',''),('',''),('',''),('',''),('',''),('',''),('',''),('',''),('',''),('',''),('',''),('',''),('',''),('',''),('',''),('',''),('',''),('',''),('',''),('',''),('',''),('',''),('',''),('',''),('',''),('',''),('',''),('',''),('',''),('',''),('',''),('',''),('',''),('',''),('',''),('',''),('',''),('',''),('',''),('',''),('',''),('',''),('',''),('',''),('',''),('',''),('',''),('',''),('',''),('',''),('',''),('',''),('',''),('',''),('',''),('',''),('',''),('',''),('',''),('',''),('',''),('',''),('',''),('',''),('',''),('',''),('',''),('',''),('',''),('',''),('',''),('',''),('',''),('',''),('',''),('',''),('',''),('',''),('',''),('',''),('',''),('',''),('',''),('',''),('',''),('',''),('',''),('',''),('',''),('',''),('',''),('',''),('',''),('',''),('',''),('',''),('',''),('',''),('',''),('',''),('',''),('',''),('',''),('',''),('',''),('',''),('',''),('',''),('',''),('',''),('',''),('',''),('',''),('',''),('',''),('',''),('',''),('',''),('',''),('',''),('',''),('',''),('',''),('',''),('',''),('',''),('',''),('',''),('',''),('',''),('',''),('',''),('',''),('',''),('',''),('',''),('',''),('',''),('',''),('',''),('',''),('',''),('',''),('',''),('',''),('',''),('',''),('',''),('',''),('',''),('',''),('',''),('',''),('',''),('',''),('',''),('',''),('',''),('',''),('',''),('',''),('',''),('',''),('',''),('',''),('',''),('',''),('',''),('',''),('',''),('',''),('',''),('',''),('',''),('',''),('',''),('',''),('',''),('',''),('',''),('',''),('',''),('',''),('',''),('',''),('',''),('',''),('',''),('',''),('',''),('',''),('',''),('',''),('',''),('',''),('',''),('',''),('',''),('',''),('',''),('',''),('',''),('',''),('',''),('',''),('',''),('',''),('',''),('',''),('',''),('',''),('',''),('',''),('',''),('',''),('',''),('',''),('',''),('',''),('',''),('',''),('',''),('',''),('',''),('',''),('',''),('',''),('',''),('',''),('',''),('',''),('',''),('',''),('',''),('',''),('',''),('',''),('',''),('',''),('',''),('',''),('',''),('',''),('',''),('',''),('',''),('',''),('',''),('',''),('',''),('',''),('',''),('',''),('',''),('',''),('',''),('',''),('',''),('',''),('',''),('',''),('',''),('',''),('',''),('',''),('',''),('',''),('',''),('',''),('',''),('',''),('',''),('',''),('',''),('',''),('',''),('',''),('',''),('',''),('',''),('',''),('',''),('',''),('',''),('',''),('',''),('',''),('',''),('',''),('',''),('',''),('',''),('',''),('',''),('',''),('',''),('',''),('',''),('',''),('',''),('',''),('',''),('',''),('',''),('',''),('',''),('',''),('',''),('',''),('',''),('',''),('',''),('',''),('',''),('',''),('',''),('',''),('',''),('',''),('',''),('',''),('',''),('',''),('',''),('',''),('',''),('',''),('',''),('',''),('',''),('',''),('',''),('',''),('',''),('',''),('',''),('',''),('',''),('',''),('',''),('',''),('',''),('',''),('',''),('',''),('',''),('',''),('',''),('',''),('',''),('',''),('',''),('',''),('',''),('',''),('',''),('',''),('',''),('',''),('',''),('',''),('',''),('',''),('',''),('',''),('',''),('',''),('',''),('',''),('',''),('',''),('',''),('',''),('',''),('',''),('',''),('',''),('',''),('',''),('',''),('',''),('',''),('',''),('',''),('',''),('',''),('',''),('',''),('',''),('',''),('',''),('',''),('',''),('',''),('',''),('',''),('',''),('',''),('',''),('',''),('',''),('',''),('',''),('',''),('',''),('',''),('',''),('',''),('',''),('',''),('',''),('',''),('',''),('',''),('',''),('',''),('',''),('',''),('',''),('',''),('',''),('',''),('',''),('',''),('',''),('',''),('',''),('',''),('',''),('',''),('',''),('',''),('',''),('',''),('',''),('',''),('',''),('',''),('',''),('',''),('',''),('',''),('',''),('',''),('',''),('',''),('',''),('',''),('',''),('',''),('',''),('',''),('',''),('',''),('',''),('',''),('',''),('',''),('',''),('',''),('',''),('',''),('',''),('',''),('',''),('',''),('',''),('',''),('',''),('',''),('',''),('',''),('',''),('',''),('',''),('',''),('',''),('',''),('',''),('',''),('',''),('',''),('',''),('',''),('',''),('',''),('',''),('',''),('',''),('',''),('',''),('',''),('',''),('',''),('',''),('',''),('',''),('',''),('',''),('',''),('',''),('',''),('',''),('',''),('',''),('',''),('',''),('',''),('',''),('',''),('',''),('',''),('',''),('',''),('',''),('',''),('',''),('',''),('',''),('',''),('',''),('',''),('',''),('',''),('',''),('',''),('',''),('',''),('',''),('',''),('',''),('',''),('',''),('',''),('',''),('',''),('',''),('',''),('',''),('',''),('',''),('',''),('',''),('',''),('',''),('',''),('',''),('',''),('',''),('',''),('',''),('',''),('',''),('',''),('',''),('',''),('',''),('',''),('',''),('',''),('',''),('',''),('',''),('',''),('',''),('',''),('',''),('',''),('',''),('',''),('',''),('',''),('',''),('',''),('',''),('',''),('',''),('',''),('',''),('',''),('',''),('',''),('',''),('',''),('',''),('',''),('',''),('',''),('',''),('',''),('',''),('',''),('',''),('',''),('',''),('',''),('',''),('',''),('',''),('',''),('',''),('',''),('',''),('',''),('',''),('',''),('',''),('',''),('',''),('',''),('',''),('',''),('',''),('',''),('',''),('',''),('',''),('',''),('',''),('',''),('',''),('',''),('',''),('',''),('',''),('',''),('',''),('',''),('',''),('',''),('',''),('',''),('',''),('',''),('',''),('',''),('',''),('',''),('',''),('',''),('',''),('',''),('',''),('',''),('',''),('',''),('',''),('',''),('',''),('',''),('',''),('',''),('',''),('',''),('',''),('',''),('',''),('',''),('',''),('',''),('',''),('',''),('',''),('',''),('',''),('',''),('',''),('',''),('',''),('',''),('',''),('',''),('',''),('',''),('',''),('',''),('',''),('',''),('',''),('',''),('',''),('',''),('',''),('',''),('',''),('',''),('',''),('',''),('',''),('',''),('',''),('',''),('',''),('',''),('',''),('',''),('',''),('',''),('',''),('',''),('',''),('',''),('',''),('',''),('',''),('',''),('',''),('',''),('',''),('',''),('',''),('',''),('',''),('',''),('',''),('',''),('',''),('',''),('',''),('',''),('',''),('',''),('',''),('',''),('',''),('',''),('',''),('',''),('',''),('',''),('',''),('',''),('',''),('',''),('',''),('',''),('',''),('',''),('',''),('',''),('',''),('',''),('',''),('',''),('',''),('',''),('',''),('',''),('',''),('',''),('',''),('',''),('',''),('',''),('',''),('',''),('',''),('',''),('',''),('',''),('',''),('',''),('',''),('',''),('',''),('',''),('',''),('',''),('',''),('',''),('',''),('',''),('',''),('',''),('',''),('',''),('',''),('',''),('',''),('',''),('',''),('',''),('',''),('',''),('',''),('',''),('',''),('',''),('',''),('',''),('',''),('',''),('',''),('',''),('',''),('',''),('',''),('',''),('',''),('',''),('',''),('',''),('',''),('',''),('',''),('',''),('',''),('',''),('',''),('',''),('',''),('',''),('',''),('',''),('',''),('',''),('',''),('',''),('',''),('',''),('',''),('',''),('',''),('',''),('',''),('',''),('',''),('',''),('',''),('',''),('',''),('',''),('',''),('',''),('',''),('',''),('',''),('',''),('',''),('',''),('',''),('',''),('',''),('',''),('',''),('',''),('',''),('',''),('',''),('',''),('',''),('',''),('',''),('',''),('',''),('',''),('',''),('',''),('',''),('',''),('',''),('',''),('',''),('',''),('',''),('',''),('',''),('',''),('',''),('',''),('',''),('',''),('',''),('',''),('',''),('',''),('',''),('',''),('',''),('',''),('',''),('',''),('',''),('',''),('',''),('',''),('',''),('',''),('',''),('',''),('',''),('',''),('',''),('',''),('',''),('',''),('',''),('',''),('',''),('',''),('',''),('',''),('',''),('',''),('',''),('',''),('',''),('',''),('',''),('',''),('',''),('',''),('',''),('',''),('',''),('',''),('',''),('',''),('',''),('',''),('',''),('',''),('',''),('',''),('',''),('',''),('',''),('',''),('',''),('',''),('',''),('',''),('',''),('',''),('',''),('',''),('',''),('',''),('',''),('',''),('',''),('',''),('',''),('',''),('',''),('',''),('',''),('',''),('',''),('',''),('',''),('',''),('',''),('',''),('',''),('',''),('',''),('',''),('',''),('',''),('',''),('',''),('',''),('',''),('',''),('',''),('',''),('',''),('',''),('',''),('',''),('',''),('',''),('',''),('',''),('',''),('',''),('',''),('',''),('',''),('',''),('',''),('',''),('',''),('',''),('',''),('',''),('',''),('',''),('',''),('',''),('',''),('',''),('',''),('',''),('',''),('',''),('',''),('',''),('',''),('',''),('',''),('',''),('',''),('',''),('',''),('',''),('',''),('',''),('',''),('',''),('',''),('',''),('',''),('',''),('',''),('',''),('',''),('',''),('',''),('',''),('',''),('',''),('',''),('',''),('',''),('',''),('',''),('',''),('',''),('',''),('',''),('',''),('',''),('',''),('',''),('',''),('',''),('',''),('',''),('',''),('',''),('',''),('',''),('',''),('',''),('',''),('',''),('',''),('',''),('',''),('',''),('',''),('',''),('',''),('',''),('',''),('',''),('',''),('',''),('',''),('',''),('',''),('',''),('',''),('',''),('',''),('',''),('',''),('',''),('',''),('',''),('',''),('',''),('',''),('',''),('',''),('',''),('',''),('',''),('',''),('',''),('',''),('',''),('',''),('',''),('',''),('',''),('',''),('',''),('',''),('',''),('',''),('',''),('',''),('',''),('',''),('',''),('',''),('',''),('',''),('',''),('',''),('',''),('',''),('',''),('',''),('',''),('',''),('',''),('',''),('',''),('',''),('',''),('',''),('',''),('',''),('',''),('',''),('',''),('',''),('',''),('',''),('',''),('',''),('',''),('',''),('',''),('',''),('',''),('',''),('',''),('',''),('',''),('',''),('',''),('',''),('',''),('',''),('',''),('',''),('',''),('',''),('',''),('',''),('',''),('',''),('',''),('',''),('',''),('',''),('',''),('',''),('',''),('',''),('',''),('',''),('',''),('',''),('',''),('',''),('',''),('',''),('',''),('',''),('',''),('',''),('',''),('',''),('',''),('',''),('',''),('',''),('',''),('',''),('',''),('',''),('',''),('',''),('',''),('',''),('',''),('',''),('',''),('',''),('',''),('',''),('',''),('',''),('',''),('',''),('',''),('',''),('',''),('',''),('',''),('',''),('',''),('',''),('',''),('',''),('',''),('',''),('',''),('',''),('',''),('',''),('',''),('',''),('',''),('',''),('',''),('',''),('',''),('',''),('',''),('',''),('',''),('',''),('',''),('',''),('',''),('',''),('',''),('',''),('',''),('',''),('',''),('',''),('',''),('',''),('',''),('',''),('',''),('',''),('',''),('',''),('',''),('',''),('',''),('',''),('',''),('',''),('',''),('',''),('',''),('',''),('',''),('',''),('',''),('',''),('',''),('',''),('',''),('',''),('',''),('',''),('',''),('',''),('',''),('',''),('',''),('',''),('',''),('',''),('',''),('',''),('',''),('',''),('',''),('',''),('',''),('',''),('',''),('',''),('',''),('',''),('',''),('',''),('',''),('',''),('',''),('',''),('',''),('',''),('',''),('',''),('',''),('',''),('',''),('',''),('',''),('',''),('',''),('',''),('',''),('',''),('',''),('',''),('',''),('',''),('',''),('',''),('',''),('',''),('',''),('',''),('',''),('',''),('',''),('',''),('',''),('',''),('',''),('',''),('',''),('',''),('',''),('',''),('',''),('',''),('',''),('',''),('',''),('',''),('',''),('',''),('',''),('',''),('',''),('',''),('',''),('',''),('',''),('',''),('',''),('',''),('',''),('',''),('',''),('',''),('',''),('',''),('',''),('',''),('',''),('',''),('',''),('',''),('',''),('',''),('',''),('',''),('',''),('',''),('',''),('',''),('',''),('',''),('',''),('',''),('',''),('',''),('',''),('',''),('',''),('',''),('',''),('',''),('',''),('',''),('',''),('',''),('',''),('',''),('',''),('',''),('',''),('',''),('',''),('',''),('',''),('',''),('',''),('',''),('',''),('',''),('',''),('',''),('',''),('',''),('',''),('',''),('',''),('',''),('',''),('',''),('',''),('',''),('',''),('',''),('',''),('',''),('',''),('',''),('',''),('',''),('',''),('',''),('',''),('',''),('',''),('',''),('',''),('',''),('',''),('',''),('',''),('',''),('',''),('',''),('',''),('',''),('',''),('',''),('',''),('',''),('',''),('',''),('',''),('',''),('',''),('',''),('',''),('',''),('',''),('',''),('',''),('',''),('',''),('',''),('',''),('',''),('',''),('',''),('',''),('',''),('',''),('',''),('',''),('',''),('',''),('',''),('',''),('',''),('',''),('',''),('',''),('',''),('',''),('',''),('',''),('',''),('',''),('',''),('',''),('',''),('',''),('',''),('',''),('',''),('',''),('',''),('',''),('',''),('',''),('',''),('',''),('',''),('',''),('',''),('',''),('',''),('',''),('',''),('',''),('',''),('',''),('',''),('',''),('',''),('',''),('',''),('',''),('',''),('',''),('',''),('',''),('',''),('',''),('',''),('',''),('',''),('',''),('',''),('',''),('',''),('',''),('',''),('',''),('',''),('',''),('',''),('',''),('',''),('',''),('',''),('',''),('',''),('',''),('',''),('',''),('',''),('',''),('',''),('',''),('',''),('',''),('',''),('',''),('',''),('',''),('',''),('',''),('',''),('',''),('',''),('',''),('',''),('',''),('',''),('',''),('',''),('',''),('',''),('',''),('',''),('',''),('',''),('',''),('',''),('',''),('',''),('',''),('',''),('',''),('',''),('',''),('',''),('',''),('',''),('',''),('',''),('',''),('',''),('',''),('',''),('',''),('',''),('',''),('',''),('',''),('',''),('',''),('',''),('',''),('',''),('',''),('',''),('',''),('',''),('',''),('',''),('',''),('',''),('',''),('',''),('',''),('',''),('',''),('',''),('',''),('',''),('',''),('',''),('',''),('',''),('',''),('',''),('',''),('',''),('',''),('',''),('',''),('',''),('',''),('',''),('',''),('',''),('',''),('',''),('',''),('',''),('',''),('',''),('',''),('',''),('',''),('',''),('',''),('',''),('',''),('',''),('',''),('',''),('',''),('',''),('',''),('',''),('',''),('',''),('',''),('',''),('',''),('',''),('',''),('',''),('',''),('',''),('',''),('',''),('',''),('',''),('',''),('',''),('',''),('',''),('',''),('',''),('',''),('',''),('',''),('',''),('',''),('',''),('',''),('',''),('',''),('',''),('',''),('',''),('',''),('',''),('',''),('',''),('',''),('',''),('',''),('',''),('',''),('',''),('',''),('',''),('',''),('',''),('',''),('',''),('',''),('',''),('',''),('',''),('',''),('',''),('',''),('',''),('',''),('',''),('',''),('',''),('',''),('',''),('',''),('',''),('',''),('',''),('',''),('',''),('',''),('',''),('',''),('',''),('',''),('',''),('',''),('',''),('',''),('',''),('',''),('',''),('',''),('',''),('',''),('',''),('',''),('',''),('',''),('',''),('',''),('',''),('',''),('',''),('',''),('',''),('',''),('',''),('',''),('',''),('',''),('',''),('',''),('',''),('',''),('',''),('',''),('',''),('',''),('',''),('',''),('',''),('',''),('',''),('',''),('',''),('',''),('',''),('',''),('',''),('',''),('',''),('',''),('',''),('',''),('',''),('',''),('',''),('',''),('',''),('',''),('',''),('',''),('',''),('',''),('',''),('',''),('',''),('',''),('',''),('',''),('',''),('',''),('',''),('',''),('',''),('',''),('',''),('',''),('',''),('',''),('',''),('',''),('',''),('',''),('',''),('',''),('',''),('',''),('',''),('',''),('',''),('',''),('',''),('',''),('',''),('',''),('',''),('',''),('',''),('',''),('',''),('',''),('',''),('',''),('',''),('',''),('',''),('',''),('',''),('',''),('',''),('',''),('',''),('',''),('',''),('',''),('',''),('',''),('',''),('',''),('',''),('',''),('',''),('',''),('',''),('',''),('',''),('',''),('',''),('',''),('',''),('',''),('',''),('',''),('',''),('',''),('',''),('',''),('',''),('',''),('',''),('',''),('',''),('',''),('',''),('',''),('',''),('',''),('',''),('',''),('',''),('',''),('',''),('',''),('',''),('',''),('',''),('',''),('',''),('',''),('',''),('',''),('',''),('',''),('',''),('',''),('',''),('',''),('',''),('',''),('',''),('',''),('',''),('',''),('',''),('',''),('',''),('',''),('',''),('',''),('',''),('',''),('',''),('',''),('',''),('',''),('',''),('',''),('',''),('',''),('',''),('',''),('',''),('',''),('',''),('',''),('',''),('',''),('',''),('',''),('',''),('',''),('',''),('',''),('',''),('',''),('',''),('',''),('',''),('',''),('',''),('',''),('',''),('',''),('',''),('',''),('',''),('',''),('',''),('',''),('',''),('',''),('',''),('',''),('',''),('',''),('',''),('',''),('',''),('',''),('',''),('',''),('',''),('',''),('',''),('',''),('',''),('',''),('',''),('',''),('',''),('',''),('',''),('',''),('',''),('',''),('',''),('',''),('',''),('',''),('',''),('',''),('',''),('',''),('',''),('',''),('',''),('',''),('',''),('',''),('',''),('',''),('',''),('',''),('',''),('',''),('',''),('',''),('',''),('',''),('',''),('',''),('',''),('',''),('',''),('',''),('',''),('',''),('',''),('',''),('',''),('',''),('',''),('',''),('',''),('',''),('',''),('',''),('',''),('',''),('',''),('',''),('',''),('',''),('',''),('',''),('',''),('',''),('',''),('',''),('',''),('',''),('',''),('',''),('',''),('',''),('',''),('',''),('',''),('',''),('',''),('',''),('',''),('',''),('',''),('',''),('',''),('',''),('',''),('',''),('',''),('',''),('',''),('',''),('',''),('',''),('',''),('',''),('',''),('',''),('',''),('',''),('',''),('',''),('',''),('',''),('',''),('',''),('',''),('',''),('',''),('',''),('',''),('',''),('',''),('',''),('',''),('',''),('',''),('',''),('',''),('',''),('',''),('',''),('',''),('',''),('',''),('',''),('',''),('',''),('',''),('',''),('',''),('',''),('',''),('',''),('',''),('',''),('',''),('',''),('',''),('',''),('',''),('',''),('',''),('',''),('',''),('',''),('',''),('',''),('',''),('',''),('',''),('',''),('',''),('',''),('',''),('',''),('',''),('',''),('',''),('',''),('',''),('',''),('',''),('',''),('',''),('',''),('',''),('',''),('',''),('',''),('',''),('',''),('',''),('',''),('',''),('',''),('',''),('',''),('',''),('',''),('',''),('',''),('',''),('',''),('',''),('',''),('',''),('',''),('',''),('',''),('',''),('',''),('',''),('',''),('',''),('',''),('',''),('',''),('',''),('',''),('',''),('',''),('',''),('',''),('',''),('',''),('',''),('',''),('',''),('',''),('',''),('',''),('',''),('',''),('',''),('',''),('',''),('',''),('',''),('',''),('',''),('',''),('',''),('',''),('',''),('',''),('',''),('',''),('',''),('',''),('',''),('',''),('',''),('',''),('',''),('',''),('',''),('',''),('',''),('',''),('',''),('',''),('',''),('',''),('',''),('',''),('',''),('',''),('',''),('',''),('',''),('',''),('',''),('',''),('',''),('',''),('',''),('',''),('',''),('',''),('',''),('',''),('',''),('',''),('',''),('',''),('',''),('',''),('',''),('',''),('',''),('',''),('',''),('',''),('',''),('',''),('',''),('',''),('',''),('',''),('',''),('',''),('',''),('',''),('',''),('',''),('',''),('',''),('',''),('',''),('',''),('',''),('',''),('',''),('',''),('',''),('',''),('',''),('',''),('',''),('',''),('',''),('',''),('',''),('',''),('',''),('',''),('',''),('',''),('',''),('',''),('',''),('',''),('',''),('',''),('',''),('',''),('',''),('',''),('',''),('',''),('',''),('',''),('',''),('',''),('',''),('',''),('',''),('',''),('',''),('',''),('',''),('',''),('',''),('',''),('',''),('',''),('',''),('',''),('',''),('',''),('',''),('',''),('',''),('',''),('',''),('',''),('',''),('',''),('',''),('',''),('',''),('',''),('',''),('',''),('',''),('',''),('',''),('',''),('',''),('',''),('',''),('',''),('',''),('',''),('',''),('',''),('',''),('',''),('',''),('',''),('',''),('',''),('',''),('',''),('',''),('',''),('',''),('',''),('',''),('',''),('',''),('',''),('',''),('',''),('',''),('',''),('',''),('',''),('',''),('',''),('',''),('',''),('',''),('',''),('',''),('',''),('',''),('',''),('',''),('',''),('',''),('',''),('',''),('',''),('',''),('',''),('',''),('',''),('',''),('',''),('',''),('',''),('',''),('',''),('',''),('',''),('',''),('',''),('',''),('',''),('',''),('',''),('',''),('',''),('',''),('',''),('',''),('',''),('',''),('',''),('',''),('',''),('',''),('',''),('',''),('',''),('',''),('',''),('',''),('',''),('',''),('',''),('',''),('',''),('',''),('',''),('',''),('',''),('',''),('',''),('',''),('',''),('',''),('',''),('',''),('',''),('',''),('',''),('',''),('',''),('',''),('',''),('',''),('',''),('',''),('',''),('',''),('',''),('',''),('',''),('',''),('',''),('',''),('',''),('',''),('',''),('',''),('',''),('',''),('',''),('',''),('',''),('',''),('',''),('',''),('',''),('',''),('',''),('',''),('',''),('',''),('',''),('',''),('',''),('',''),('',''),('',''),('',''),('',''),('',''),('',''),('',''),('',''),('',''),('',''),('',''),('',''),('',''),('',''),('',''),('',''),('',''),('',''),('',''),('',''),('',''),('',''),('',''),('',''),('',''),('',''),('',''),('',''),('',''),('',''),('',''),('',''),('',''),('',''),('',''),('',''),('',''),('',''),('',''),('',''),('',''),('',''),('',''),('',''),('',''),('',''),('',''),('',''),('',''),('',''),('',''),('',''),('',''),('',''),('',''),('',''),('',''),('',''),('',''),('',''),('',''),('',''),('',''),('',''),('',''),('',''),('',''),('',''),('',''),('',''),('',''),('',''),('',''),('',''),('',''),('',''),('',''),('',''),('',''),('',''),('',''),('',''),('',''),('',''),('',''),('',''),('',''),('',''),('',''),('',''),('',''),('',''),('',''),('',''),('',''),('',''),('',''),('',''),('',''),('',''),('',''),('',''),('',''),('',''),('',''),('',''),('',''),('',''),('',''),('',''),('',''),('',''),('',''),('',''),('',''),('',''),('',''),('',''),('',''),('',''),('',''),('',''),('',''),('',''),('',''),('',''),('',''),('',''),('',''),('',''),('',''),('',''),('',''),('',''),('',''),('',''),('',''),('',''),('',''),('',''),('',''),('',''),('',''),('',''),('',''),('',''),('',''),('',''),('',''),('',''),('',''),('',''),('',''),('',''),('',''),('',''),('',''),('',''),('',''),('',''),('',''),('',''),('',''),('',''),('',''),('',''),('',''),('',''),('',''),('',''),('',''),('',''),('',''),('',''),('',''),('',''),('',''),('',''),('',''),('',''),('',''),('',''),('',''),('',''),('',''),('',''),('',''),('',''),('',''),('',''),('',''),('',''),('',''),('',''),('',''),('',''),('',''),('',''),('',''),('',''),('',''),('',''),('',''),('',''),('',''),('',''),('',''),('',''),('',''),('',''),('',''),('',''),('',''),('',''),('',''),('',''),('',''),('',''),('',''),('',''),('',''),('',''),('',''),('',''),('',''),('',''),('',''),('',''),('',''),('',''),('',''),('',''),('',''),('',''),('',''),('',''),('',''),('',''),('',''),('',''),('',''),('',''),('',''),('',''),('',''),('',''),('',''),('',''),('',''),('',''),('',''),('',''),('',''),('',''),('',''),('',''),('',''),('',''),('',''),('',''),('',''),('',''),('',''),('',''),('',''),('',''),('',''),('',''),('',''),('',''),('',''),('',''),('',''),('',''),('',''),('',''),('',''),('',''),('',''),('',''),('',''),('',''),('',''),('',''),('',''),('',''),('',''),('',''),('',''),('',''),('',''),('',''),('',''),('',''),('',''),('',''),('',''),('',''),('',''),('',''),('',''),('',''),('',''),('',''),('',''),('',''),('',''),('',''),('',''),('',''),('',''),('',''),('',''),('',''),('',''),('',''),('',''),('',''),('',''),('',''),('',''),('',''),('',''),('',''),('',''),('',''),('',''),('',''),('',''),('',''),('',''),('',''),('',''),('',''),('',''),('',''),('',''),('',''),('',''),('',''),('',''),('',''),('',''),('',''),('',''),('',''),('',''),('',''),('',''),('',''),('',''),('',''),('',''),('',''),('',''),('',''),('',''),('',''),('',''),('',''),('',''),('',''),('',''),('',''),('',''),('',''),('',''),('',''),('',''),('',''),('',''),('',''),('',''),('',''),('',''),('',''),('',''),('',''),('',''),('',''),('',''),('',''),('',''),('',''),('',''),('',''),('',''),('',''),('',''),('',''),('',''),('',''),('',''),('',''),('',''),('',''),('',''),('',''),('',''),('',''),('',''),('',''),('',''),('',''),('',''),('',''),('',''),('',''),('',''),('',''),('',''),('',''),('',''),('',''),('',''),('',''),('',''),('',''),('',''),('',''),('',''),('',''),('',''),('',''),('',''),('',''),('',''),('',''),('',''),('',''),('',''),('',''),('',''),('',''),('',''),('',''),('',''),('',''),('',''),('',''),('',''),('',''),('',''),('',''),('',''),('',''),('',''),('',''),('',''),('',''),('',''),('',''),('',''),('',''),('',''),('',''),('',''),('',''),('',''),('',''),('',''),('',''),('',''),('',''),('',''),('',''),('',''),('',''),('',''),('',''),('',''),('',''),('',''),('',''),('',''),('',''),('',''),('',''),('',''),('',''),('',''),('',''),('',''),('',''),('',''),('',''),('',''),('',''),('',''),('',''),('',''),('',''),('',''),('',''),('',''),('',''),('',''),('',''),('',''),('',''),('',''),('',''),('',''),('',''),('',''),('',''),('',''),('',''),('',''),('',''),('',''),('',''),('',''),('',''),('',''),('',''),('',''),('',''),('',''),('',''),('',''),('',''),('',''),('',''),('',''),('',''),('',''),('',''),('',''),('',''),('',''),('',''),('',''),('',''),('',''),('',''),('',''),('',''),('',''),('',''),('',''),('',''),('',''),('',''),('',''),('',''),('',''),('',''),('',''),('',''),('',''),('',''),('',''),('',''),('',''),('',''),('',''),('',''),('',''),('',''),('',''),('',''),('',''),('',''),('',''),('',''),('',''),('',''),('',''),('',''),('',''),('',''),('',''),('',''),('',''),('',''),('',''),('',''),('',''),('',''),('',''),('',''),('',''),('',''),('',''),('',''),('',''),('',''),('',''),('',''),('',''),('',''),('',''),('',''),('',''),('',''),('',''),('',''),('',''),('',''),('',''),('',''),('',''),('',''),('',''),('',''),('',''),('',''),('',''),('',''),('',''),('',''),('',''),('',''),('',''),('',''),('',''),('',''),('',''),('',''),('',''),('',''),('',''),('',''),('',''),('',''),('',''),('',''),('',''),('',''),('',''),('',''),('',''),('',''),('',''),('',''),('',''),('',''),('',''),('',''),('',''),('',''),('',''),('',''),('',''),('',''),('',''),('',''),('',''),('',''),('',''),('',''),('',''),('',''),('',''),('',''),('',''),('',''),('',''),('',''),('',''),('',''),('',''),('',''),('',''),('',''),('',''),('',''),('',''),('',''),('',''),('',''),('',''),('',''),('',''),('',''),('',''),('',''),('',''),('',''),('',''),('',''),('',''),('',''),('',''),('',''),('',''),('',''),('',''),('',''),('',''),('',''),('',''),('',''),('',''),('',''),('',''),('',''),('',''),('',''),('',''),('',''),('',''),('',''),('',''),('',''),('',''),('',''),('',''),('',''),('',''),('',''),('',''),('',''),('',''),('',''),('',''),('',''),('',''),('',''),('',''),('',''),('',''),('',''),('',''),('',''),('',''),('',''),('',''),('',''),('',''),('',''),('',''),('',''),('',''),('',''),('',''),('',''),('',''),('',''),('',''),('',''),('',''),('',''),('',''),('',''),('',''),('',''),('',''),('',''),('',''),('',''),('',''),('',''),('',''),('',''),('',''),('',''),('',''),('',''),('',''),('',''),('',''),('',''),('',''),('',''),('',''),('',''),('',''),('',''),('',''),('',''),('',''),('',''),('',''),('',''),('',''),('',''),('',''),('',''),('',''),('',''),('',''),('',''),('',''),('',''),('',''),('',''),('',''),('',''),('',''),('',''),('',''),('',''),('',''),('',''),('',''),('',''),('',''),('',''),('',''),('',''),('',''),('',''),('',''),('',''),('',''),('',''),('',''),('',''),('',''),('',''),('',''),('',''),('',''),('',''),('',''),('',''),('',''),('',''),('',''),('',''),('',''),('',''),('',''),('',''),('',''),('',''),('',''),('',''),('',''),('',''),('',''),('',''),('',''),('',''),('',''),('',''),('',''),('',''),('',''),('',''),('',''),('',''),('',''),('',''),('',''),('',''),('',''),('',''),('',''),('',''),('',''),('',''),('',''),('',''),('',''),('',''),('',''),('',''),('',''),('',''),('',''),('',''),('',''),('',''),('',''),('',''),('',''),('',''),('',''),('',''),('',''),('',''),('',''),('',''),('',''),('',''),('',''),('',''),('',''),('',''),('',''),('',''),('',''),('',''),('',''),('',''),('',''),('',''),('',''),('',''),('',''),('',''),('',''),('',''),('',''),('',''),('',''),('',''),('',''),('',''),('',''),('',''),('',''),('',''),('',''),('',''),('',''),('',''),('',''),('',''),('',''),('',''),('',''),('',''),('',''),('',''),('',''),('',''),('',''),('',''),('',''),('',''),('',''),('',''),('',''),('',''),('',''),('',''),('',''),('',''),('',''),('',''),('',''),('',''),('',''),('',''),('',''),('',''),('',''),('',''),('',''),('',''),('',''),('',''),('',''),('',''),('',''),('',''),('',''),('',''),('',''),('',''),('',''),('',''),('',''),('',''),('',''),('',''),('',''),('',''),('',''),('',''),('',''),('',''),('',''),('',''),('',''),('',''),('',''),('',''),('',''),('',''),('',''),('',''),('',''),('',''),('',''),('',''),('',''),('',''),('',''),('',''),('',''),('',''),('',''),('',''),('',''),('',''),('',''),('',''),('',''),('',''),('',''),('',''),('',''),('',''),('',''),('',''),('',''),('',''),('',''),('',''),('',''),('',''),('',''),('',''),('',''),('',''),('',''),('',''),('',''),('',''),('',''),('',''),('',''),('',''),('',''),('',''),('',''),('',''),('',''),('',''),('',''),('',''),('',''),('',''),('',''),('',''),('',''),('',''),('',''),('',''),('',''),('',''),('',''),('',''),('',''),('',''),('',''),('',''),('',''),('',''),('',''),('',''),('',''),('',''),('',''),('',''),('',''),('',''),('',''),('',''),('',''),('',''),('',''),('',''),('',''),('',''),('',''),('',''),('',''),('',''),('',''),('',''),('',''),('',''),('',''),('',''),('',''),('',''),('',''),('',''),('',''),('',''),('',''),('',''),('',''),('',''),('',''),('',''),('',''),('',''),('',''),('',''),('',''),('',''),('',''),('',''),('',''),('',''),('',''),('',''),('',''),('',''),('',''),('',''),('',''),('',''),('',''),('',''),('',''),('',''),('',''),('',''),('',''),('',''),('',''),('',''),('',''),('',''),('',''),('',''),('',''),('',''),('',''),('',''),('',''),('',''),('',''),('',''),('',''),('',''),('',''),('',''),('',''),('',''),('',''),('',''),('',''),('',''),('',''),('',''),('',''),('',''),('',''),('',''),('',''),('',''),('',''),('',''),('',''),('',''),('',''),('',''),('',''),('',''),('',''),('',''),('',''),('',''),('',''),('',''),('',''),('',''),('',''),('',''),('',''),('',''),('',''),('',''),('',''),('',''),('',''),('',''),('',''),('',''),('',''),('',''),('',''),('',''),('',''),('',''),('',''),('',''),('',''),('',''),('',''),('',''),('',''),('',''),('',''),('',''),('',''),('',''),('',''),('',''),('',''),('',''),('',''),('',''),('',''),('',''),('',''),('',''),('',''),('',''),('',''),('',''),('',''),('',''),('',''),('',''),('',''),('',''),('',''),('',''),('',''),('',''),('',''),('',''),('',''),('',''),('',''),('',''),('',''),('',''),('',''),('',''),('',''),('',''),('',''),('',''),('',''),('',''),('',''),('',''),('',''),('',''),('',''),('',''),('',''),('',''),('',''),('',''),('',''),('',''),('',''),('',''),('',''),('',''),('',''),('',''),('',''),('',''),('',''),('',''),('',''),('',''),('',''),('',''),('',''),('',''),('',''),('',''),('',''),('',''),('',''),('',''),('',''),('',''),('',''),('',''),('',''),('',''),('',''),('',''),('',''),('',''),('',''),('',''),('',''),('',''),('',''),('',''),('',''),('',''),('',''),('',''),('',''),('',''),('',''),('',''),('',''),('',''),('',''),('',''),('',''),('',''),('',''),('',''),('',''),('',''),('',''),('',''),('',''),('',''),('',''),('',''),('',''),('',''),('',''),('',''),('',''),('',''),('',''),('',''),('',''),('',''),('',''),('',''),('',''),('',''),('',''),('',''),('',''),('',''),('',''),('',''),('',''),('',''),('',''),('',''),('',''),('',''),('',''),('',''),('',''),('',''),('',''),('',''),('',''),('',''),('',''),('',''),('',''),('',''),('',''),('',''),('',''),('',''),('',''),('',''),('',''),('',''),('',''),('',''),('',''),('',''),('',''),('',''),('',''),('',''),('',''),('',''),('',''),('',''),('',''),('',''),('',''),('',''),('',''),('',''),('',''),('',''),('',''),('',''),('',''),('',''),('',''),('',''),('',''),('',''),('',''),('',''),('',''),('',''),('',''),('',''),('',''),('',''),('',''),('',''),('',''),('',''),('',''),('',''),('',''),('',''),('',''),('',''),('',''),('',''),('',''),('',''),('',''),('',''),('',''),('',''),('',''),('',''),('',''),('',''),('',''),('',''),('',''),('',''),('',''),('',''),('',''),('',''),('',''),('',''),('',''),('',''),('',''),('',''),('',''),('',''),('',''),('',''),('',''),('',''),('',''),('',''),('',''),('',''),('',''),('',''),('',''),('',''),('',''),('',''),('',''),('',''),('',''),('',''),('',''),('',''),('',''),('',''),('',''),('',''),('',''),('',''),('',''),('',''),('',''),('',''),('',''),('',''),('',''),('',''),('',''),('',''),('',''),('',''),('',''),('',''),('',''),('',''),('',''),('',''),('',''),('',''),('',''),('',''),('',''),('',''),('',''),('',''),('',''),('',''),('',''),('',''),('',''),('',''),('',''),('',''),('',''),('',''),('',''),('',''),('',''),('',''),('',''),('',''),('',''),('',''),('',''),('',''),('',''),('',''),('',''),('',''),('',''),('',''),('',''),('',''),('',''),('',''),('',''),('',''),('',''),('',''),('',''),('',''),('',''),('',''),('',''),('',''),('',''),('',''),('',''),('',''),('',''),('',''),('',''),('',''),('',''),('',''),('',''),('',''),('',''),('',''),('',''),('',''),('',''),('',''),('',''),('',''),('',''),('',''),('',''),('',''),('',''),('',''),('',''),('',''),('',''),('',''),('',''),('',''),('',''),('',''),('',''),('',''),('',''),('',''),('',''),('',''),('',''),('',''),('',''),('',''),('',''),('',''),('',''),('',''),('',''),('',''),('',''),('',''),('',''),('',''),('',''),('',''),('',''),('',''),('',''),('',''),('',''),('',''),('',''),('',''),('',''),('',''),('',''),('',''),('',''),('',''),('',''),('',''),('',''),('',''),('',''),('',''),('',''),('',''),('',''),('',''),('',''),('',''),('',''),('',''),('',''),('',''),('',''),('',''),('',''),('',''),('',''),('',''),('',''),('',''),('',''),('',''),('',''),('',''),('',''),('',''),('',''),('',''),('',''),('',''),('',''),('',''),('',''),('',''),('',''),('',''),('',''),('',''),('',''),('',''),('',''),('',''),('',''),('',''),('',''),('',''),('',''),('',''),('',''),('',''),('',''),('',''),('',''),('',''),('',''),('',''),('',''),('',''),('',''),('',''),('',''),('',''),('',''),('',''),('',''),('',''),('',''),('',''),('',''),('',''),('',''),('',''),('',''),('',''),('',''),('',''),('',''),('',''),('',''),('',''),('',''),('',''),('',''),('',''),('',''),('',''),('',''),('',''),('',''),('',''),('',''),('',''),('',''),('',''),('',''),('',''),('',''),('',''),('',''),('',''),('',''),('',''),('',''),('',''),('',''),('',''),('',''),('',''),('',''),('',''),('',''),('',''),('',''),('',''),('',''),('',''),('',''),('',''),('',''),('',''),('',''),('',''),('',''),('',''),('',''),('',''),('',''),('',''),('',''),('',''),('',''),('',''),('',''),('',''),('',''),('',''),('',''),('',''),('',''),('',''),('',''),('',''),('',''),('',''),('',''),('',''),('',''),('',''),('',''),('',''),('',''),('',''),('',''),('',''),('',''),('',''),('',''),('',''),('',''),('',''),('',''),('',''),('',''),('',''),('',''),('',''),('',''),('',''),('',''),('',''),('',''),('',''),('',''),('',''),('',''),('',''),('',''),('',''),('',''),('',''),('',''),('',''),('',''),('',''),('',''),('',''),('',''),('',''),('',''),('',''),('',''),('',''),('',''),('',''),('',''),('',''),('',''),('',''),('',''),('',''),('',''),('',''),('',''),('',''),('',''),('',''),('',''),('',''),('',''),('',''),('',''),('',''),('',''),('',''),('',''),('',''),('',''),('',''),('',''),('',''),('',''),('',''),('',''),('',''),('',''),('',''),('',''),('',''),('',''),('',''),('',''),('',''),('',''),('',''),('',''),('',''),('',''),('',''),('',''),('',''),('',''),('',''),('',''),('',''),('',''),('',''),('',''),('',''),('',''),('',''),('',''),('',''),('',''),('',''),('',''),('',''),('',''),('',''),('',''),('',''),('',''),('',''),('',''),('',''),('',''),('',''),('',''),('',''),('',''),('',''),('',''),('',''),('',''),('',''),('',''),('',''),('',''),('',''),('',''),('',''),('',''),('',''),('',''),('',''),('',''),('',''),('',''),('',''),('',''),('',''),('',''),('',''),('',''),('',''),('',''),('',''),('',''),('',''),('',''),('',''),('',''),('',''),('',''),('',''),('',''),('',''),('',''),('',''),('',''),('',''),('',''),('',''),('',''),('',''),('',''),('',''),('',''),('',''),('',''),('',''),('',''),('',''),('',''),('',''),('',''),('',''),('',''),('',''),('',''),('',''),('',''),('',''),('',''),('',''),('',''),('',''),('',''),('',''),('',''),('',''),('',''),('',''),('',''),('',''),('',''),('',''),('',''),('',''),('',''),('',''),('',''),('',''),('',''),('',''),('',''),('',''),('',''),('',''),('',''),('',''),('',''),('',''),('',''),('',''),('',''),('',''),('',''),('',''),('',''),('',''),('',''),('',''),('',''),('',''),('',''),('',''),('',''),('',''),('',''),('',''),('',''),('',''),('',''),('',''),('',''),('',''),('',''),('',''),('',''),('',''),('',''),('',''),('',''),('',''),('',''),('',''),('',''),('',''),('',''),('',''),('',''),('',''),('',''),('',''),('',''),('',''),('',''),('',''),('',''),('',''),('',''),('',''),('',''),('',''),('',''),('',''),('',''),('',''),('',''),('',''),('',''),('',''),('',''),('',''),('',''),('',''),('',''),('',''),('',''),('',''),('',''),('',''),('',''),('',''),('',''),('',''),('',''),('',''),('',''),('',''),('',''),('',''),('',''),('',''),('',''),('',''),('',''),('',''),('',''),('',''),('',''),('',''),('',''),('',''),('',''),('',''),('',''),('',''),('',''),('',''),('',''),('',''),('',''),('',''),('',''),('',''),('',''),('',''),('',''),('',''),('',''),('',''),('',''),('',''),('',''),('',''),('',''),('',''),('',''),('',''),('',''),('',''),('',''),('',''),('',''),('',''),('',''),('',''),('',''),('',''),('',''),('',''),('',''),('',''),('',''),('',''),('',''),('',''),('',''),('',''),('',''),('',''),('',''),('',''),('',''),('',''),('',''),('',''),('',''),('',''),('',''),('',''),('',''),('',''),('',''),('',''),('',''),('',''),('',''),('',''),('',''),('',''),('',''),('',''),('',''),('',''),('',''),('',''),('',''),('',''),('',''),('',''),('',''),('',''),('',''),('',''),('',''),('',''),('',''),('',''),('',''),('',''),('',''),('',''),('',''),('',''),('',''),('',''),('',''),('',''),('',''),('',''),('',''),('',''),('',''),('',''),('',''),('',''),('',''),('',''),('',''),('',''),('',''),('',''),('',''),('',''),('',''),('',''),('',''),('',''),('',''),('',''),('',''),('',''),('',''),('',''),('',''),('',''),('',''),('',''),('',''),('',''),('',''),('',''),('',''),('',''),('',''),('',''),('',''),('',''),('',''),('',''),('',''),('',''),('',''),('',''),('',''),('',''),('',''),('',''),('',''),('',''),('',''),('',''),('',''),('',''),('',''),('',''),('',''),('',''),('',''),('',''),('',''),('',''),('',''),('',''),('',''),('',''),('',''),('',''),('',''),('',''),('',''),('',''),('',''),('',''),('',''),('',''),('',''),('',''),('',''),('',''),('',''),('',''),('',''),('',''),('',''),('',''),('',''),('',''),('',''),('',''),('',''),('',''),('',''),('',''),('',''),('',''),('',''),('',''),('',''),('',''),('',''),('',''),('',''),('',''),('',''),('',''),('',''),('',''),('',''),('',''),('',''),('',''),('',''),('',''),('',''),('',''),('',''),('',''),('',''),('',''),('',''),('',''),('',''),('',''),('',''),('',''),('',''),('',''),('',''),('',''),('',''),('',''),('',''),('',''),('',''),('',''),('',''),('',''),('',''),('',''),('',''),('',''),('',''),('',''),('',''),('',''),('',''),('',''),('',''),('',''),('',''),('',''),('',''),('',''),('',''),('',''),('',''),('',''),('',''),('',''),('',''),('',''),('',''),('',''),('',''),('',''),('',''),('',''),('',''),('',''),('',''),('',''),('',''),('',''),('',''),('',''),('',''),('',''),('',''),('',''),('',''),('',''),('',''),('',''),('',''),('',''),('',''),('',''),('',''),('',''),('',''),('',''),('',''),('',''),('',''),('',''),('',''),('',''),('',''),('',''),('',''),('',''),('',''),('',''),('',''),('',''),('',''),('',''),('',''),('',''),('',''),('',''),('',''),('',''),('',''),('',''),('',''),('',''),('',''),('',''),('',''),('',''),('',''),('',''),('',''),('',''),('',''),('',''),('',''),('',''),('',''),('',''),('',''),('',''),('',''),('',''),('',''),('',''),('',''),('',''),('',''),('',''),('',''),('',''),('',''),('',''),('',''),('',''),('',''),('',''),('',''),('',''),('',''),('',''),('',''),('',''),('',''),('',''),('',''),('',''),('',''),('',''),('',''),('',''),('',''),('',''),('',''),('',''),('',''),('',''),('',''),('',''),('',''),('',''),('',''),('',''),('',''),('',''),('',''),('',''),('',''),('',''),('',''),('',''),('',''),('',''),('',''),('',''),('',''),('',''),('',''),('',''),('',''),('',''),('',''),('',''),('',''),('',''),('',''),('',''),('',''),('',''),('',''),('',''),('',''),('',''),('',''),('',''),('',''),('',''),('',''),('',''),('',''),('',''),('',''),('',''),('',''),('',''),('',''),('',''),('',''),('',''),('',''),('',''),('',''),('',''),('',''),('',''),('',''),('',''),('',''),('',''),('',''),('',''),('',''),('',''),('',''),('',''),('',''),('',''),('',''),('',''),('',''),('',''),('',''),('',''),('',''),('',''),('',''),('',''),('',''),('',''),('',''),('',''),('',''),('',''),('',''),('',''),('',''),('',''),('',''),('',''),('',''),('',''),('',''),('',''),('',''),('',''),('',''),('',''),('',''),('',''),('',''),('',''),('',''),('',''),('',''),('',''),('',''),('',''),('',''),('',''),('',''),('',''),('',''),('',''),('',''),('',''),('',''),('',''),('',''),('',''),('',''),('',''),('',''),('',''),('',''),('',''),('',''),('',''),('',''),('',''),('',''),('',''),('',''),('',''),('',''),('',''),('',''),('',''),('',''),('',''),('',''),('',''),('',''),('',''),('',''),('',''),('',''),('',''),('',''),('',''),('',''),('',''),('',''),('',''),('',''),('',''),('',''),('',''),('',''),('',''),('',''),('',''),('',''),('',''),('',''),('',''),('',''),('',''),('',''),('',''),('',''),('',''),('',''),('',''),('',''),('',''),('',''),('',''),('',''),('',''),('',''),('',''),('',''),('',''),('',''),('',''),('',''),('',''),('',''),('',''),('',''),('',''),('',''),('',''),('',''),('',''),('',''),('',''),('',''),('',''),('',''),('',''),('',''),('',''),('',''),('',''),('',''),('',''),('',''),('',''),('',''),('',''),('',''),('',''),('',''),('',''),('',''),('',''),('',''),('',''),('',''),('',''),('',''),('',''),('',''),('',''),('',''),('',''),('',''),('',''),('',''),('',''),('',''),('',''),('',''),('',''),('',''),('',''),('',''),('',''),('',''),('',''),('',''),('',''),('',''),('',''),('',''),('',''),('',''),('',''),('',''),('',''),('',''),('',''),('',''),('',''),('',''),('',''),('',''),('',''),('',''),('',''),('',''),('',''),('',''),('',''),('',''),('',''),('',''),('',''),('',''),('',''),('',''),('',''),('',''),('',''),('',''),('',''),('',''),('',''),('',''),('',''),('',''),('',''),('',''),('',''),('',''),('',''),('',''),('',''),('',''),('',''),('',''),('',''),('',''),('',''),('',''),('',''),('',''),('',''),('',''),('',''),('',''),('',''),('',''),('',''),('',''),('',''),('',''),('',''),('',''),('',''),('',''),('',''),('',''),('',''),('',''),('',''),('',''),('',''),('',''),('',''),('',''),('',''),('',''),('',''),('',''),('',''),('',''),('',''),('',''),('',''),('',''),('',''),('',''),('',''),('',''),('',''),('',''),('',''),('',''),('',''),('',''),('',''),('',''),('',''),('',''),('',''),('',''),('',''),('',''),('',''),('',''),('',''),('',''),('',''),('',''),('',''),('',''),('',''),('',''),('',''),('',''),('',''),('',''),('',''),('',''),('',''),('',''),('',''),('',''),('',''),('',''),('',''),('',''),('',''),('',''),('',''),('',''),('',''),('',''),('',''),('',''),('',''),('',''),('',''),('',''),('',''),('',''),('',''),('',''),('',''),('',''),('',''),('',''),('',''),('',''),('',''),('',''),('',''),('',''),('',''),('',''),('',''),('',''),('',''),('',''),('',''),('',''),('',''),('',''),('',''),('',''),('',''),('',''),('',''),('',''),('',''),('',''),('',''),('',''),('',''),('',''),('',''),('',''),('',''),('',''),('',''),('',''),('',''),('',''),('',''),('',''),('',''),('',''),('',''),('',''),('',''),('',''),('',''),('',''),('',''),('',''),('',''),('',''),('',''),('',''),('',''),('',''),('',''),('',''),('',''),('',''),('',''),('',''),('',''),('',''),('',''),('',''),('',''),('',''),('',''),('',''),('',''),('',''),('',''),('',''),('',''),('',''),('',''),('',''),('',''),('',''),('',''),('',''),('',''),('',''),('',''),('',''),('',''),('',''),('',''),('',''),('',''),('',''),('',''),('',''),('',''),('',''),('',''),('',''),('',''),('',''),('',''),('',''),('',''),('',''),('',''),('',''),('',''),('',''),('',''),('',''),('',''),('',''),('',''),('',''),('',''),('',''),('',''),('',''),('',''),('',''),('',''),('',''),('',''),('',''),('',''),('',''),('',''),('',''),('',''),('',''),('',''),('',''),('',''),('',''),('',''),('',''),('',''),('',''),('',''),('',''),('',''),('',''),('',''),('',''),('',''),('',''),('',''),('',''),('',''),('',''),('',''),('',''),('',''),('',''),('',''),('',''),('',''),('',''),('',''),('',''),('',''),('',''),('',''),('',''),('',''),('',''),('',''),('',''),('',''),('',''),('',''),('',''),('',''),('',''),('',''),('',''),('',''),('',''),('',''),('',''),('',''),('',''),('',''),('',''),('',''),('',''),('',''),('',''),('',''),('',''),('',''),('',''),('',''),('',''),('',''),('',''),('',''),('',''),('',''),('',''),('',''),('',''),('',''),('',''),('',''),('',''),('',''),('',''),('',''),('',''),('',''),('',''),('',''),('',''),('',''),('',''),('',''),('',''),('',''),('',''),('',''),('',''),('',''),('',''),('',''),('',''),('',''),('',''),('',''),('',''),('',''),('',''),('',''),('',''),('',''),('',''),('',''),('',''),('',''),('',''),('',''),('',''),('',''),('',''),('',''),('',''),('',''),('',''),('',''),('',''),('',''),('',''),('',''),('',''),('',''),('',''),('',''),('',''),('',''),('',''),('',''),('',''),('',''),('',''),('',''),('',''),('',''),('',''),('',''),('',''),('',''),('',''),('',''),('',''),('',''),('',''),('',''),('',''),('',''),('',''),('',''),('',''),('',''),('',''),('',''),('',''),('',''),('',''),('',''),('',''),('',''),('',''),('',''),('',''),('',''),('',''),('',''),('',''),('',''),('',''),('',''),('',''),('',''),('',''),('',''),('',''),('',''),('',''),('',''),('',''),('',''),('',''),('',''),('',''),('',''),('',''),('',''),('',''),('',''),('',''),('',''),('',''),('',''),('',''),('',''),('',''),('',''),('',''),('',''),('',''),('',''),('',''),('',''),('',''),('',''),('',''),('',''),('',''),('',''),('',''),('',''),('',''),('',''),('',''),('',''),('',''),('',''),('',''),('',''),('',''),('',''),('',''),('',''),('',''),('',''),('',''),('',''),('',''),('',''),('',''),('',''),('',''),('',''),('',''),('',''),('',''),('',''),('',''),('',''),('',''),('',''),('',''),('',''),('',''),('',''),('',''),('',''),('',''),('',''),('',''),('',''),('',''),('',''),('',''),('',''),('',''),('',''),('',''),('',''),('',''),('',''),('',''),('',''),('',''),('',''),('',''),('',''),('',''),('',''),('',''),('',''),('',''),('',''),('',''),('',''),('',''),('',''),('',''),('',''),('',''),('',''),('',''),('',''),('',''),('',''),('',''),('',''),('',''),('',''),('',''),('',''),('',''),('',''),('',''),('',''),('',''),('',''),('',''),('',''),('',''),('',''),('',''),('',''),('',''),('',''),('',''),('',''),('',''),('',''),('',''),('',''),('',''),('',''),('',''),('',''),('',''),('',''),('',''),('',''),('',''),('',''),('',''),('',''),('',''),('',''),('',''),('',''),('',''),('',''),('',''),('',''),('',''),('',''),('',''),('',''),('',''),('',''),('',''),('',''),('',''),('',''),('',''),('',''),('',''),('',''),('',''),('',''),('',''),('',''),('',''),('',''),('',''),('',''),('',''),('',''),('',''),('',''),('',''),('',''),('',''),('',''),('',''),('',''),('',''),('',''),('',''),('',''),('',''),('',''),('',''),('',''),('',''),('',''),('',''),('',''),('',''),('',''),('',''),('',''),('',''),('',''),('',''),('',''),('',''),('',''),('',''),('',''),('',''),('',''),('',''),('',''),('',''),('',''),('',''),('',''),('',''),('',''),('',''),('',''),('',''),('',''),('',''),('',''),('',''),('',''),('',''),('',''),('',''),('',''),('',''),('',''),('',''),('',''),('',''),('',''),('',''),('',''),('',''),('',''),('',''),('',''),('',''),('',''),('',''),('',''),('',''),('',''),('',''),('',''),('',''),('',''),('',''),('',''),('',''),('',''),('',''),('',''),('',''),('',''),('',''),('',''),('',''),('',''),('',''),('',''),('',''),('',''),('',''),('',''),('',''),('',''),('',''),('',''),('',''),('',''),('',''),('',''),('',''),('',''),('',''),('',''),('',''),('',''),('',''),('',''),('',''),('',''),('',''),('',''),('',''),('',''),('',''),('',''),('',''),('',''),('',''),('',''),('',''),('',''),('',''),('',''),('',''),('',''),('',''),('',''),('',''),('',''),('',''),('',''),('',''),('',''),('',''),('',''),('',''),('',''),('',''),('',''),('',''),('',''),('',''),('',''),('',''),('',''),('',''),('',''),('',''),('',''),('',''),('',''),('',''),('',''),('',''),('',''),('',''),('',''),('',''),('',''),('',''),('',''),('',''),('',''),('',''),('',''),('',''),('',''),('',''),('',''),('',''),('',''),('',''),('',''),('',''),('',''),('',''),('',''),('',''),('',''),('',''),('',''),('',''),('',''),('',''),('',''),('',''),('',''),('',''),('',''),('',''),('',''),('',''),('',''),('',''),('',''),('',''),('',''),('',''),('',''),('',''),('',''),('',''),('',''),('',''),('',''),('',''),('',''),('',''),('',''),('',''),('',''),('',''),('',''),('',''),('',''),('',''),('',''),('',''),('',''),('',''),('',''),('',''),('',''),('',''),('',''),('',''),('',''),('',''),('',''),('',''),('',''),('',''),('',''),('',''),('',''),('',''),('',''),('',''),('',''),('',''),('',''),('',''),('',''),('',''),('',''),('',''),('',''),('',''),('',''),('',''),('',''),('',''),('',''),('',''),('',''),('',''),('',''),('',''),('',''),('',''),('',''),('',''),('',''),('',''),('',''),('',''),('',''),('',''),('',''),('',''),('',''),('',''),('',''),('',''),('',''),('',''),('',''),('',''),('',''),('',''),('',''),('',''),('',''),('',''),('',''),('',''),('',''),('',''),('',''),('',''),('',''),('',''),('',''),('',''),('',''),('',''),('',''),('',''),('',''),('',''),('',''),('',''),('',''),('',''),('',''),('',''),('',''),('',''),('',''),('',''),('',''),('',''),('',''),('',''),('',''),('',''),('',''),('',''),('',''),('',''),('',''),('',''),('',''),('',''),('',''),('',''),('',''),('',''),('',''),('',''),('',''),('',''),('',''),('',''),('',''),('',''),('',''),('',''),('',''),('',''),('',''),('',''),('',''),('',''),('',''),('',''),('',''),('',''),('',''),('',''),('',''),('',''),('',''),('',''),('',''),('',''),('',''),('',''),('',''),('',''),('',''),('',''),('',''),('',''),('',''),('',''),('',''),('',''),('',''),('',''),('',''),('',''),('',''),('',''),('',''),('',''),('',''),('',''),('',''),('',''),('',''),('',''),('',''),('',''),('',''),('',''),('',''),('',''),('',''),('',''),('',''),('',''),('',''),('',''),('',''),('',''),('',''),('',''),('',''),('',''),('',''),('',''),('',''),('',''),('',''),('',''),('',''),('',''),('',''),('',''),('',''),('',''),('',''),('',''),('',''),('',''),('',''),('',''),('',''),('',''),('',''),('',''),('',''),('',''),('',''),('',''),('',''),('',''),('',''),('',''),('',''),('',''),('',''),('',''),('',''),('',''),('',''),('',''),('',''),('',''),('',''),('',''),('',''),('',''),('',''),('',''),('',''),('',''),('',''),('',''),('',''),('',''),('',''),('',''),('',''),('',''),('',''),('',''),('',''),('',''),('',''),('',''),('',''),('',''),('',''),('',''),('',''),('',''),('',''),('',''),('',''),('',''),('',''),('',''),('',''),('',''),('',''),('',''),('',''),('',''),('',''),('',''),('',''),('',''),('',''),('',''),('',''),('',''),('',''),('',''),('',''),('',''),('',''),('',''),('',''),('',''),('',''),('',''),('',''),('',''),('',''),('',''),('',''),('',''),('',''),('',''),('',''),('',''),('',''),('',''),('',''),('',''),('',''),('',''),('',''),('',''),('',''),('',''),('',''),('',''),('',''),('',''),('',''),('',''),('',''),('',''),('',''),('',''),('',''),('',''),('',''),('',''),('',''),('',''),('',''),('',''),('',''),('',''),('',''),('',''),('',''),('',''),('',''),('',''),('',''),('',''),('',''),('',''),('',''),('',''),('',''),('',''),('',''),('',''),('',''),('',''),('',''),('',''),('',''),('',''),('',''),('',''),('',''),('',''),('',''),('',''),('',''),('',''),('',''),('',''),('',''),('',''),('',''),('',''),('',''),('',''),('',''),('',''),('',''),('',''),('',''),('',''),('',''),('',''),('',''),('',''),('',''),('',''),('',''),('',''),('',''),('',''),('',''),('',''),('',''),('',''),('',''),('',''),('',''),('',''),('',''),('',''),('',''),('',''),('',''),('',''),('',''),('',''),('',''),('',''),('',''),('',''),('',''),('',''),('',''),('',''),('',''),('',''),('',''),('',''),('',''),('',''),('',''),('',''),('',''),('',''),('',''),('',''),('',''),('',''),('',''),('',''),('',''),('',''),('',''),('',''),('',''),('',''),('',''),('',''),('',''),('',''),('',''),('',''),('',''),('',''),('',''),('',''),('',''),('',''),('',''),('',''),('',''),('',''),('',''),('',''),('',''),('',''),('',''),('',''),('',''),('',''),('',''),('',''),('',''),('',''),('',''),('',''),('',''),('',''),('',''),('',''),('',''),('',''),('',''),('',''),('',''),('',''),('',''),('',''),('',''),('',''),('',''),('',''),('',''),('',''),('',''),('',''),('',''),('',''),('',''),('',''),('',''),('',''),('',''),('',''),('',''),('',''),('',''),('',''),('',''),('',''),('',''),('',''),('',''),('',''),('',''),('',''),('',''),('',''),('',''),('',''),('',''),('',''),('',''),('',''),('',''),('',''),('',''),('',''),('',''),('',''),('',''),('',''),('',''),('',''),('',''),('',''),('',''),('',''),('',''),('',''),('',''),('',''),('',''),('',''),('',''),('',''),('',''),('',''),('',''),('',''),('',''),('',''),('',''),('',''),('',''),('',''),('',''),('',''),('',''),('',''),('',''),('',''),('',''),('',''),('',''),('',''),('',''),('',''),('',''),('',''),('',''),('',''),('',''),('',''),('',''),('',''),('',''),('',''),('',''),('',''),('',''),('',''),('',''),('',''),('',''),('',''),('',''),('',''),('',''),('',''),('',''),('',''),('',''),('',''),('',''),('',''),('',''),('',''),('',''),('',''),('',''),('',''),('',''),('',''),('',''),('',''),('',''),('',''),('',''),('',''),('',''),('',''),('',''),('',''),('',''),('',''),('',''),('',''),('',''),('',''),('',''),('',''),('',''),('',''),('',''),('',''),('',''),('',''),('',''),('',''),('',''),('',''),('',''),('',''),('',''),('',''),('',''),('',''),('',''),('',''),('',''),('',''),('',''),('',''),('',''),('',''),('',''),('',''),('',''),('',''),('',''),('',''),('',''),('',''),('',''),('',''),('',''),('',''),('',''),('',''),('',''),('',''),('',''),('',''),('',''),('',''),('',''),('',''),('',''),('',''),('',''),('',''),('',''),('',''),('',''),('',''),('',''),('',''),('',''),('',''),('',''),('',''),('',''),('',''),('',''),('',''),('',''),('',''),('',''),('',''),('',''),('',''),('',''),('',''),('',''),('',''),('',''),('',''),('',''),('',''),('',''),('',''),('',''),('',''),('',''),('',''),('',''),('',''),('',''),('',''),('',''),('',''),('',''),('',''),('',''),('',''),('',''),('',''),('',''),('',''),('',''),('',''),('',''),('',''),('',''),('',''),('',''),('',''),('',''),('',''),('',''),('',''),('',''),('',''),('',''),('',''),('',''),('',''),('',''),('',''),('',''),('',''),('',''),('',''),('',''),('',''),('',''),('',''),('',''),('',''),('',''),('',''),('',''),('',''),('',''),('',''),('',''),('',''),('',''),('',''),('',''),('',''),('',''),('',''),('',''),('',''),('',''),('',''),('',''),('',''),('',''),('',''),('',''),('',''),('',''),('',''),('',''),('',''),('',''),('',''),('',''),('',''),('',''),('',''),('',''),('',''),('',''),('',''),('',''),('',''),('',''),('',''),('',''),('',''),('',''),('',''),('',''),('',''),('',''),('',''),('',''),('',''),('',''),('',''),('',''),('',''),('',''),('',''),('',''),('',''),('',''),('',''),('',''),('',''),('',''),('',''),('',''),('',''),('',''),('',''),('',''),('',''),('',''),('',''),('',''),('',''),('',''),('',''),('',''),('',''),('',''),('',''),('',''),('',''),('',''),('',''),('',''),('',''),('',''),('',''),('',''),('',''),('',''),('',''),('',''),('',''),('',''),('',''),('',''),('',''),('',''),('',''),('',''),('',''),('',''),('',''),('',''),('',''),('',''),('',''),('',''),('',''),('',''),('',''),('',''),('',''),('',''),('',''),('',''),('',''),('',''),('',''),('',''),('',''),('',''),('',''),('',''),('',''),('',''),('',''),('',''),('',''),('',''),('',''),('',''),('',''),('',''),('',''),('',''),('',''),('',''),('',''),('',''),('',''),('',''),('',''),('',''),('',''),('',''),('',''),('',''),('',''),('',''),('',''),('',''),('',''),('',''),('',''),('',''),('',''),('',''),('',''),('',''),('',''),('',''),('',''),('',''),('',''),('',''),('',''),('',''),('',''),('',''),('',''),('',''),('',''),('',''),('',''),('',''),('',''),('',''),('',''),('',''),('',''),('',''),('',''),('',''),('',''),('',''),('',''),('',''),('',''),('',''),('',''),('',''),('',''),('',''),('',''),('',''),('',''),('',''),('',''),('',''),('',''),('',''),('',''),('',''),('',''),('',''),('',''),('',''),('',''),('',''),('',''),('',''),('',''),('',''),('',''),('',''),('',''),('',''),('',''),('',''),('',''),('',''),('',''),('',''),('',''),('',''),('',''),('',''),('',''),('',''),('',''),('',''),('',''),('',''),('',''),('',''),('',''),('',''),('',''),('',''),('',''),('',''),('',''),('',''),('',''),('',''),('',''),('',''),('',''),('',''),('',''),('',''),('',''),('',''),('',''),('',''),('',''),('',''),('',''),('',''),('',''),('',''),('',''),('',''),('',''),('',''),('',''),('',''),('',''),('',''),('',''),('',''),('',''),('',''),('',''),('',''),('',''),('',''),('',''),('',''),('',''),('',''),('',''),('',''),('',''),('',''),('',''),('',''),('',''),('',''),('',''),('',''),('',''),('',''),('',''),('',''),('',''),('',''),('',''),('',''),('',''),('',''),('',''),('',''),('',''),('',''),('',''),('',''),('',''),('',''),('',''),('',''),('',''),('',''),('',''),('',''),('',''),('',''),('',''),('',''),('',''),('',''),('',''),('',''),('',''),('',''),('',''),('',''),('',''),('',''),('',''),('',''),('',''),('',''),('',''),('',''),('',''),('',''),('',''),('',''),('',''),('',''),('',''),('',''),('',''),('',''),('',''),('',''),('',''),('',''),('',''),('',''),('',''),('',''),('',''),('',''),('',''),('',''),('',''),('',''),('',''),('',''),('',''),('',''),('',''),('',''),('',''),('',''),('',''),('',''),('',''),('',''),('',''),('',''),('',''),('',''),('',''),('',''),('',''),('',''),('',''),('',''),('',''),('',''),('',''),('',''),('',''),('',''),('',''),('',''),('',''),('',''),('',''),('',''),('',''),('',''),('',''),('',''),('',''),('',''),('',''),('',''),('',''),('',''),('',''),('',''),('',''),('',''),('',''),('',''),('',''),('',''),('',''),('',''),('',''),('',''),('',''),('',''),('',''),('',''),('',''),('',''),('',''),('',''),('',''),('',''),('',''),('',''),('',''),('',''),('',''),('',''),('',''),('',''),('',''),('',''),('',''),('',''),('',''),('',''),('',''),('',''),('',''),('',''),('',''),('',''),('',''),('',''),('',''),('',''),('',''),('',''),('',''),('',''),('',''),('',''),('',''),('',''),('',''),('',''),('',''),('',''),('',''),('',''),('',''),('',''),('',''),('',''),('',''),('',''),('',''),('',''),('',''),('',''),('',''),('',''),('',''),('',''),('',''),('',''),('',''),('',''),('',''),('',''),('',''),('',''),('',''),('',''),('',''),('',''),('',''),('',''),('',''),('',''),('',''),('',''),('',''),('',''),('',''),('',''),('',''),('',''),('',''),('',''),('',''),('',''),('',''),('',''),('',''),('',''),('',''),('',''),('',''),('',''),('',''),('',''),('',''),('',''),('',''),('',''),('',''),('',''),('',''),('',''),('',''),('',''),('',''),('',''),('',''),('',''),('',''),('',''),('',''),('',''),('',''),('',''),('',''),('',''),('',''),('',''),('',''),('',''),('',''),('',''),('',''),('',''),('',''),('',''),('',''),('',''),('',''),('',''),('',''),('',''),('',''),('',''),('',''),('',''),('',''),('',''),('',''),('',''),('',''),('',''),('',''),('',''),('',''),('',''),('',''),('',''),('',''),('',''),('',''),('',''),('',''),('',''),('',''),('',''),('',''),('',''),('',''),('',''),('',''),('',''),('',''),('',''),('',''),('',''),('',''),('',''),('',''),('',''),('',''),('',''),('',''),('',''),('',''),('',''),('',''),('',''),('',''),('',''),('',''),('',''),('',''),('',''),('',''),('',''),('',''),('',''),('',''),('',''),('',''),('',''),('',''),('',''),('',''),('',''),('',''),('',''),('',''),('',''),('',''),('',''),('',''),('',''),('',''),('',''),('',''),('',''),('',''),('',''),('',''),('',''),('',''),('',''),('',''),('',''),('',''),('',''),('',''),('',''),('',''),('',''),('',''),('',''),('',''),('',''),('',''),('',''),('',''),('',''),('',''),('',''),('',''),('',''),('',''),('',''),('',''),('',''),('',''),('',''),('',''),('',''),('',''),('',''),('',''),('',''),('',''),('',''),('',''),('',''),('',''),('',''),('',''),('',''),('',''),('',''),('',''),('',''),('',''),('',''),('',''),('',''),('',''),('',''),('',''),('',''),('',''),('',''),('',''),('',''),('',''),('',''),('',''),('',''),('',''),('',''),('',''),('',''),('',''),('',''),('',''),('',''),('',''),('',''),('',''),('',''),('',''),('',''),('',''),('',''),('',''),('',''),('',''),('',''),('',''),('',''),('',''),('',''),('',''),('',''),('',''),('',''),('',''),('',''),('',''),('',''),('',''),('',''),('',''),('',''),('',''),('',''),('',''),('',''),('',''),('',''),('',''),('',''),('',''),('',''),('',''),('',''),('',''),('',''),('',''),('',''),('',''),('',''),('',''),('',''),('',''),('',''),('',''),('',''),('',''),('',''),('',''),('',''),('',''),('',''),('',''),('',''),('',''),('',''),('',''),('',''),('',''),('',''),('',''),('',''),('',''),('',''),('',''),('',''),('',''),('',''),('',''),('',''),('',''),('',''),('',''),('',''),('',''),('',''),('',''),('',''),('',''),('',''),('',''),('',''),('',''),('',''),('',''),('',''),('',''),('',''),('',''),('',''),('',''),('',''),('',''),('',''),('',''),('',''),('',''),('',''),('',''),('',''),('',''),('',''),('',''),('',''),('',''),('',''),('',''),('',''),('',''),('',''),('',''),('',''),('',''),('',''),('',''),('',''),('',''),('',''),('',''),('',''),('',''),('',''),('',''),('',''),('',''),('',''),('',''),('',''),('',''),('',''),('',''),('',''),('',''),('',''),('',''),('',''),('',''),('',''),('',''),('',''),('',''),('',''),('',''),('',''),('',''),('',''),('',''),('',''),('',''),('',''),('',''),('',''),('',''),('',''),('',''),('',''),('',''),('',''),('',''),('',''),('',''),('',''),('',''),('',''),('',''),('',''),('',''),('',''),('',''),('',''),('',''),('',''),('',''),('',''),('',''),('',''),('',''),('',''),('',''),('',''),('',''),('',''),('',''),('',''),('',''),('',''),('',''),('',''),('',''),('',''),('',''),('',''),('',''),('',''),('',''),('',''),('',''),('',''),('',''),('',''),('',''),('',''),('',''),('',''),('',''),('',''),('',''),('',''),('',''),('',''),('',''),('',''),('',''),('',''),('',''),('',''),('',''),('',''),('',''),('',''),('',''),('',''),('',''),('',''),('',''),('',''),('',''),('',''),('',''),('',''),('',''),('',''),('',''),('',''),('',''),('',''),('',''),('',''),('',''),('',''),('',''),('',''),('',''),('',''),('',''),('',''),('',''),('',''),('',''),('',''),('',''),('',''),('',''),('',''),('',''),('',''),('',''),('',''),('',''),('',''),('',''),('',''),('',''),('',''),('',''),('',''),('',''),('',''),('',''),('',''),('',''),('',''),('',''),('',''),('',''),('',''),('',''),('',''),('',''),('',''),('',''),('',''),('',''),('',''),('',''),('',''),('',''),('',''),('',''),('',''),('',''),('',''),('',''),('',''),('',''),('',''),('',''),('',''),('',''),('',''),('',''),('',''),('',''),('',''),('',''),('',''),('',''),('',''),('',''),('',''),('',''),('',''),('',''),('',''),('',''),('',''),('',''),('',''),('',''),('',''),('',''),('',''),('',''),('',''),('',''),('',''),('',''),('',''),('',''),('',''),('',''),('',''),('',''),('',''),('',''),('',''),('',''),('',''),('',''),('',''),('',''),('',''),('',''),('',''),('',''),('',''),('',''),('',''),('',''),('',''),('',''),('',''),('',''),('',''),('',''),('',''),('',''),('',''),('',''),('',''),('',''),('',''),('',''),('',''),('',''),('',''),('',''),('',''),('',''),('',''),('',''),('',''),('',''),('',''),('',''),('',''),('',''),('',''),('',''),('',''),('',''),('',''),('',''),('',''),('',''),('',''),('',''),('',''),('',''),('',''),('',''),('',''),('',''),('',''),('',''),('',''),('',''),('',''),('',''),('',''),('',''),('',''),('',''),('',''),('',''),('',''),('',''),('',''),('',''),('',''),('',''),('',''),('',''),('',''),('',''),('',''),('',''),('',''),('',''),('',''),('',''),('',''),('',''),('',''),('',''),('',''),('',''),('',''),('',''),('',''),('',''),('',''),('',''),('',''),('',''),('',''),('',''),('',''),('',''),('',''),('',''),('',''),('',''),('',''),('',''),('',''),('',''),('',''),('',''),('',''),('',''),('',''),('',''),('',''),('',''),('',''),('',''),('',''),('',''),('',''),('',''),('',''),('',''),('',''),('',''),('',''),('',''),('',''),('',''),('',''),('',''),('',''),('',''),('',''),('',''),('',''),('',''),('',''),('',''),('',''),('',''),('',''),('',''),('',''),('',''),('',''),('',''),('',''),('',''),('',''),('',''),('',''),('',''),('',''),('',''),('',''),('',''),('',''),('',''),('',''),('',''),('',''),('',''),('',''),('',''),('',''),('',''),('',''),('',''),('',''),('',''),('',''),('',''),('',''),('',''),('',''),('',''),('',''),('',''),('',''),('',''),('',''),('',''),('',''),('',''),('',''),('',''),('',''),('',''),('',''),('',''),('',''),('',''),('',''),('',''),('',''),('',''),('',''),('',''),('',''),('',''),('',''),('',''),('',''),('',''),('',''),('',''),('',''),('',''),('',''),('',''),('',''),('',''),('',''),('',''),('',''),('',''),('',''),('',''),('',''),('',''),('',''),('',''),('',''),('',''),('',''),('',''),('',''),('',''),('',''),('',''),('',''),('',''),('',''),('',''),('',''),('',''),('',''),('',''),('',''),('',''),('',''),('',''),('',''),('',''),('',''),('',''),('',''),('',''),('',''),('',''),('',''),('',''),('',''),('',''),('',''),('',''),('',''),('',''),('',''),('',''),('',''),('',''),('',''),('',''),('',''),('',''),('',''),('',''),('',''),('',''),('',''),('',''),('',''),('',''),('',''),('',''),('',''),('',''),('',''),('',''),('',''),('',''),('',''),('',''),('',''),('',''),('',''),('',''),('',''),('',''),('',''),('',''),('',''),('',''),('',''),('',''),('',''),('',''),('',''),('',''),('',''),('',''),('',''),('',''),('',''),('',''),('',''),('',''),('',''),('',''),('',''),('',''),('',''),('',''),('',''),('',''),('',''),('',''),('',''),('',''),('',''),('',''),('',''),('',''),('',''),('',''),('',''),('',''),('',''),('',''),('',''),('',''),('',''),('',''),('',''),('',''),('',''),('',''),('',''),('',''),('',''),('',''),('',''),('',''),('',''),('',''),('',''),('',''),('',''),('',''),('',''),('',''),('',''),('',''),('',''),('',''),('',''),('',''),('',''),('',''),('',''),('',''),('',''),('',''),('',''),('',''),('',''),('',''),('',''),('',''),('',''),('',''),('',''),('',''),('',''),('',''),('',''),('',''),('',''),('',''),('',''),('',''),('',''),('',''),('',''),('',''),('',''),('',''),('',''),('',''),('',''),('',''),('',''),('',''),('',''),('',''),('',''),('',''),('',''),('',''),('',''),('',''),('',''),('',''),('',''),('',''),('',''),('',''),('',''),('',''),('',''),('',''),('',''),('',''),('',''),('',''),('',''),('',''),('',''),('',''),('',''),('',''),('',''),('',''),('',''),('',''),('',''),('',''),('',''),('',''),('',''),('',''),('',''),('',''),('',''),('',''),('',''),('',''),('',''),('',''),('',''),('',''),('',''),('',''),('',''),('',''),('',''),('',''),('',''),('',''),('',''),('',''),('',''),('',''),('',''),('',''),('',''),('',''),('',''),('',''),('',''),('',''),('',''),('',''),('',''),('',''),('',''),('',''),('',''),('',''),('',''),('',''),('',''),('',''),('',''),('',''),('',''),('',''),('',''),('',''),('',''),('',''),('',''),('',''),('',''),('',''),('',''),('',''),('',''),('',''),('',''),('',''),('',''),('',''),('',''),('',''),('',''),('',''),('',''),('',''),('',''),('',''),('',''),('',''),('',''),('',''),('',''),('',''),('',''),('',''),('',''),('',''),('',''),('',''),('',''),('',''),('',''),('',''),('',''),('',''),('',''),('',''),('',''),('',''),('',''),('',''),('',''),('',''),('',''),('',''),('',''),('',''),('',''),('',''),('',''),('',''),('',''),('',''),('',''),('',''),('',''),('',''),('',''),('',''),('',''),('',''),('',''),('',''),('',''),('',''),('',''),('',''),('',''),('',''),('',''),('',''),('',''),('',''),('',''),('',''),('',''),('',''),('',''),('',''),('',''),('',''),('',''),('',''),('',''),('',''),('',''),('',''),('',''),('',''),('',''),('',''),('',''),('',''),('',''),('',''),('',''),('',''),('',''),('',''),('',''),('',''),('',''),('',''),('',''),('',''),('',''),('',''),('',''),('',''),('',''),('',''),('',''),('',''),('',''),('',''),('',''),('',''),('',''),('',''),('',''),('',''),('',''),('',''),('',''),('',''),('',''),('',''),('',''),('',''),('',''),('',''),('',''),('',''),('',''),('',''),('',''),('',''),('',''),('',''),('',''),('',''),('',''),('',''),('',''),('',''),('',''),('',''),('',''),('',''),('',''),('',''),('',''),('',''),('',''),('',''),('',''),('',''),('',''),('',''),('',''),('',''),('',''),('',''),('',''),('',''),('',''),('',''),('',''),('',''),('',''),('',''),('',''),('',''),('',''),('',''),('',''),('',''),('',''),('',''),('',''),('',''),('',''),('',''),('',''),('',''),('',''),('',''),('',''),('',''),('',''),('',''),('',''),('',''),('',''),('',''),('',''),('',''),('',''),('',''),('',''),('',''),('',''),('',''),('',''),('',''),('',''),('',''),('',''),('',''),('',''),('',''),('',''),('',''),('',''),('',''),('',''),('',''),('',''),('',''),('',''),('',''),('',''),('',''),('',''),('',''),('',''),('',''),('',''),('',''),('',''),('',''),('',''),('',''),('',''),('',''),('',''),('',''),('',''),('',''),('',''),('',''),('',''),('',''),('',''),('',''),('',''),('',''),('',''),('',''),('',''),('',''),('',''),('',''),('',''),('',''),('',''),('',''),('',''),('',''),('',''),('',''),('',''),('',''),('',''),('',''),('',''),('',''),('',''),('',''),('',''),('',''),('',''),('',''),('',''),('',''),('',''),('',''),('',''),('',''),('',''),('',''),('',''),('',''),('',''),('',''),('',''),('',''),('',''),('',''),('',''),('',''),('',''),('',''),('',''),('',''),('',''),('',''),('',''),('',''),('',''),('',''),('',''),('',''),('',''),('',''),('',''),('',''),('',''),('',''),('',''),('',''),('',''),('',''),('',''),('',''),('',''),('',''),('',''),('',''),('',''),('',''),('',''),('',''),('',''),('',''),('',''),('',''),('',''),('',''),('',''),('',''),('',''),('',''),('',''),('',''),('',''),('',''),('',''),('',''),('',''),('',''),('',''),('',''),('',''),('',''),('',''),('',''),('',''),('',''),('',''),('',''),('',''),('',''),('',''),('',''),('',''),('',''),('',''),('',''),('',''),('',''),('',''),('',''),('',''),('',''),('',''),('',''),('',''),('',''),('',''),('',''),('',''),('',''),('',''),('',''),('',''),('',''),('',''),('',''),('',''),('',''),('',''),('',''),('',''),('',''),('',''),('',''),('',''),('',''),('',''),('',''),('',''),('',''),('',''),('',''),('',''),('',''),('',''),('',''),('',''),('',''),('',''),('',''),('',''),('',''),('',''),('',''),('',''),('',''),('',''),('',''),('',''),('',''),('',''),('',''),('',''),('',''),('',''),('',''),('',''),('',''),('',''),('',''),('',''),('',''),('',''),('',''),('',''),('',''),('',''),('',''),('',''),('',''),('',''),('',''),('',''),('',''),('',''),('',''),('',''),('',''),('',''),('',''),('',''),('',''),('',''),('',''),('',''),('',''),('',''),('',''),('',''),('',''),('',''),('',''),('',''),('',''),('',''),('',''),('',''),('',''),('',''),('',''),('',''),('',''),('',''),('',''),('',''),('',''),('',''),('',''),('',''),('',''),('',''),('',''),('',''),('',''),('',''),('',''),('',''),('',''),('',''),('',''),('',''),('',''),('',''),('',''),('',''),('',''),('',''),('',''),('',''),('',''),('',''),('',''),('',''),('',''),('',''),('',''),('',''),('',''),('',''),('',''),('',''),('',''),('',''),('',''),('',''),('',''),('',''),('',''),('',''),('',''),('',''),('',''),('',''),('',''),('',''),('',''),('',''),('',''),('',''),('',''),('',''),('',''),('',''),('',''),('',''),('',''),('',''),('',''),('',''),('',''),('',''),('',''),('',''),('',''),('',''),('',''),('',''),('',''),('',''),('',''),('',''),('',''),('',''),('',''),('',''),('',''),('',''),('',''),('',''),('',''),('',''),('',''),('',''),('',''),('',''),('',''),('',''),('',''),('',''),('',''),('',''),('',''),('',''),('',''),('',''),('',''),('',''),('',''),('',''),('',''),('',''),('',''),('',''),('',''),('',''),('',''),('',''),('',''),('',''),('',''),('',''),('',''),('',''),('',''),('',''),('',''),('',''),('',''),('',''),('',''),('',''),('',''),('',''),('',''),('',''),('',''),('',''),('',''),('',''),('',''),('',''),('',''),('',''),('',''),('',''),('',''),('',''),('',''),('',''),('',''),('',''),('',''),('',''),('',''),('',''),('',''),('',''),('',''),('',''),('',''),('',''),('',''),('',''),('',''),('',''),('',''),('',''),('',''),('',''),('',''),('',''),('',''),('',''),('',''),('',''),('',''),('',''),('',''),('',''),('',''),('',''),('',''),('',''),('',''),('',''),('',''),('',''),('',''),('',''),('',''),('',''),('',''),('',''),('',''),('',''),('',''),('',''),('',''),('',''),('',''),('',''),('',''),('',''),('',''),('',''),('',''),('',''),('',''),('',''),('',''),('',''),('',''),('',''),('',''),('',''),('',''),('',''),('',''),('',''),('',''),('',''),('',''),('',''),('',''),('',''),('',''),('',''),('',''),('',''),('',''),('',''),('',''),('',''),('',''),('',''),('',''),('',''),('',''),('',''),('',''),('',''),('',''),('',''),('',''),('',''),('',''),('',''),('',''),('',''),('',''),('',''),('',''),('',''),('',''),('',''),('',''),('',''),('',''),('',''),('',''),('',''),('',''),('',''),('',''),('',''),('',''),('',''),('',''),('',''),('',''),('',''),('',''),('',''),('',''),('',''),('',''),('',''),('',''),('',''),('',''),('',''),('',''),('',''),('',''),('',''),('',''),('',''),('',''),('',''),('',''),('',''),('',''),('',''),('',''),('',''),('',''),('',''),('',''),('',''),('',''),('',''),('',''),('',''),('',''),('',''),('',''),('',''),('',''),('',''),('',''),('',''),('',''),('',''),('',''),('',''),('',''),('',''),('',''),('',''),('',''),('',''),('',''),('',''),('',''),('',''),('',''),('',''),('',''),('',''),('',''),('',''),('',''),('',''),('',''),('',''),('',''),('',''),('',''),('',''),('',''),('',''),('',''),('',''),('',''),('',''),('',''),('',''),('',''),('',''),('',''),('',''),('',''),('',''),('',''),('',''),('',''),('',''),('',''),('',''),('',''),('',''),('',''),('',''),('',''),('',''),('',''),('',''),('',''),('',''),('',''),('',''),('',''),('',''),('',''),('',''),('',''),('',''),('',''),('',''),('',''),('',''),('',''),('',''),('',''),('',''),('',''),('',''),('',''),('',''),('',''),('',''),('',''),('',''),('',''),('',''),('',''),('',''),('',''),('',''),('',''),('',''),('',''),('',''),('',''),('',''),('',''),('',''),('',''),('',''),('',''),('',''),('',''),('',''),('',''),('',''),('',''),('',''),('',''),('',''),('',''),('',''),('',''),('',''),('',''),('',''),('',''),('',''),('',''),('',''),('',''),('',''),('',''),('',''),('',''),('',''),('',''),('',''),('',''),('',''),('',''),('',''),('',''),('',''),('',''),('',''),('',''),('',''),('',''),('',''),('',''),('',''),('',''),('',''),('',''),('',''),('',''),('',''),('',''),('',''),('',''),('',''),('',''),('',''),('',''),('',''),('',''),('',''),('',''),('',''),('',''),('',''),('',''),('',''),('',''),('',''),('',''),('',''),('',''),('',''),('',''),('',''),('',''),('',''),('',''),('',''),('',''),('',''),('',''),('',''),('',''),('',''),('',''),('',''),('',''),('',''),('',''),('',''),('',''),('',''),('',''),('',''),('',''),('',''),('',''),('',''),('',''),('',''),('',''),('',''),('',''),('',''),('',''),('',''),('',''),('',''),('',''),('',''),('',''),('',''),('',''),('',''),('',''),('',''),('',''),('',''),('',''),('',''),('',''),('',''),('',''),('',''),('',''),('',''),('',''),('',''),('',''),('',''),('',''),('',''),('',''),('',''),('',''),('',''),('',''),('',''),('',''),('',''),('',''),('',''),('',''),('',''),('',''),('',''),('',''),('',''),('',''),('',''),('',''),('',''),('',''),('',''),('',''),('',''),('',''),('',''),('',''),('',''),('',''),('',''),('',''),('',''),('',''),('',''),('',''),('',''),('',''),('',''),('',''),('',''),('',''),('',''),('',''),('',''),('',''),('',''),('',''),('',''),('',''),('',''),('',''),('',''),('',''),('',''),('',''),('',''),('',''),('',''),('',''),('',''),('',''),('',''),('',''),('',''),('',''),('',''),('',''),('',''),('',''),('',''),('',''),('',''),('',''),('',''),('',''),('',''),('',''),('',''),('',''),('',''),('',''),('',''),('',''),('',''),('',''),('',''),('',''),('',''),('',''),('',''),('',''),('',''),('',''),('',''),('',''),('',''),('',''),('',''),('',''),('',''),('',''),('',''),('',''),('',''),('',''),('',''),('',''),('',''),('',''),('',''),('',''),('',''),('',''),('',''),('',''),('',''),('',''),('',''),('',''),('',''),('',''),('',''),('',''),('',''),('',''),('',''),('',''),('',''),('',''),('',''),('',''),('',''),('',''),('',''),('',''),('',''),('',''),('',''),('',''),('',''),('',''),('',''),('',''),('',''),('',''),('',''),('',''),('',''),('',''),('',''),('',''),('',''),('',''),('',''),('',''),('',''),('',''),('',''),('',''),('',''),('',''),('',''),('',''),('',''),('',''),('',''),('',''),('',''),('',''),('',''),('',''),('',''),('',''),('',''),('',''),('',''),('',''),('',''),('',''),('',''),('',''),('',''),('',''),('',''),('',''),('',''),('',''),('',''),('',''),('',''),('',''),('',''),('',''),('',''),('',''),('',''),('',''),('',''),('',''),('',''),('',''),('',''),('',''),('',''),('',''),('',''),('',''),('',''),('',''),('',''),('',''),('',''),('',''),('',''),('',''),('',''),('',''),('',''),('',''),('',''),('',''),('',''),('',''),('',''),('',''),('',''),('',''),('',''),('',''),('',''),('',''),('',''),('',''),('',''),('',''),('',''),('',''),('',''),('',''),('',''),('',''),('',''),('',''),('',''),('',''),('',''),('',''),('',''),('',''),('',''),('',''),('',''),('',''),('',''),('',''),('',''),('',''),('',''),('',''),('',''),('',''),('',''),('',''),('',''),('',''),('',''),('',''),('',''),('',''),('',''),('',''),('',''),('',''),('',''),('',''),('',''),('',''),('',''),('',''),('',''),('',''),('',''),('',''),('',''),('',''),('',''),('',''),('',''),('',''),('',''),('',''),('',''),('',''),('',''),('',''),('',''),('',''),('',''),('',''),('',''),('',''),('',''),('',''),('',''),('',''),('',''),('',''),('',''),('',''),('',''),('',''),('',''),('',''),('',''),('',''),('',''),('',''),('',''),('',''),('',''),('',''),('',''),('',''),('',''),('',''),('',''),('',''),('',''),('',''),('',''),('',''),('',''),('',''),('',''),('',''),('',''),('',''),('',''),('',''),('',''),('',''),('',''),('',''),('',''),('',''),('',''),('',''),('',''),('',''),('',''),('',''),('',''),('',''),('',''),('',''),('',''),('',''),('',''),('',''),('',''),('',''),('',''),('',''),('',''),('',''),('',''),('',''),('',''),('',''),('',''),('',''),('',''),('',''),('',''),('',''),('',''),('',''),('',''),('',''),('',''),('',''),('',''),('',''),('',''),('',''),('',''),('',''),('',''),('',''),('',''),('',''),('',''),('',''),('',''),('',''),('',''),('',''),('',''),('',''),('',''),('',''),('',''),('',''),('',''),('',''),('',''),('',''),('',''),('',''),('',''),('',''),('',''),('',''),('',''),('',''),('',''),('',''),('',''),('',''),('',''),('',''),('',''),('',''),('',''),('',''),('',''),('',''),('',''),('',''),('',''),('',''),('',''),('',''),('',''),('',''),('',''),('',''),('',''),('',''),('',''),('',''),('',''),('',''),('',''),('',''),('',''),('',''),('',''),('',''),('',''),('',''),('',''),('',''),('',''),('',''),('',''),('',''),('',''),('',''),('',''),('',''),('',''),('',''),('',''),('',''),('',''),('',''),('',''),('',''),('',''),('',''),('',''),('',''),('',''),('',''),('',''),('',''),('',''),('',''),('',''),('',''),('',''),('',''),('',''),('',''),('',''),('',''),('',''),('',''),('',''),('',''),('',''),('',''),('',''),('',''),('',''),('',''),('',''),('',''),('',''),('',''),('',''),('',''),('',''),('',''),('',''),('',''),('',''),('',''),('',''),('',''),('',''),('',''),('',''),('',''),('',''),('',''),('',''),('',''),('',''),('',''),('',''),('',''),('',''),('',''),('',''),('',''),('',''),('',''),('',''),('',''),('',''),('',''),('',''),('',''),('',''),('',''),('',''),('',''),('',''),('',''),('',''),('',''),('',''),('',''),('',''),('',''),('',''),('',''),('',''),('',''),('',''),('',''),('',''),('',''),('',''),('',''),('',''),('',''),('',''),('',''),('',''),('',''),('',''),('',''),('',''),('',''),('',''),('',''),('',''),('',''),('',''),('',''),('',''),('',''),('',''),('',''),('',''),('',''),('',''),('',''),('',''),('',''),('',''),('',''),('',''),('',''),('',''),('',''),('',''),('',''),('',''),('',''),('',''),('',''),('',''),('',''),('',''),('',''),('',''),('',''),('',''),('',''),('',''),('',''),('',''),('',''),('',''),('',''),('',''),('',''),('',''),('',''),('',''),('',''),('',''),('',''),('',''),('',''),('',''),('',''),('',''),('',''),('',''),('',''),('',''),('',''),('',''),('',''),('',''),('',''),('',''),('',''),('',''),('',''),('',''),('',''),('',''),('',''),('',''),('',''),('',''),('',''),('',''),('',''),('',''),('',''),('',''),('',''),('',''),('',''),('',''),('',''),('',''),('',''),('',''),('',''),('',''),('',''),('',''),('',''),('',''),('',''),('',''),('',''),('',''),('',''),('',''),('',''),('',''),('',''),('',''),('',''),('',''),('',''),('',''),('',''),('',''),('',''),('',''),('',''),('',''),('',''),('',''),('',''),('',''),('',''),('',''),('',''),('',''),('',''),('',''),('',''),('',''),('',''),('',''),('',''),('',''),('',''),('',''),('',''),('',''),('',''),('',''),('',''),('',''),('',''),('',''),('',''),('',''),('',''),('',''),('',''),('',''),('',''),('',''),('',''),('',''),('',''),('',''),('',''),('',''),('',''),('',''),('',''),('',''),('',''),('',''),('',''),('',''),('',''),('',''),('',''),('',''),('',''),('',''),('',''),('',''),('',''),('',''),('',''),('',''),('',''),('',''),('',''),('',''),('',''),('',''),('',''),('',''),('',''),('',''),('',''),('',''),('',''),('',''),('',''),('',''),('',''),('',''),('',''),('',''),('',''),('',''),('',''),('',''),('',''),('',''),('',''),('',''),('',''),('',''),('',''),('',''),('',''),('',''),('',''),('',''),('',''),('',''),('',''),('',''),('',''),('',''),('',''),('',''),('',''),('',''),('',''),('',''),('',''),('',''),('',''),('',''),('',''),('',''),('',''),('',''),('',''),('',''),('',''),('',''),('',''),('',''),('',''),('',''),('',''),('',''),('',''),('',''),('',''),('',''),('',''),('',''),('',''),('',''),('',''),('',''),('',''),('',''),('',''),('',''),('',''),('',''),('',''),('',''),('',''),('',''),('',''),('',''),('',''),('',''),('',''),('',''),('',''),('',''),('',''),('',''),('',''),('',''),('',''),('',''),('',''),('',''),('',''),('',''),('',''),('',''),('',''),('',''),('',''),('',''),('',''),('',''),('',''),('',''),('',''),('',''),('',''),('',''),('',''),('',''),('',''),('',''),('',''),('',''),('',''),('',''),('',''),('',''),('',''),('',''),('',''),('',''),('',''),('',''),('',''),('',''),('',''),('',''),('',''),('',''),('',''),('',''),('',''),('',''),('',''),('',''),('',''),('',''),('',''),('',''),('',''),('',''),('',''),('',''),('',''),('',''),('',''),('',''),('',''),('',''),('',''),('',''),('',''),('',''),('',''),('',''),('',''),('',''),('',''),('',''),('',''),('',''),('',''),('',''),('',''),('',''),('',''),('',''),('',''),('',''),('',''),('',''),('',''),('',''),('',''),('',''),('',''),('',''),('',''),('',''),('',''),('',''),('',''),('',''),('',''),('',''),('',''),('',''),('',''),('',''),('',''),('',''),('',''),('',''),('',''),('',''),('',''),('',''),('',''),('',''),('',''),('',''),('',''),('',''),('',''),('',''),('',''),('',''),('',''),('',''),('',''),('',''),('',''),('',''),('',''),('',''),('',''),('',''),('',''),('',''),('',''),('',''),('',''),('',''),('',''),('',''),('',''),('',''),('',''),('',''),('',''),('',''),('',''),('',''),('',''),('',''),('',''),('',''),('',''),('',''),('',''),('',''),('',''),('',''),('',''),('',''),('',''),('',''),('',''),('',''),('',''),('',''),('',''),('',''),('',''),('',''),('',''),('',''),('',''),('',''),('',''),('',''),('',''),('',''),('',''),('',''),('',''),('',''),('',''),('',''),('',''),('',''),('',''),('',''),('',''),('',''),('',''),('',''),('',''),('',''),('',''),('',''),('',''),('',''),('',''),('',''),('',''),('',''),('',''),('',''),('',''),('',''),('',''),('',''),('',''),('',''),('',''),('',''),('',''),('',''),('',''),('',''),('',''),('',''),('',''),('',''),('',''),('',''),('',''),('',''),('',''),('',''),('',''),('',''),('',''),('',''),('',''),('',''),('',''),('',''),('',''),('',''),('',''),('',''),('',''),('',''),('',''),('',''),('',''),('',''),('',''),('',''),('',''),('',''),('',''),('',''),('',''),('',''),('',''),('',''),('',''),('',''),('',''),('',''),('',''),('',''),('',''),('',''),('',''),('',''),('',''),('',''),('',''),('',''),('',''),('',''),('',''),('',''),('',''),('',''),('',''),('',''),('',''),('',''),('',''),('',''),('',''),('',''),('',''),('',''),('',''),('',''),('',''),('',''),('',''),('',''),('',''),('',''),('',''),('',''),('',''),('',''),('',''),('',''),('',''),('',''),('',''),('',''),('',''),('',''),('',''),('',''),('',''),('',''),('',''),('',''),('',''),('',''),('',''),('',''),('',''),('',''),('',''),('',''),('',''),('',''),('',''),('',''),('',''),('',''),('',''),('',''),('',''),('',''),('',''),('',''),('',''),('',''),('',''),('',''),('',''),('',''),('',''),('',''),('',''),('',''),('',''),('',''),('',''),('',''),('',''),('',''),('',''),('',''),('',''),('',''),('',''),('',''),('',''),('',''),('',''),('',''),('',''),('',''),('',''),('',''),('',''),('',''),('',''),('',''),('',''),('',''),('',''),('',''),('',''),('',''),('',''),('',''),('',''),('',''),('',''),('',''),('',''),('',''),('',''),('',''),('',''),('',''),('',''),('',''),('',''),('',''),('',''),('',''),('',''),('',''),('',''),('',''),('',''),('',''),('',''),('',''),('',''),('',''),('',''),('',''),('',''),('',''),('',''),('',''),('',''),('',''),('',''),('',''),('',''),('',''),('',''),('',''),('',''),('',''),('',''),('',''),('',''),('',''),('',''),('',''),('',''),('',''),('',''),('',''),('',''),('',''),('',''),('',''),('',''),('',''),('',''),('',''),('',''),('',''),('',''),('',''),('',''),('',''),('',''),('',''),('',''),('',''),('',''),('',''),('',''),('',''),('',''),('',''),('',''),('',''),('',''),('',''),('',''),('',''),('',''),('',''),('',''),('',''),('',''),('',''),('',''),('',''),('',''),('',''),('',''),('',''),('',''),('',''),('',''),('',''),('',''),('',''),('',''),('',''),('',''),('',''),('',''),('',''),('',''),('',''),('',''),('',''),('',''),('',''),('',''),('',''),('',''),('',''),('',''),('',''),('',''),('',''),('',''),('',''),('',''),('',''),('',''),('',''),('',''),('',''),('',''),('',''),('',''),('',''),('',''),('',''),('',''),('',''),('',''),('',''),('',''),('',''),('',''),('',''),('',''),('',''),('',''),('',''),('',''),('',''),('',''),('',''),('',''),('',''),('',''),('',''),('',''),('',''),('',''),('',''),('',''),('',''),('',''),('',''),('',''),('',''),('',''),('',''),('',''),('',''),('',''),('',''),('',''),('',''),('',''),('',''),('',''),('',''),('',''),('',''),('',''),('',''),('',''),('',''),('',''),('',''),('',''),('',''),('',''),('',''),('',''),('',''),('',''),('',''),('',''),('',''),('',''),('',''),('',''),('',''),('',''),('',''),('',''),('',''),('',''),('',''),('',''),('',''),('',''),('',''),('',''),('',''),('',''),('',''),('',''),('',''),('',''),('',''),('',''),('',''),('',''),('',''),('',''),('',''),('',''),('',''),('',''),('',''),('',''),('',''),('',''),('',''),('',''),('',''),('',''),('',''),('',''),('',''),('',''),('',''),('',''),('',''),('',''),('',''),('',''),('',''),('',''),('',''),('',''),('',''),('',''),('',''),('',''),('',''),('',''),('',''),('',''),('',''),('',''),('',''),('',''),('',''),('',''),('',''),('',''),('',''),('',''),('',''),('',''),('',''),('',''),('',''),('',''),('',''),('',''),('',''),('',''),('',''),('',''),('',''),('',''),('',''),('',''),('',''),('',''),('',''),('',''),('',''),('',''),('',''),('',''),('',''),('',''),('',''),('',''),('',''),('',''),('',''),('',''),('',''),('',''),('',''),('',''),('',''),('',''),('',''),('',''),('',''),('',''),('',''),('',''),('',''),('',''),('',''),('',''),('',''),('',''),('',''),('',''),('',''),('',''),('',''),('',''),('',''),('',''),('',''),('',''),('',''),('',''),('',''),('',''),('',''),('',''),('',''),('',''),('',''),('',''),('',''),('',''),('',''),('',''),('',''),('',''),('',''),('',''),('',''),('',''),('',''),('',''),('',''),('',''),('',''),('',''),('',''),('',''),('',''),('',''),('',''),('',''),('',''),('',''),('',''),('',''),('',''),('',''),('',''),('',''),('',''),('',''),('',''),('',''),('',''),('',''),('',''),('',''),('',''),('',''),('',''),('',''),('',''),('',''),('',''),('',''),('',''),('',''),('',''),('',''),('',''),('',''),('',''),('',''),('',''),('',''),('',''),('',''),('',''),('',''),('',''),('',''),('',''),('',''),('',''),('',''),('',''),('',''),('',''),('',''),('',''),('',''),('',''),('',''),('',''),('',''),('',''),('',''),('',''),('',''),('',''),('',''),('',''),('',''),('',''),('',''),('',''),('',''),('',''),('',''),('',''),('',''),('',''),('',''),('',''),('',''),('',''),('',''),('',''),('',''),('',''),('',''),('',''),('',''),('',''),('',''),('',''),('',''),('',''),('',''),('',''),('',''),('',''),('',''),('',''),('',''),('',''),('',''),('',''),('',''),('',''),('',''),('',''),('',''),('',''),('',''),('',''),('',''),('',''),('',''),('',''),('',''),('',''),('',''),('',''),('',''),('',''),('',''),('',''),('',''),('',''),('',''),('',''),('',''),('',''),('',''),('',''),('',''),('',''),('',''),('',''),('',''),('',''),('',''),('',''),('',''),('',''),('',''),('',''),('',''),('',''),('',''),('',''),('',''),('',''),('',''),('',''),('',''),('',''),('',''),('',''),('',''),('',''),('',''),('',''),('',''),('',''),('',''),('',''),('',''),('',''),('',''),('',''),('',''),('',''),('',''),('',''),('',''),('',''),('',''),('',''),('',''),('',''),('',''),('',''),('',''),('',''),('',''),('',''),('',''),('',''),('',''),('',''),('',''),('',''),('',''),('',''),('',''),('',''),('',''),('',''),('',''),('',''),('',''),('',''),('',''),('',''),('',''),('',''),('',''),('',''),('',''),('',''),('',''),('',''),('',''),('',''),('',''),('',''),('',''),('',''),('',''),('',''),('',''),('',''),('',''),('',''),('',''),('',''),('',''),('',''),('',''),('',''),('',''),('',''),('',''),('',''),('',''),('',''),('',''),('',''),('',''),('',''),('',''),('',''),('',''),('',''),('',''),('',''),('',''),('',''),('',''),('',''),('',''),('',''),('',''),('',''),('',''),('',''),('',''),('',''),('',''),('',''),('',''),('',''),('',''),('',''),('',''),('',''),('',''),('',''),('',''),('',''),('',''),('',''),('',''),('',''),('',''),('',''),('',''),('',''),('',''),('',''),('',''),('',''),('',''),('',''),('',''),('',''),('',''),('',''),('',''),('',''),('',''),('',''),('',''),('',''),('',''),('',''),('',''),('',''),('',''),('',''),('',''),('',''),('',''),('',''),('',''),('',''),('',''),('',''),('',''),('',''),('',''),('',''),('',''),('',''),('',''),('',''),('',''),('',''),('',''),('',''),('',''),('',''),('',''),('',''),('',''),('',''),('',''),('',''),('',''),('',''),('',''),('',''),('',''),('',''),('',''),('',''),('',''),('',''),('',''),('',''),('',''),('',''),('',''),('',''),('',''),('',''),('',''),('',''),('',''),('',''),('',''),('',''),('',''),('',''),('',''),('',''),('',''),('',''),('',''),('',''),('',''),('',''),('',''),('',''),('',''),('',''),('',''),('',''),('',''),('',''),('',''),('',''),('',''),('',''),('',''),('',''),('',''),('',''),('',''),('',''),('',''),('',''),('',''),('',''),('',''),('',''),('',''),('',''),('',''),('',''),('',''),('',''),('',''),('',''),('',''),('',''),('',''),('',''),('',''),('',''),('',''),('',''),('',''),('',''),('',''),('',''),('',''),('',''),('',''),('',''),('',''),('',''),('',''),('',''),('',''),('',''),('',''),('',''),('',''),('',''),('',''),('',''),('',''),('',''),('',''),('',''),('',''),('',''),('',''),('',''),('',''),('',''),('',''),('',''),('',''),('',''),('',''),('',''),('',''),('',''),('',''),('',''),('',''),('',''),('',''),('',''),('',''),('',''),('',''),('',''),('',''),('',''),('',''),('',''),('',''),('',''),('',''),('',''),('',''),('',''),('',''),('',''),('',''),('',''),('',''),('',''),('',''),('',''),('',''),('',''),('',''),('',''),('',''),('',''),('',''),('',''),('',''),('',''),('',''),('',''),('',''),('',''),('',''),('',''),('',''),('',''),('',''),('',''),('',''),('',''),('',''),('',''),('',''),('',''),('',''),('',''),('',''),('',''),('',''),('',''),('',''),('',''),('',''),('',''),('',''),('',''),('',''),('',''),('',''),('',''),('',''),('',''),('',''),('',''),('',''),('',''),('',''),('',''),('',''),('',''),('',''),('',''),('',''),('',''),('',''),('',''),('',''),('',''),('',''),('',''),('',''),('',''),('',''),('',''),('',''),('',''),('',''),('',''),('',''),('',''),('',''),('',''),('',''),('',''),('',''),('',''),('',''),('',''),('',''),('',''),('',''),('',''),('',''),('',''),('',''),('',''),('',''),('',''),('',''),('',''),('',''),('',''),('',''),('',''),('',''),('',''),('',''),('',''),('',''),('',''),('',''),('',''),('',''),('',''),('',''),('',''),('',''),('',''),('',''),('',''),('',''),('',''),('',''),('',''),('',''),('',''),('',''),('',''),('',''),('',''),('',''),('',''),('',''),('',''),('',''),('',''),('',''),('',''),('',''),('',''),('',''),('',''),('',''),('',''),('',''),('',''),('',''),('',''),('',''),('',''),('',''),('',''),('',''),('',''),('',''),('',''),('',''),('',''),('',''),('',''),('',''),('',''),('',''),('',''),('',''),('',''),('',''),('',''),('',''),('',''),('',''),('',''),('',''),('',''),('',''),('',''),('',''),('',''),('',''),('',''),('',''),('',''),('',''),('',''),('',''),('',''),('',''),('',''),('',''),('',''),('',''),('',''),('',''),('',''),('',''),('',''),('',''),('',''),('',''),('',''),('',''),('',''),('',''),('',''),('',''),('',''),('',''),('',''),('',''),('',''),('',''),('',''),('',''),('',''),('',''),('',''),('',''),('',''),('',''),('',''),('',''),('',''),('',''),('',''),('',''),('',''),('',''),('',''),('',''),('',''),('',''),('',''),('',''),('',''),('',''),('',''),('',''),('',''),('',''),('',''),('',''),('',''),('',''),('',''),('',''),('',''),('',''),('',''),('',''),('',''),('',''),('',''),('',''),('',''),('',''),('',''),('',''),('',''),('',''),('',''),('',''),('',''),('',''),('',''),('',''),('',''),('',''),('',''),('',''),('',''),('',''),('',''),('',''),('',''),('',''),('',''),('',''),('',''),('',''),('',''),('',''),('',''),('',''),('',''),('',''),('',''),('',''),('',''),('',''),('',''),('',''),('',''),('',''),('',''),('',''),('',''),('',''),('',''),('',''),('',''),('',''),('',''),('',''),('',''),('',''),('',''),('',''),('',''),('',''),('',''),('',''),('',''),('',''),('',''),('',''),('',''),('',''),('',''),('',''),('',''),('',''),('',''),('',''),('',''),('',''),('',''),('',''),('',''),('',''),('',''),('',''),('',''),('',''),('',''),('',''),('',''),('',''),('',''),('',''),('',''),('',''),('',''),('',''),('',''),('',''),('',''),('',''),('',''),('',''),('',''),('',''),('',''),('',''),('',''),('',''),('',''),('',''),('',''),('',''),('',''),('',''),('',''),('',''),('',''),('',''),('',''),('',''),('',''),('',''),('',''),('',''),('',''),('',''),('',''),('',''),('',''),('',''),('',''),('',''),('',''),('',''),('',''),('',''),('',''),('',''),('',''),('',''),('',''),('',''),('',''),('',''),('',''),('',''),('',''),('',''),('',''),('',''),('',''),('',''),('',''),('',''),('',''),('',''),('',''),('',''),('',''),('',''),('',''),('',''),('',''),('',''),('',''),('',''),('',''),('',''),('',''),('',''),('',''),('',''),('',''),('',''),('',''),('',''),('',''),('',''),('',''),('',''),('',''),('',''),('',''),('',''),('',''),('',''),('',''),('',''),('',''),('',''),('',''),('',''),('',''),('',''),('',''),('',''),('',''),('',''),('',''),('',''),('',''),('',''),('',''),('',''),('',''),('',''),('',''),('',''),('',''),('',''),('',''),('',''),('',''),('',''),('',''),('',''),('',''),('',''),('',''),('',''),('',''),('',''),('',''),('',''),('',''),('',''),('',''),('',''),('',''),('',''),('',''),('',''),('',''),('',''),('',''),('',''),('',''),('',''),('',''),('',''),('',''),('',''),('',''),('',''),('',''),('',''),('',''),('',''),('',''),('',''),('',''),('',''),('',''),('',''),('',''),('',''),('',''),('',''),('',''),('',''),('',''),('',''),('',''),('',''),('',''),('',''),('',''),('',''),('',''),('',''),('',''),('',''),('',''),('',''),('',''),('',''),('',''),('',''),('',''),('',''),('',''),('',''),('',''),('',''),('',''),('',''),('',''),('',''),('',''),('',''),('',''),('',''),('',''),('',''),('',''),('',''),('',''),('',''),('',''),('',''),('',''),('',''),('',''),('',''),('',''),('',''),('',''),('',''),('',''),('',''),('',''),('',''),('',''),('',''),('',''),('',''),('',''),('',''),('',''),('',''),('',''),('',''),('',''),('',''),('',''),('',''),('',''),('',''),('',''),('',''),('',''),('',''),('',''),('',''),('',''),('',''),('',''),('',''),('',''),('',''),('',''),('',''),('',''),('',''),('',''),('',''),('',''),('',''),('',''),('',''),('',''),('',''),('',''),('',''),('',''),('',''),('',''),('',''),('',''),('',''),('',''),('',''),('',''),('',''),('',''),('',''),('',''),('',''),('',''),('',''),('',''),('',''),('',''),('',''),('',''),('',''),('',''),('',''),('',''),('',''),('',''),('',''),('',''),('',''),('',''),('',''),('',''),('',''),('',''),('',''),('',''),('',''),('',''),('',''),('',''),('',''),('',''),('',''),('',''),('',''),('',''),('',''),('',''),('',''),('',''),('',''),('',''),('',''),('',''),('',''),('',''),('',''),('',''),('',''),('',''),('',''),('',''),('',''),('',''),('',''),('',''),('',''),('',''),('',''),('',''),('',''),('',''),('',''),('',''),('',''),('',''),('',''),('',''),('',''),('',''),('',''),('',''),('',''),('',''),('',''),('',''),('',''),('',''),('',''),('',''),('',''),('',''),('',''),('',''),('',''),('',''),('',''),('',''),('',''),('',''),('',''),('',''),('',''),('',''),('',''),('',''),('',''),('',''),('',''),('',''),('',''),('',''),('',''),('',''),('',''),('',''),('',''),('',''),('',''),('',''),('',''),('',''),('',''),('',''),('',''),('',''),('',''),('',''),('',''),('',''),('',''),('',''),('',''),('',''),('',''),('',''),('',''),('',''),('',''),('',''),('',''),('',''),('',''),('',''),('',''),('',''),('',''),('',''),('',''),('',''),('',''),('',''),('',''),('',''),('',''),('',''),('',''),('',''),('',''),('',''),('',''),('',''),('',''),('',''),('',''),('',''),('',''),('',''),('',''),('',''),('',''),('',''),('',''),('',''),('',''),('',''),('',''),('',''),('',''),('',''),('',''),('',''),('',''),('',''),('',''),('',''),('',''),('',''),('',''),('',''),('',''),('',''),('',''),('',''),('',''),('',''),('',''),('',''),('',''),('',''),('',''),('',''),('',''),('',''),('',''),('',''),('',''),('',''),('',''),('',''),('',''),('',''),('',''),('',''),('',''),('',''),('',''),('',''),('',''),('',''),('',''),('',''),('',''),('',''),('',''),('',''),('',''),('',''),('',''),('',''),('',''),('',''),('',''),('',''),('',''),('',''),('',''),('',''),('',''),('',''),('',''),('',''),('',''),('',''),('',''),('',''),('',''),('',''),('',''),('',''),('',''),('',''),('',''),('',''),('',''),('',''),('',''),('',''),('',''),('',''),('',''),('',''),('',''),('',''),('',''),('',''),('',''),('',''),('',''),('',''),('',''),('',''),('',''),('',''),('',''),('',''),('',''),('',''),('',''),('',''),('',''),('',''),('',''),('',''),('',''),('',''),('',''),('',''),('',''),('',''),('',''),('',''),('',''),('',''),('',''),('',''),('',''),('',''),('',''),('',''),('',''),('',''),('',''),('',''),('',''),('',''),('',''),('',''),('',''),('',''),('',''),('',''),('',''),('',''),('',''),('',''),('',''),('',''),('',''),('',''),('',''),('',''),('',''),('',''),('',''),('',''),('',''),('',''),('',''),('',''),('',''),('',''),('',''),('',''),('',''),('',''),('',''),('',''),('',''),('',''),('',''),('',''),('',''),('',''),('',''),('',''),('',''),('',''),('',''),('',''),('',''),('',''),('',''),('',''),('',''),('',''),('',''),('',''),('',''),('',''),('',''),('',''),('',''),('',''),('',''),('',''),('',''),('',''),('',''),('',''),('',''),('',''),('',''),('',''),('',''),('',''),('',''),('',''),('',''),('',''),('',''),('',''),('',''),('',''),('',''),('',''),('',''),('',''),('',''),('',''),('',''),('',''),('',''),('',''),('',''),('',''),('',''),('',''),('',''),('',''),('',''),('',''),('',''),('',''),('',''),('',''),('',''),('',''),('',''),('',''),('',''),('',''),('',''),('',''),('',''),('',''),('',''),('',''),('',''),('',''),('',''),('',''),('',''),('',''),('',''),('',''),('',''),('',''),('',''),('',''),('',''),('',''),('',''),('',''),('',''),('',''),('',''),('',''),('',''),('',''),('',''),('',''),('',''),('',''),('',''),('',''),('',''),('',''),('',''),('',''),('',''),('',''),('',''),('',''),('',''),('',''),('',''),('',''),('',''),('',''),('',''),('',''),('',''),('',''),('',''),('',''),('',''),('',''),('',''),('',''),('',''),('',''),('',''),('',''),('',''),('',''),('',''),('',''),('',''),('',''),('',''),('',''),('',''),('',''),('',''),('',''),('',''),('',''),('',''),('',''),('',''),('',''),('',''),('',''),('',''),('',''),('',''),('',''),('',''),('',''),('',''),('',''),('',''),('',''),('',''),('',''),('',''),('',''),('',''),('',''),('',''),('',''),('',''),('',''),('',''),('',''),('',''),('',''),('',''),('',''),('',''),('',''),('',''),('',''),('',''),('',''),('',''),('',''),('',''),('',''),('',''),('',''),('',''),('',''),('',''),('',''),('',''),('',''),('',''),('',''),('',''),('',''),('',''),('',''),('',''),('',''),('',''),('',''),('',''),('',''),('',''),('',''),('',''),('',''),('',''),('',''),('',''),('',''),('',''),('',''),('',''),('',''),('',''),('',''),('',''),('',''),('',''),('',''),('',''),('',''),('',''),('',''),('',''),('',''),('',''),('',''),('',''),('',''),('',''),('',''),('',''),('',''),('',''),('',''),('',''),('',''),('',''),('',''),('',''),('',''),('',''),('',''),('',''),('',''),('',''),('',''),('',''),('',''),('',''),('',''),('',''),('',''),('',''),('',''),('',''),('',''),('',''),('',''),('',''),('',''),('',''),('',''),('',''),('',''),('',''),('',''),('',''),('',''),('',''),('',''),('',''),('',''),('',''),('',''),('',''),('',''),('',''),('',''),('',''),('',''),('',''),('',''),('',''),('',''),('',''),('',''),('',''),('',''),('',''),('',''),('',''),('',''),('',''),('',''),('',''),('',''),('',''),('',''),('',''),('',''),('',''),('',''),('',''),('',''),('',''),('',''),('',''),('',''),('',''),('',''),('',''),('',''),('',''),('',''),('',''),('',''),('',''),('',''),('',''),('',''),('',''),('',''),('',''),('',''),('',''),('',''),('',''),('',''),('',''),('',''),('',''),('',''),('',''),('',''),('',''),('',''),('',''),('',''),('',''),('',''),('',''),('',''),('',''),('',''),('',''),('',''),('',''),('',''),('',''),('',''),('',''),('',''),('',''),('',''),('',''),('',''),('',''),('',''),('',''),('',''),('',''),('',''),('',''),('',''),('',''),('',''),('',''),('',''),('',''),('',''),('',''),('',''),('',''),('',''),('',''),('',''),('',''),('',''),('',''),('',''),('',''),('',''),('',''),('',''),('',''),('',''),('',''),('',''),('',''),('',''),('',''),('',''),('',''),('',''),('',''),('',''),('',''),('',''),('',''),('',''),('',''),('',''),('',''),('',''),('',''),('',''),('',''),('',''),('',''),('',''),('',''),('',''),('',''),('',''),('',''),('',''),('',''),('',''),('',''),('',''),('',''),('',''),('',''),('',''),('',''),('',''),('',''),('',''),('',''),('',''),('',''),('',''),('',''),('',''),('',''),('',''),('',''),('',''),('',''),('',''),('',''),('',''),('',''),('',''),('',''),('',''),('',''),('',''),('',''),('',''),('',''),('',''),('',''),('',''),('',''),('',''),('',''),('',''),('',''),('',''),('',''),('',''),('',''),('',''),('',''),('',''),('',''),('',''),('',''),('',''),('',''),('',''),('',''),('',''),('',''),('',''),('',''),('',''),('',''),('',''),('',''),('',''),('',''),('',''),('',''),('',''),('',''),('',''),('',''),('',''),('',''),('',''),('',''),('',''),('',''),('',''),('',''),('',''),('',''),('',''),('',''),('',''),('',''),('',''),('',''),('',''),('',''),('',''),('',''),('',''),('',''),('',''),('',''),('',''),('',''),('',''),('',''),('',''),('',''),('',''),('',''),('',''),('',''),('',''),('',''),('',''),('',''),('',''),('',''),('',''),('',''),('',''),('',''),('',''),('',''),('',''),('',''),('',''),('',''),('',''),('',''),('',''),('',''),('',''),('',''),('',''),('',''),('',''),('',''),('',''),('',''),('',''),('',''),('',''),('',''),('',''),('',''),('',''),('',''),('',''),('',''),('',''),('',''),('',''),('',''),('',''),('',''),('',''),('',''),('',''),('',''),('',''),('',''),('',''),('',''),('',''),('',''),('',''),('',''),('',''),('',''),('',''),('',''),('',''),('',''),('',''),('',''),('',''),('',''),('',''),('',''),('',''),('',''),('',''),('',''),('',''),('',''),('',''),('',''),('',''),('',''),('',''),('',''),('',''),('',''),('',''),('',''),('',''),('',''),('',''),('',''),('',''),('',''),('',''),('',''),('',''),('',''),('',''),('',''),('',''),('',''),('',''),('',''),('',''),('',''),('',''),('',''),('',''),('',''),('',''),('',''),('',''),('',''),('',''),('',''),('',''),('',''),('',''),('',''),('',''),('',''),('',''),('',''),('',''),('',''),('',''),('',''),('',''),('',''),('',''),('',''),('',''),('',''),('',''),('',''),('',''),('',''),('',''),('',''),('',''),('',''),('',''),('',''),('',''),('',''),('',''),('',''),('',''),('',''),('',''),('',''),('',''),('',''),('',''),('',''),('',''),('',''),('',''),('',''),('',''),('',''),('',''),('',''),('',''),('',''),('',''),('',''),('',''),('',''),('',''),('',''),('',''),('',''),('',''),('',''),('',''),('',''),('',''),('',''),('',''),('',''),('',''),('',''),('',''),('',''),('',''),('',''),('',''),('',''),('',''),('',''),('',''),('',''),('',''),('',''),('',''),('',''),('',''),('',''),('',''),('',''),('',''),('',''),('',''),('',''),('',''),('',''),('',''),('',''),('',''),('',''),('',''),('',''),('',''),('',''),('',''),('',''),('',''),('',''),('',''),('',''),('',''),('',''),('',''),('',''),('',''),('',''),('',''),('',''),('',''),('',''),('',''),('',''),('',''),('',''),('',''),('',''),('',''),('',''),('',''),('',''),('',''),('',''),('',''),('',''),('',''),('',''),('',''),('',''),('',''),('',''),('',''),('',''),('',''),('',''),('',''),('',''),('',''),('',''),('',''),('',''),('',''),('',''),('',''),('',''),('',''),('',''),('',''),('',''),('',''),('',''),('',''),('',''),('',''),('',''),('',''),('',''),('',''),('',''),('',''),('',''),('',''),('',''),('',''),('',''),('',''),('',''),('',''),('',''),('',''),('',''),('',''),('',''),('',''),('',''),('',''),('',''),('',''),('',''),('',''),('',''),('',''),('',''),('',''),('',''),('',''),('',''),('',''),('',''),('',''),('',''),('',''),('',''),('',''),('',''),('',''),('',''),('',''),('',''),('',''),('',''),('',''),('',''),('',''),('',''),('',''),('',''),('',''),('',''),('',''),('',''),('',''),('',''),('',''),('',''),('',''),('',''),('',''),('',''),('',''),('',''),('',''),('',''),('',''),('',''),('',''),('',''),('',''),('',''),('',''),('',''),('',''),('',''),('',''),('',''),('',''),('',''),('',''),('',''),('',''),('',''),('',''),('',''),('',''),('',''),('',''),('',''),('',''),('',''),('',''),('',''),('',''),('',''),('',''),('',''),('',''),('',''),('',''),('',''),('',''),('',''),('',''),('',''),('',''),('',''),('',''),('',''),('',''),('',''),('',''),('',''),('',''),('',''),('',''),('',''),('',''),('',''),('',''),('',''),('',''),('',''),('',''),('',''),('',''),('',''),('',''),('',''),('',''),('',''),('',''),('',''),('',''),('',''),('',''),('',''),('',''),('',''),('',''),('',''),('',''),('',''),('',''),('',''),('',''),('',''),('',''),('',''),('',''),('',''),('',''),('',''),('',''),('',''),('',''),('',''),('',''),('',''),('',''),('',''),('',''),('',''),('',''),('',''),('',''),('',''),('',''),('',''),('',''),('',''),('',''),('',''),('',''),('',''),('',''),('',''),('',''),('',''),('',''),('',''),('',''),('',''),('',''),('',''),('',''),('',''),('',''),('',''),('',''),('',''),('',''),('',''),('',''),('',''),('',''),('',''),('',''),('',''),('',''),('',''),('',''),('',''),('',''),('',''),('',''),('',''),('',''),('',''),('',''),('',''),('',''),('',''),('',''),('',''),('',''),('',''),('',''),('',''),('',''),('',''),('',''),('',''),('',''),('',''),('',''),('',''),('',''),('',''),('',''),('',''),('',''),('',''),('',''),('',''),('',''),('',''),('',''),('',''),('',''),('',''),('',''),('',''),('',''),('',''),('',''),('',''),('',''),('',''),('',''),('',''),('',''),('',''),('',''),('',''),('',''),('',''),('',''),('',''),('',''),('',''),('',''),('',''),('',''),('',''),('',''),('',''),('',''),('',''),('',''),('',''),('',''),('',''),('',''),('',''),('',''),('',''),('',''),('',''),('',''),('',''),('',''),('',''),('',''),('',''),('',''),('',''),('',''),('',''),('',''),('',''),('',''),('',''),('',''),('',''),('',''),('',''),('',''),('',''),('',''),('',''),('',''),('',''),('',''),('',''),('',''),('',''),('',''),('',''),('',''),('',''),('',''),('',''),('',''),('',''),('',''),('',''),('',''),('',''),('',''),('',''),('',''),('',''),('',''),('',''),('',''),('',''),('',''),('',''),('',''),('',''),('',''),('',''),('',''),('',''),('',''),('',''),('',''),('',''),('',''),('',''),('',''),('',''),('',''),('',''),('',''),('',''),('',''),('',''),('',''),('',''),('',''),('',''),('',''),('',''),('',''),('',''),('',''),('',''),('',''),('',''),('',''),('',''),('',''),('',''),('',''),('',''),('',''),('',''),('',''),('',''),('',''),('',''),('',''),('',''),('',''),('',''),('',''),('',''),('',''),('',''),('',''),('',''),('',''),('',''),('',''),('',''),('',''),('',''),('',''),('',''),('',''),('',''),('',''),('',''),('',''),('',''),('',''),('',''),('',''),('',''),('',''),('',''),('',''),('',''),('',''),('',''),('',''),('',''),('',''),('',''),('',''),('',''),('',''),('',''),('',''),('',''),('',''),('',''),('',''),('',''),('',''),('',''),('',''),('',''),('',''),('',''),('',''),('',''),('',''),('',''),('',''),('',''),('',''),('',''),('',''),('',''),('',''),('',''),('',''),('',''),('',''),('',''),('',''),('',''),('',''),('',''),('',''),('',''),('',''),('',''),('',''),('',''),('',''),('',''),('',''),('',''),('',''),('',''),('',''),('',''),('',''),('',''),('',''),('',''),('',''),('',''),('',''),('',''),('',''),('',''),('',''),('',''),('',''),('',''),('',''),('',''),('',''),('',''),('',''),('',''),('',''),('',''),('',''),('',''),('',''),('',''),('',''),('',''),('',''),('',''),('',''),('',''),('',''),('',''),('',''),('',''),('',''),('',''),('',''),('',''),('',''),('',''),('',''),('',''),('',''),('',''),('',''),('',''),('',''),('',''),('',''),('',''),('',''),('',''),('',''),('',''),('',''),('',''),('',''),('',''),('',''),('',''),('',''),('',''),('',''),('',''),('',''),('',''),('',''),('',''),('',''),('',''),('',''),('',''),('',''),('',''),('',''),('',''),('',''),('',''),('',''),('',''),('',''),('',''),('',''),('',''),('',''),('',''),('',''),('',''),('',''),('',''),('',''),('',''),('',''),('',''),('',''),('',''),('',''),('',''),('',''),('',''),('',''),('',''),('',''),('',''),('',''),('',''),('',''),('',''),('',''),('',''),('',''),('',''),('',''),('',''),('',''),('',''),('',''),('',''),('',''),('',''),('',''),('',''),('',''),('',''),('',''),('',''),('',''),('',''),('',''),('',''),('',''),('',''),('',''),('',''),('',''),('',''),('',''),('',''),('',''),('',''),('',''),('',''),('',''),('',''),('',''),('',''),('',''),('',''),('',''),('',''),('',''),('',''),('',''),('',''),('',''),('',''),('',''),('',''),('',''),('',''),('',''),('',''),('',''),('',''),('',''),('',''),('',''),('',''),('',''),('',''),('',''),('',''),('',''),('',''),('',''),('',''),('',''),('',''),('',''),('',''),('',''),('',''),('',''),('',''),('',''),('',''),('',''),('',''),('',''),('',''),('',''),('',''),('',''),('',''),('',''),('',''),('',''),('',''),('',''),('',''),('',''),('',''),('',''),('',''),('',''),('',''),('',''),('',''),('',''),('',''),('',''),('',''),('',''),('',''),('',''),('',''),('',''),('',''),('',''),('',''),('',''),('',''),('',''),('',''),('',''),('',''),('',''),('',''),('',''),('',''),('',''),('',''),('',''),('',''),('',''),('',''),('',''),('',''),('',''),('',''),('',''),('',''),('',''),('',''),('',''),('',''),('',''),('',''),('',''),('',''),('',''),('',''),('',''),('',''),('',''),('',''),('',''),('',''),('',''),('',''),('',''),('',''),('',''),('',''),('',''),('',''),('',''),('',''),('',''),('',''),('',''),('',''),('',''),('',''),('',''),('',''),('',''),('',''),('',''),('',''),('',''),('',''),('',''),('',''),('',''),('',''),('',''),('',''),('',''),('',''),('',''),('',''),('',''),('',''),('',''),('',''),('',''),('',''),('',''),('',''),('',''),('',''),('',''),('',''),('',''),('',''),('',''),('',''),('',''),('',''),('',''),('',''),('',''),('',''),('',''),('',''),('',''),('',''),('',''),('',''),('',''),('',''),('',''),('',''),('',''),('',''),('',''),('',''),('',''),('',''),('',''),('',''),('',''),('',''),('',''),('',''),('',''),('',''),('',''),('',''),('',''),('',''),('',''),('',''),('',''),('',''),('',''),('',''),('',''),('',''),('',''),('',''),('',''),('',''),('',''),('',''),('',''),('',''),('',''),('',''),('',''),('',''),('',''),('',''),('',''),('',''),('',''),('',''),('',''),('',''),('',''),('',''),('',''),('',''),('',''),('',''),('',''),('',''),('',''),('',''),('',''),('',''),('',''),('',''),('',''),('',''),('',''),('',''),('',''),('',''),('',''),('',''),('',''),('',''),('',''),('',''),('',''),('',''),('',''),('',''),('',''),('',''),('',''),('',''),('',''),('',''),('',''),('',''),('',''),('',''),('',''),('',''),('',''),('',''),('',''),('',''),('',''),('',''),('',''),('',''),('',''),('',''),('',''),('',''),('',''),('',''),('',''),('',''),('',''),('',''),('',''),('',''),('',''),('',''),('',''),('',''),('',''),('',''),('',''),('',''),('',''),('',''),('',''),('',''),('',''),('',''),('',''),('',''),('',''),('',''),('',''),('',''),('',''),('',''),('',''),('',''),('',''),('',''),('',''),('',''),('',''),('',''),('',''),('',''),('',''),('',''),('',''),('',''),('',''),('',''),('',''),('',''),('',''),('',''),('',''),('',''),('',''),('',''),('',''),('',''),('',''),('',''),('',''),('',''),('',''),('',''),('',''),('',''),('',''),('',''),('',''),('',''),('',''),('',''),('',''),('',''),('',''),('',''),('',''),('',''),('',''),('',''),('',''),('',''),('',''),('',''),('',''),('',''),('',''),('',''),('',''),('',''),('',''),('',''),('',''),('',''),('',''),('',''),('',''),('',''),('',''),('',''),('',''),('',''),('',''),('',''),('',''),('',''),('',''),('',''),('',''),('',''),('',''),('',''),('',''),('',''),('',''),('',''),('',''),('',''),('',''),('',''),('',''),('',''),('',''),('',''),('',''),('',''),('',''),('',''),('',''),('',''),('',''),('',''),('',''),('',''),('',''),('',''),('',''),('',''),('',''),('',''),('',''),('',''),('',''),('',''),('',''),('',''),('',''),('',''),('',''),('',''),('',''),('',''),('',''),('',''),('',''),('',''),('',''),('',''),('',''),('',''),('',''),('',''),('',''),('',''),('',''),('',''),('',''),('',''),('',''),('',''),('',''),('',''),('',''),('',''),('',''),('',''),('',''),('',''),('',''),('',''),('',''),('',''),('',''),('',''),('',''),('',''),('',''),('',''),('',''),('',''),('',''),('',''),('',''),('',''),('',''),('',''),('',''),('',''),('',''),('',''),('',''),('',''),('',''),('',''),('',''),('',''),('',''),('',''),('',''),('',''),('',''),('',''),('',''),('',''),('',''),('',''),('',''),('',''),('',''),('',''),('',''),('',''),('',''),('',''),('',''),('',''),('',''),('',''),('',''),('',''),('',''),('',''),('',''),('',''),('',''),('',''),('',''),('',''),('',''),('',''),('',''),('',''),('',''),('',''),('',''),('',''),('',''),('',''),('',''),('',''),('',''),('',''),('',''),('',''),('',''),('',''),('',''),('',''),('',''),('',''),('',''),('',''),('',''),('',''),('',''),('',''),('',''),('',''),('',''),('',''),('',''),('',''),('',''),('',''),('',''),('',''),('',''),('',''),('',''),('',''),('',''),('',''),('',''),('',''),('',''),('',''),('',''),('',''),('',''),('',''),('',''),('',''),('',''),('',''),('',''),('',''),('',''),('',''),('',''),('',''),('',''),('',''),('',''),('',''),('',''),('',''),('',''),('',''),('',''),('',''),('',''),('',''),('',''),('',''),('',''),('',''),('',''),('',''),('',''),('',''),('',''),('',''),('',''),('',''),('',''),('',''),('',''),('',''),('',''),('',''),('',''),('',''),('',''),('',''),('',''),('',''),('',''),('',''),('',''),('',''),('',''),('',''),('',''),('',''),('',''),('',''),('',''),('',''),('',''),('',''),('',''),('',''),('',''),('',''),('',''),('',''),('',''),('',''),('',''),('',''),('',''),('',''),('',''),('',''),('',''),('',''),('',''),('',''),('',''),('',''),('',''),('',''),('',''),('',''),('',''),('',''),('',''),('',''),('',''),('',''),('',''),('',''),('',''),('',''),('',''),('',''),('',''),('',''),('',''),('',''),('',''),('',''),('',''),('',''),('',''),('',''),('',''),('',''),('',''),('',''),('',''),('',''),('',''),('',''),('',''),('',''),('',''),('',''),('',''),('',''),('',''),('',''),('',''),('',''),('',''),('',''),('',''),('',''),('',''),('',''),('',''),('',''),('',''),('',''),('',''),('',''),('',''),('',''),('',''),('',''),('',''),('',''),('',''),('',''),('',''),('',''),('',''),('',''),('',''),('',''),('',''),('',''),('',''),('',''),('',''),('',''),('',''),('',''),('',''),('',''),('',''),('',''),('',''),('',''),('',''),('',''),('',''),('',''),('',''),('',''),('',''),('',''),('',''),('',''),('',''),('',''),('',''),('',''),('',''),('',''),('',''),('',''),('',''),('',''),('',''),('',''),('',''),('',''),('',''),('',''),('',''),('',''),('',''),('',''),('',''),('',''),('',''),('',''),('',''),('',''),('',''),('',''),('',''),('',''),('',''),('',''),('',''),('',''),('',''),('',''),('',''),('',''),('',''),('',''),('',''),('',''),('',''),('',''),('',''),('',''),('',''),('',''),('',''),('',''),('',''),('',''),('',''),('',''),('',''),('',''),('',''),('',''),('',''),('',''),('',''),('',''),('',''),('',''),('',''),('',''),('',''),('',''),('',''),('',''),('',''),('',''),('',''),('',''),('',''),('',''),('',''),('',''),('',''),('',''),('',''),('',''),('',''),('',''),('',''),('',''),('',''),('',''),('',''),('',''),('',''),('',''),('',''),('',''),('',''),('',''),('',''),('',''),('',''),('',''),('',''),('',''),('',''),('',''),('',''),('',''),('',''),('',''),('',''),('',''),('',''),('',''),('',''),('',''),('',''),('',''),('',''),('',''),('',''),('',''),('',''),('',''),('',''),('',''),('',''),('',''),('',''),('',''),('',''),('',''),('',''),('',''),('',''),('',''),('',''),('',''),('',''),('',''),('',''),('',''),('',''),('',''),('',''),('',''),('',''),('',''),('',''),('',''),('',''),('',''),('',''),('',''),('',''),('',''),('',''),('',''),('',''),('',''),('',''),('',''),('',''),('',''),('',''),('',''),('',''),('',''),('',''),('',''),('',''),('',''),('',''),('',''),('',''),('',''),('',''),('',''),('',''),('',''),('',''),('',''),('',''),('',''),('',''),('',''),('',''),('',''),('',''),('',''),('',''),('',''),('',''),('',''),('',''),('',''),('',''),('',''),('',''),('',''),('',''),('',''),('',''),('',''),('',''),('',''),('',''),('',''),('',''),('',''),('',''),('',''),('',''),('',''),('',''),('',''),('',''),('',''),('',''),('',''),('',''),('',''),('',''),('',''),('',''),('',''),('',''),('',''),('',''),('',''),('',''),('',''),('',''),('',''),('',''),('',''),('',''),('',''),('',''),('',''),('',''),('',''),('',''),('',''),('',''),('',''),('',''),('',''),('',''),('',''),('',''),('',''),('',''),('',''),('',''),('',''),('',''),('',''),('',''),('',''),('',''),('',''),('',''),('',''),('',''),('',''),('',''),('',''),('',''),('',''),('',''),('',''),('',''),('',''),('',''),('',''),('',''),('',''),('',''),('',''),('',''),('',''),('',''),('',''),('',''),('',''),('',''),('',''),('',''),('',''),('',''),('',''),('',''),('',''),('',''),('',''),('',''),('',''),('',''),('',''),('',''),('',''),('',''),('',''),('',''),('',''),('',''),('',''),('',''),('',''),('',''),('',''),('',''),('',''),('',''),('',''),('',''),('',''),('',''),('',''),('',''),('',''),('',''),('',''),('',''),('',''),('',''),('',''),('',''),('',''),('',''),('',''),('',''),('',''),('',''),('',''),('',''),('',''),('',''),('',''),('',''),('',''),('',''),('',''),('',''),('',''),('',''),('',''),('',''),('',''),('',''),('',''),('',''),('',''),('',''),('',''),('',''),('',''),('',''),('',''),('',''),('',''),('',''),('',''),('',''),('',''),('',''),('',''),('',''),('',''),('',''),('',''),('',''),('',''),('',''),('',''),('',''),('',''),('',''),('',''),('',''),('',''),('',''),('',''),('',''),('',''),('',''),('',''),('',''),('',''),('',''),('',''),('',''),('',''),('',''),('',''),('',''),('',''),('',''),('',''),('',''),('',''),('',''),('',''),('',''),('',''),('',''),('',''),('',''),('',''),('',''),('',''),('',''),('',''),('',''),('',''),('',''),('',''),('',''),('',''),('',''),('',''),('',''),('',''),('',''),('',''),('',''),('',''),('',''),('',''),('',''),('',''),('',''),('',''),('',''),('',''),('',''),('',''),('',''),('',''),('',''),('',''),('',''),('',''),('',''),('',''),('',''),('',''),('',''),('',''),('',''),('',''),('',''),('',''),('',''),('',''),('',''),('',''),('',''),('',''),('',''),('',''),('',''),('',''),('',''),('',''),('',''),('',''),('',''),('',''),('',''),('',''),('',''),('',''),('',''),('',''),('',''),('',''),('',''),('',''),('',''),('',''),('',''),('',''),('',''),('',''),('',''),('',''),('',''),('',''),('',''),('',''),('',''),('',''),('',''),('',''),('',''),('',''),('',''),('',''),('',''),('',''),('',''),('',''),('',''),('',''),('',''),('',''),('',''),('',''),('',''),('',''),('',''),('',''),('',''),('',''),('',''),('',''),('',''),('',''),('',''),('',''),('',''),('',''),('',''),('',''),('',''),('',''),('',''),('',''),('',''),('',''),('',''),('',''),('',''),('',''),('',''),('',''),('',''),('',''),('',''),('',''),('',''),('',''),('',''),('',''),('',''),('',''),('',''),('',''),('',''),('',''),('',''),('',''),('',''),('',''),('',''),('',''),('',''),('',''),('',''),('',''),('',''),('',''),('',''),('',''),('',''),('',''),('',''),('',''),('',''),('',''),('',''),('',''),('',''),('',''),('',''),('',''),('',''),('',''),('',''),('',''),('',''),('',''),('',''),('',''),('',''),('',''),('',''),('',''),('',''),('',''),('',''),('',''),('',''),('',''),('',''),('',''),('',''),('',''),('',''),('',''),('',''),('',''),('',''),('',''),('',''),('',''),('',''),('',''),('',''),('',''),('',''),('',''),('',''),('',''),('',''),('',''),('',''),('',''),('',''),('',''),('',''),('',''),('',''),('',''),('',''),('',''),('',''),('',''),('',''),('',''),('',''),('',''),('',''),('',''),('',''),('',''),('',''),('',''),('',''),('',''),('',''),('',''),('',''),('',''),('',''),('',''),('',''),('',''),('',''),('',''),('',''),('',''),('',''),('',''),('',''),('',''),('',''),('',''),('',''),('',''),('',''),('',''),('',''),('',''),('',''),('',''),('',''),('',''),('',''),('',''),('',''),('',''),('',''),('',''),('',''),('',''),('',''),('',''),('',''),('',''),('',''),('',''),('',''),('',''),('',''),('',''),('',''),('',''),('',''),('',''),('',''),('',''),('',''),('',''),('',''),('',''),('',''),('',''),('',''),('',''),('',''),('',''),('',''),('',''),('',''),('',''),('',''),('',''),('',''),('',''),('',''),('',''),('',''),('',''),('',''),('',''),('',''),('',''),('',''),('',''),('',''),('',''),('',''),('',''),('',''),('',''),('',''),('',''),('',''),('',''),('',''),('',''),('',''),('',''),('',''),('',''),('',''),('',''),('',''),('',''),('',''),('',''),('',''),('',''),('',''),('',''),('',''),('',''),('',''),('',''),('',''),('',''),('',''),('',''),('',''),('',''),('',''),('',''),('',''),('',''),('',''),('',''),('',''),('',''),('',''),('',''),('',''),('',''),('',''),('',''),('',''),('',''),('',''),('',''),('',''),('',''),('',''),('',''),('',''),('',''),('',''),('',''),('',''),('',''),('',''),('',''),('',''),('',''),('',''),('',''),('',''),('',''),('',''),('',''),('',''),('',''),('',''),('',''),('',''),('',''),('',''),('',''),('',''),('',''),('',''),('',''),('',''),('',''),('',''),('',''),('',''),('',''),('',''),('',''),('',''),('',''),('',''),('',''),('',''),('',''),('',''),('',''),('',''),('',''),('',''),('',''),('',''),('',''),('',''),('',''),('',''),('',''),('',''),('',''),('',''),('',''),('',''),('',''),('',''),('',''),('',''),('',''),('',''),('',''),('',''),('',''),('',''),('',''),('',''),('',''),('',''),('',''),('',''),('',''),('',''),('',''),('',''),('',''),('',''),('',''),('',''),('',''),('',''),('',''),('',''),('',''),('',''),('',''),('',''),('',''),('',''),('',''),('',''),('',''),('',''),('',''),('',''),('',''),('',''),('',''),('',''),('',''),('',''),('',''),('',''),('',''),('',''),('',''),('',''),('',''),('',''),('',''),('',''),('',''),('',''),('',''),('',''),('',''),('',''),('',''),('',''),('',''),('',''),('',''),('',''),('',''),('',''),('',''),('',''),('',''),('',''),('',''),('',''),('',''),('',''),('',''),('',''),('',''),('',''),('',''),('',''),('',''),('',''),('',''),('',''),('',''),('',''),('',''),('',''),('',''),('',''),('',''),('',''),('',''),('',''),('',''),('',''),('',''),('',''),('',''),('',''),('',''),('',''),('',''),('',''),('',''),('',''),('',''),('',''),('',''),('',''),('',''),('',''),('',''),('',''),('',''),('',''),('',''),('',''),('',''),('',''),('',''),('',''),('',''),('',''),('',''),('',''),('',''),('',''),('',''),('',''),('',''),('',''),('',''),('',''),('',''),('',''),('',''),('',''),('',''),('',''),('',''),('',''),('',''),('',''),('',''),('',''),('',''),('',''),('',''),('',''),('',''),('',''),('',''),('',''),('',''),('',''),('',''),('',''),('',''),('',''),('',''),('',''),('',''),('',''),('',''),('',''),('',''),('',''),('',''),('',''),('',''),('',''),('',''),('',''),('',''),('',''),('',''),('',''),('',''),('',''),('',''),('',''),('',''),('',''),('',''),('',''),('',''),('',''),('',''),('',''),('',''),('',''),('',''),('',''),('',''),('',''),('',''),('',''),('',''),('',''),('',''),('',''),('',''),('',''),('',''),('',''),('',''),('',''),('',''),('',''),('',''),('',''),('',''),('',''),('',''),('',''),('',''),('',''),('',''),('',''),('',''),('',''),('',''),('',''),('',''),('',''),('',''),('',''),('',''),('',''),('',''),('',''),('',''),('',''),('',''),('',''),('',''),('',''),('',''),('',''),('',''),('',''),('',''),('',''),('',''),('',''),('',''),('',''),('',''),('',''),('',''),('',''),('',''),('',''),('',''),('',''),('',''),('',''),('',''),('',''),('',''),('',''),('',''),('',''),('',''),('',''),('',''),('',''),('',''),('',''),('',''),('',''),('',''),('',''),('',''),('',''),('',''),('',''),('',''),('',''),('',''),('',''),('',''),('',''),('',''),('',''),('',''),('',''),('',''),('',''),('',''),('',''),('',''),('',''),('',''),('',''),('',''),('',''),('',''),('',''),('',''),('',''),('',''),('',''),('',''),('',''),('',''),('',''),('',''),('',''),('',''),('',''),('',''),('',''),('',''),('',''),('',''),('',''),('',''),('',''),('',''),('',''),('',''),('',''),('',''),('',''),('',''),('',''),('',''),('',''),('',''),('',''),('',''),('',''),('',''),('',''),('',''),('',''),('',''),('',''),('',''),('',''),('',''),('',''),('',''),('',''),('',''),('',''),('',''),('',''),('',''),('',''),('',''),('',''),('',''),('',''),('',''),('',''),('',''),('',''),('',''),('',''),('',''),('',''),('',''),('',''),('',''),('',''),('',''),('',''),('',''),('',''),('',''),('',''),('',''),('',''),('',''),('',''),('',''),('',''),('',''),('',''),('',''),('',''),('',''),('',''),('',''),('',''),('',''),('',''),('',''),('',''),('',''),('',''),('',''),('',''),('',''),('',''),('',''),('',''),('',''),('',''),('',''),('',''),('',''),('',''),('',''),('',''),('',''),('',''),('',''),('',''),('',''),('',''),('',''),('',''),('',''),('',''),('',''),('',''),('',''),('',''),('',''),('',''),('',''),('',''),('',''),('',''),('',''),('',''),('',''),('',''),('',''),('',''),('',''),('',''),('',''),('',''),('',''),('',''),('',''),('',''),('',''),('',''),('',''),('',''),('',''),('',''),('',''),('',''),('',''),('',''),('',''),('',''),('',''),('',''),('',''),('',''),('',''),('',''),('',''),('',''),('',''),('',''),('',''),('',''),('',''),('',''),('',''),('',''),('',''),('',''),('',''),('',''),('',''),('',''),('',''),('',''),('',''),('',''),('',''),('',''),('',''),('',''),('',''),('',''),('',''),('',''),('',''),('',''),('',''),('',''),('',''),('',''),('',''),('',''),('',''),('',''),('',''),('',''),('',''),('',''),('',''),('',''),('',''),('',''),('',''),('',''),('',''),('',''),('',''),('',''),('',''),('',''),('',''),('',''),('',''),('',''),('',''),('',''),('',''),('',''),('',''),('',''),('',''),('',''),('',''),('',''),('',''),('',''),('',''),('',''),('',''),('',''),('',''),('',''),('',''),('',''),('',''),('',''),('',''),('',''),('',''),('',''),('',''),('',''),('',''),('',''),('',''),('',''),('',''),('',''),('',''),('',''),('',''),('',''),('',''),('',''),('',''),('',''),('',''),('',''),('',''),('',''),('',''),('',''),('',''),('',''),('',''),('',''),('',''),('',''),('',''),('',''),('',''),('',''),('',''),('',''),('',''),('',''),('',''),('',''),('',''),('',''),('',''),('',''),('',''),('',''),('',''),('',''),('',''),('',''),('',''),('',''),('',''),('',''),('',''),('',''),('',''),('',''),('',''),('',''),('',''),('',''),('',''),('',''),('',''),('',''),('',''),('',''),('',''),('',''),('',''),('',''),('',''),('',''),('',''),('',''),('',''),('',''),('',''),('',''),('',''),('',''),('',''),('',''),('',''),('',''),('',''),('',''),('',''),('',''),('',''),('',''),('',''),('',''),('',''),('',''),('',''),('',''),('',''),('',''),('',''),('',''),('',''),('',''),('',''),('',''),('',''),('',''),('',''),('',''),('',''),('',''),('',''),('',''),('',''),('',''),('',''),('',''),('',''),('',''),('',''),('',''),('',''),('',''),('',''),('',''),('',''),('',''),('',''),('',''),('',''),('',''),('',''),('',''),('',''),('',''),('',''),('',''),('',''),('',''),('',''),('',''),('',''),('',''),('',''),('',''),('',''),('',''),('',''),('',''),('',''),('',''),('',''),('',''),('',''),('',''),('',''),('',''),('',''),('',''),('',''),('',''),('',''),('',''),('',''),('',''),('',''),('',''),('',''),('',''),('',''),('',''),('',''),('',''),('',''),('',''),('',''),('',''),('',''),('',''),('',''),('',''),('',''),('',''),('',''),('',''),('',''),('',''),('',''),('',''),('',''),('',''),('',''),('',''),('',''),('',''),('',''),('',''),('',''),('',''),('',''),('',''),('',''),('',''),('',''),('',''),('',''),('',''),('',''),('',''),('',''),('',''),('',''),('',''),('',''),('',''),('',''),('',''),('',''),('',''),('',''),('',''),('',''),('',''),('',''),('',''),('',''),('',''),('',''),('',''),('',''),('',''),('',''),('',''),('',''),('',''),('',''),('',''),('',''),('',''),('',''),('',''),('',''),('',''),('',''),('',''),('',''),('',''),('',''),('',''),('',''),('',''),('',''),('',''),('',''),('',''),('',''),('',''),('',''),('',''),('',''),('',''),('',''),('',''),('',''),('',''),('',''),('',''),('',''),('',''),('',''),('',''),('',''),('',''),('',''),('',''),('',''),('',''),('',''),('',''),('',''),('',''),('',''),('',''),('',''),('',''),('',''),('',''),('',''),('',''),('',''),('',''),('',''),('',''),('',''),('',''),('',''),('',''),('',''),('',''),('',''),('',''),('',''),('',''),('',''),('',''),('',''),('',''),('',''),('',''),('',''),('',''),('',''),('',''),('',''),('',''),('',''),('',''),('',''),('',''),('',''),('',''),('',''),('',''),('',''),('',''),('',''),('',''),('',''),('',''),('',''),('',''),('',''),('',''),('',''),('',''),('',''),('',''),('',''),('',''),('',''),('',''),('',''),('',''),('',''),('',''),('',''),('',''),('',''),('',''),('',''),('',''),('',''),('',''),('',''),('',''),('',''),('',''),('',''),('',''),('',''),('',''),('',''),('',''),('',''),('',''),('',''),('',''),('',''),('',''),('',''),('',''),('',''),('',''),('',''),('',''),('',''),('',''),('',''),('',''),('',''),('',''),('',''),('',''),('',''),('',''),('',''),('',''),('',''),('',''),('',''),('',''),('',''),('',''),('',''),('',''),('',''),('',''),('',''),('',''),('',''),('',''),('',''),('',''),('',''),('',''),('',''),('',''),('',''),('',''),('',''),('',''),('',''),('',''),('',''),('',''),('',''),('',''),('',''),('',''),('',''),('',''),('',''),('',''),('',''),('',''),('',''),('',''),('',''),('',''),('',''),('',''),('',''),('',''),('',''),('',''),('',''),('',''),('',''),('',''),('',''),('',''),('',''),('',''),('',''),('',''),('',''),('',''),('',''),('',''),('',''),('',''),('',''),('',''),('',''),('',''),('',''),('',''),('',''),('',''),('',''),('',''),('',''),('',''),('',''),('',''),('',''),('',''),('',''),('',''),('',''),('',''),('',''),('',''),('',''),('',''),('',''),('',''),('',''),('',''),('',''),('',''),('',''),('',''),('',''),('',''),('',''),('',''),('',''),('',''),('',''),('',''),('',''),('',''),('',''),('',''),('',''),('',''),('',''),('',''),('',''),('',''),('',''),('',''),('',''),('',''),('',''),('',''),('',''),('',''),('',''),('',''),('',''),('',''),('',''),('',''),('',''),('',''),('',''),('',''),('',''),('',''),('',''),('',''),('',''),('',''),('',''),('',''),('',''),('',''),('',''),('',''),('',''),('',''),('',''),('',''),('',''),('',''),('',''),('',''),('',''),('',''),('',''),('',''),('',''),('',''),('',''),('',''),('',''),('',''),('',''),('',''),('',''),('',''),('',''),('',''),('',''),('',''),('',''),('',''),('',''),('',''),('',''),('',''),('',''),('',''),('',''),('',''),('',''),('',''),('',''),('',''),('',''),('',''),('',''),('',''),('',''),('',''),('',''),('',''),('',''),('',''),('',''),('',''),('',''),('',''),('',''),('',''),('',''),('',''),('',''),('',''),('',''),('',''),('',''),('',''),('',''),('',''),('',''),('',''),('',''),('',''),('',''),('',''),('',''),('',''),('',''),('',''),('',''),('',''),('',''),('',''),('',''),('',''),('',''),('',''),('',''),('',''),('',''),('',''),('',''),('',''),('',''),('',''),('',''),('',''),('',''),('',''),('',''),('',''),('',''),('',''),('',''),('',''),('',''),('',''),('',''),('',''),('',''),('',''),('',''),('',''),('',''),('',''),('',''),('',''),('',''),('',''),('',''),('',''),('',''),('',''),('',''),('',''),('',''),('',''),('',''),('',''),('',''),('',''),('',''),('',''),('',''),('',''),('',''),('',''),('',''),('',''),('',''),('',''),('',''),('',''),('',''),('',''),('',''),('',''),('',''),('',''),('',''),('',''),('',''),('',''),('',''),('',''),('',''),('',''),('',''),('',''),('',''),('',''),('',''),('',''),('',''),('',''),('',''),('',''),('',''),('',''),('',''),('',''),('',''),('',''),('',''),('',''),('',''),('',''),('',''),('',''),('',''),('',''),('',''),('',''),('',''),('',''),('',''),('',''),('',''),('',''),('',''),('',''),('',''),('',''),('',''),('',''),('',''),('',''),('',''),('',''),('',''),('',''),('',''),('',''),('',''),('',''),('',''),('',''),('',''),('',''),('',''),('',''),('',''),('',''),('',''),('',''),('',''),('',''),('',''),('',''),('',''),('',''),('',''),('',''),('',''),('',''),('',''),('',''),('',''),('',''),('',''),('',''),('',''),('',''),('',''),('',''),('',''),('',''),('',''),('',''),('',''),('',''),('',''),('',''),('',''),('',''),('',''),('',''),('',''),('',''),('',''),('',''),('',''),('',''),('',''),('',''),('',''),('',''),('',''),('',''),('',''),('',''),('',''),('',''),('',''),('',''),('',''),('',''),('',''),('',''),('',''),('',''),('',''),('',''),('',''),('',''),('',''),('',''),('',''),('',''),('',''),('',''),('',''),('',''),('',''),('',''),('',''),('',''),('',''),('',''),('',''),('',''),('',''),('',''),('',''),('',''),('',''),('',''),('',''),('',''),('',''),('',''),('',''),('',''),('',''),('',''),('',''),('',''),('',''),('',''),('',''),('',''),('',''),('',''),('',''),('',''),('',''),('',''),('',''),('',''),('',''),('',''),('',''),('',''),('',''),('',''),('',''),('',''),('',''),('',''),('',''),('',''),('',''),('',''),('',''),('',''),('',''),('',''),('',''),('',''),('',''),('',''),('',''),('',''),('',''),('',''),('',''),('',''),('',''),('',''),('',''),('',''),('',''),('',''),('',''),('',''),('',''),('',''),('',''),('',''),('',''),('',''),('',''),('',''),('',''),('',''),('',''),('',''),('',''),('',''),('',''),('',''),('',''),('',''),('',''),('',''),('',''),('',''),('',''),('',''),('',''),('',''),('',''),('',''),('',''),('',''),('',''),('',''),('',''),('',''),('',''),('',''),('',''),('',''),('',''),('',''),('',''),('',''),('',''),('',''),('',''),('',''),('',''),('',''),('',''),('',''),('',''),('',''),('',''),('',''),('',''),('',''),('',''),('',''),('',''),('',''),('',''),('',''),('',''),('',''),('',''),('',''),('',''),('',''),('',''),('',''),('',''),('',''),('',''),('',''),('',''),('',''),('',''),('',''),('',''),('',''),('',''),('',''),('',''),('',''),('',''),('',''),('',''),('',''),('',''),('',''),('',''),('',''),('',''),('',''),('',''),('',''),('',''),('',''),('',''),('',''),('',''),('',''),('',''),('',''),('',''),('',''),('',''),('',''),('',''),('',''),('',''),('',''),('',''),('',''),('',''),('',''),('',''),('',''),('',''),('',''),('',''),('',''),('',''),('',''),('',''),('',''),('',''),('',''),('',''),('',''),('',''),('',''),('',''),('',''),('',''),('',''),('',''),('',''),('',''),('',''),('',''),('',''),('',''),('',''),('',''),('',''),('',''),('',''),('',''),('',''),('',''),('',''),('',''),('',''),('',''),('',''),('',''),('',''),('',''),('',''),('',''),('',''),('',''),('',''),('',''),('',''),('',''),('',''),('',''),('',''),('',''),('',''),('',''),('',''),('',''),('',''),('',''),('',''),('',''),('',''),('',''),('',''),('',''),('',''),('',''),('',''),('',''),('',''),('',''),('',''),('',''),('',''),('',''),('',''),('',''),('',''),('',''),('',''),('',''),('',''),('',''),('',''),('',''),('',''),('',''),('',''),('',''),('',''),('',''),('',''),('',''),('',''),('',''),('',''),('',''),('',''),('',''),('',''),('',''),('',''),('',''),('',''),('',''),('',''),('',''),('',''),('',''),('',''),('',''),('',''),('',''),('',''),('',''),('',''),('',''),('',''),('',''),('',''),('',''),('',''),('',''),('',''),('',''),('',''),('',''),('',''),('',''),('',''),('',''),('',''),('',''),('',''),('',''),('',''),('',''),('',''),('',''),('',''),('',''),('',''),('',''),('',''),('',''),('',''),('',''),('',''),('',''),('',''),('',''),('',''),('',''),('',''),('',''),('',''),('',''),('',''),('',''),('',''),('',''),('',''),('',''),('',''),('',''),('',''),('',''),('',''),('',''),('',''),('',''),('',''),('',''),('',''),('',''),('',''),('',''),('',''),('',''),('',''),('',''),('',''),('',''),('',''),('',''),('',''),('',''),('',''),('',''),('',''),('',''),('',''),('',''),('',''),('',''),('',''),('',''),('',''),('',''),('',''),('',''),('',''),('',''),('',''),('',''),('',''),('',''),('',''),('',''),('',''),('',''),('',''),('',''),('',''),('',''),('',''),('',''),('',''),('',''),('',''),('',''),('',''),('',''),('',''),('',''),('',''),('',''),('',''),('',''),('',''),('',''),('',''),('',''),('',''),('',''),('',''),('',''),('',''),('',''),('',''),('',''),('',''),('',''),('',''),('',''),('',''),('',''),('',''),('',''),('',''),('',''),('',''),('',''),('',''),('',''),('',''),('',''),('',''),('',''),('',''),('',''),('',''),('',''),('',''),('',''),('',''),('',''),('',''),('',''),('',''),('',''),('',''),('',''),('',''),('',''),('',''),('',''),('',''),('',''),('',''),('',''),('',''),('',''),('',''),('',''),('',''),('',''),('',''),('',''),('',''),('',''),('',''),('',''),('',''),('',''),('',''),('',''),('',''),('',''),('',''),('',''),('',''),('',''),('',''),('',''),('',''),('',''),('',''),('',''),('',''),('',''),('',''),('',''),('',''),('',''),('',''),('',''),('',''),('',''),('',''),('',''),('',''),('',''),('',''),('',''),('',''),('',''),('',''),('',''),('',''),('',''),('',''),('',''),('',''),('',''),('',''),('',''),('',''),('',''),('',''),('',''),('',''),('',''),('',''),('',''),('',''),('',''),('',''),('',''),('',''),('',''),('',''),('',''),('',''),('',''),('',''),('',''),('',''),('',''),('',''),('',''),('',''),('',''),('',''),('',''),('',''),('',''),('',''),('',''),('',''),('',''),('',''),('',''),('',''),('',''),('',''),('',''),('',''),('',''),('',''),('',''),('',''),('',''),('',''),('',''),('',''),('',''),('',''),('',''),('',''),('',''),('',''),('',''),('',''),('',''),('',''),('',''),('',''),('',''),('',''),('',''),('',''),('',''),('',''),('',''),('',''),('',''),('',''),('',''),('',''),('',''),('',''),('',''),('',''),('',''),('',''),('',''),('',''),('',''),('',''),('',''),('',''),('',''),('',''),('',''),('',''),('',''),('',''),('',''),('',''),('',''),('',''),('',''),('',''),('',''),('',''),('',''),('',''),('',''),('',''),('',''),('',''),('',''),('',''),('',''),('',''),('',''),('',''),('',''),('',''),('',''),('',''),('',''),('',''),('',''),('',''),('',''),('',''),('',''),('',''),('',''),('',''),('',''),('',''),('',''),('',''),('',''),('',''),('',''),('',''),('',''),('',''),('',''),('',''),('',''),('',''),('',''),('',''),('',''),('',''),('',''),('',''),('',''),('',''),('',''),('',''),('',''),('',''),('',''),('',''),('',''),('',''),('',''),('',''),('',''),('',''),('',''),('',''),('',''),('',''),('',''),('',''),('',''),('',''),('',''),('',''),('',''),('',''),('',''),('',''),('',''),('',''),('',''),('',''),('',''),('',''),('',''),('',''),('',''),('',''),('',''),('',''),('',''),('',''),('',''),('',''),('',''),('',''),('',''),('',''),('',''),('',''),('',''),('',''),('',''),('',''),('',''),('',''),('',''),('',''),('',''),('',''),('',''),('',''),('',''),('',''),('',''),('',''),('',''),('',''),('',''),('',''),('',''),('',''),('',''),('',''),('',''),('',''),('',''),('',''),('',''),('',''),('',''),('',''),('',''),('',''),('',''),('',''),('',''),('',''),('',''),('',''),('',''),('',''),('',''),('',''),('',''),('',''),('',''),('',''),('',''),('',''),('',''),('',''),('',''),('',''),('',''),('',''),('',''),('',''),('',''),('',''),('',''),('',''),('',''),('',''),('',''),('',''),('',''),('',''),('',''),('',''),('',''),('',''),('',''),('',''),('',''),('',''),('',''),('',''),('',''),('',''),('',''),('',''),('',''),('',''),('',''),('',''),('',''),('',''),('',''),('',''),('',''),('',''),('',''),('',''),('',''),('',''),('',''),('',''),('',''),('',''),('',''),('',''),('',''),('',''),('',''),('',''),('',''),('',''),('',''),('',''),('',''),('',''),('',''),('',''),('',''),('',''),('',''),('',''),('',''),('',''),('',''),('',''),('',''),('',''),('',''),('',''),('',''),('',''),('',''),('',''),('',''),('',''),('',''),('',''),('',''),('',''),('',''),('',''),('',''),('',''),('',''),('',''),('',''),('',''),('',''),('',''),('',''),('',''),('',''),('',''),('',''),('',''),('',''),('',''),('',''),('',''),('',''),('',''),('',''),('',''),('',''),('',''),('',''),('',''),('',''),('',''),('',''),('',''),('',''),('',''),('',''),('',''),('',''),('',''),('',''),('',''),('',''),('',''),('',''),('',''),('',''),('',''),('',''),('',''),('',''),('',''),('',''),('',''),('',''),('',''),('',''),('',''),('',''),('',''),('',''),('',''),('',''),('',''),('',''),('',''),('',''),('',''),('',''),('',''),('',''),('',''),('',''),('',''),('',''),('',''),('',''),('',''),('',''),('',''),('',''),('',''),('',''),('',''),('',''),('',''),('',''),('',''),('',''),('',''),('',''),('',''),('',''),('',''),('',''),('',''),('',''),('',''),('',''),('',''),('',''),('',''),('',''),('',''),('',''),('',''),('',''),('',''),('',''),('',''),('',''),('',''),('',''),('',''),('',''),('',''),('',''),('',''),('',''),('',''),('',''),('',''),('',''),('',''),('',''),('',''),('',''),('',''),('',''),('',''),('',''),('',''),('',''),('',''),('',''),('',''),('',''),('',''),('',''),('',''),('',''),('',''),('',''),('',''),('',''),('',''),('',''),('',''),('',''),('',''),('',''),('',''),('',''),('',''),('',''),('',''),('',''),('',''),('',''),('',''),('',''),('',''),('',''),('',''),('',''),('',''),('',''),('',''),('',''),('',''),('',''),('',''),('',''),('',''),('',''),('',''),('',''),('',''),('',''),('',''),('',''),('',''),('',''),('',''),('',''),('',''),('',''),('',''),('',''),('',''),('',''),('',''),('',''),('',''),('',''),('',''),('',''),('',''),('',''),('',''),('',''),('',''),('',''),('',''),('',''),('',''),('',''),('',''),('',''),('',''),('',''),('',''),('',''),('',''),('',''),('',''),('',''),('',''),('',''),('',''),('',''),('',''),('',''),('',''),('',''),('',''),('',''),('',''),('',''),('',''),('',''),('',''),('',''),('',''),('',''),('',''),('',''),('',''),('',''),('',''),('',''),('',''),('',''),('',''),('',''),('',''),('',''),('',''),('',''),('',''),('',''),('',''),('',''),('',''),('',''),('',''),('',''),('',''),('',''),('',''),('',''),('',''),('',''),('',''),('',''),('',''),('',''),('',''),('',''),('',''),('',''),('',''),('',''),('',''),('',''),('',''),('',''),('',''),('',''),('',''),('',''),('',''),('',''),('',''),('',''),('',''),('',''),('',''),('',''),('',''),('',''),('',''),('',''),('',''),('',''),('',''),('',''),('',''),('',''),('',''),('',''),('',''),('',''),('',''),('',''),('',''),('',''),('',''),('',''),('',''),('',''),('',''),('',''),('',''),('',''),('',''),('',''),('',''),('',''),('',''),('',''),('',''),('',''),('',''),('',''),('',''),('',''),('',''),('',''),('',''),('',''),('',''),('',''),('',''),('',''),('',''),('',''),('',''),('',''),('',''),('',''),('',''),('',''),('',''),('',''),('',''),('',''),('',''),('',''),('',''),('',''),('',''),('',''),('',''),('',''),('',''),('',''),('',''),('',''),('',''),('',''),('',''),('',''),('',''),('',''),('',''),('',''),('',''),('',''),('',''),('',''),('',''),('',''),('',''),('',''),('',''),('',''),('',''),('',''),('',''),('',''),('',''),('',''),('',''),('',''),('',''),('',''),('',''),('',''),('',''),('',''),('',''),('',''),('',''),('',''),('',''),('',''),('',''),('',''),('',''),('',''),('',''),('',''),('',''),('',''),('',''),('',''),('',''),('',''),('',''),('',''),('',''),('',''),('',''),('',''),('',''),('',''),('',''),('',''),('',''),('',''),('',''),('',''),('',''),('',''),('',''),('',''),('',''),('',''),('',''),('',''),('',''),('',''),('',''),('',''),('',''),('',''),('',''),('',''),('',''),('',''),('',''),('',''),('',''),('',''),('',''),('',''),('',''),('',''),('',''),('',''),('',''),('',''),('',''),('',''),('',''),('',''),('',''),('',''),('',''),('',''),('',''),('',''),('',''),('',''),('',''),('',''),('',''),('',''),('',''),('',''),('',''),('',''),('',''),('',''),('',''),('',''),('',''),('',''),('',''),('',''),('',''),('',''),('',''),('',''),('',''),('',''),('',''),('',''),('',''),('',''),('',''),('',''),('',''),('',''),('',''),('',''),('',''),('',''),('',''),('',''),('',''),('',''),('',''),('',''),('',''),('',''),('',''),('',''),('',''),('',''),('',''),('',''),('',''),('',''),('',''),('',''),('',''),('',''),('',''),('',''),('',''),('',''),('',''),('',''),('',''),('',''),('',''),('',''),('',''),('',''),('',''),('',''),('',''),('',''),('',''),('',''),('',''),('',''),('',''),('',''),('',''),('',''),('',''),('',''),('',''),('',''),('',''),('',''),('',''),('',''),('',''),('',''),('',''),('',''),('',''),('',''),('',''),('',''),('',''),('',''),('',''),('',''),('',''),('',''),('',''),('',''),('',''),('',''),('',''),('',''),('',''),('',''),('',''),('',''),('',''),('',''),('',''),('',''),('',''),('',''),('',''),('',''),('',''),('',''),('',''),('',''),('',''),('',''),('',''),('',''),('',''),('',''),('',''),('',''),('',''),('',''),('',''),('',''),('',''),('',''),('',''),('',''),('',''),('',''),('',''),('',''),('',''),('',''),('',''),('',''),('',''),('',''),('',''),('',''),('',''),('',''),('',''),('',''),('',''),('',''),('',''),('',''),('',''),('',''),('',''),('',''),('',''),('',''),('',''),('',''),('',''),('',''),('',''),('',''),('',''),('',''),('',''),('',''),('',''),('',''),('',''),('',''),('',''),('',''),('',''),('',''),('',''),('',''),('',''),('',''),('',''),('',''),('',''),('',''),('',''),('',''),('',''),('',''),('',''),('',''),('',''),('',''),('',''),('',''),('',''),('',''),('',''),('',''),('',''),('',''),('',''),('',''),('',''),('',''),('',''),('',''),('',''),('',''),('',''),('',''),('',''),('',''),('',''),('',''),('',''),('',''),('',''),('',''),('',''),('',''),('',''),('',''),('',''),('',''),('',''),('',''),('',''),('',''),('',''),('',''),('',''),('',''),('',''),('',''),('',''),('',''),('',''),('',''),('',''),('',''),('',''),('',''),('',''),('',''),('',''),('',''),('',''),('',''),('',''),('',''),('',''),('',''),('',''),('',''),('',''),('',''),('',''),('',''),('',''),('',''),('',''),('',''),('',''),('',''),('',''),('',''),('',''),('',''),('',''),('',''),('',''),('',''),('',''),('',''),('',''),('',''),('',''),('',''),('',''),('',''),('',''),('',''),('',''),('',''),('',''),('',''),('',''),('',''),('',''),('',''),('',''),('',''),('',''),('',''),('',''),('',''),('',''),('',''),('',''),('',''),('',''),('',''),('',''),('',''),('',''),('',''),('',''),('',''),('',''),('',''),('',''),('',''),('',''),('',''),('',''),('',''),('',''),('',''),('',''),('',''),('',''),('',''),('',''),('',''),('',''),('',''),('',''),('',''),('',''),('',''),('',''),('',''),('',''),('',''),('',''),('',''),('',''),('',''),('',''),('',''),('',''),('',''),('',''),('',''),('',''),('',''),('',''),('',''),('',''),('',''),('',''),('',''),('',''),('',''),('',''),('',''),('',''),('',''),('',''),('',''),('',''),('',''),('',''),('',''),('',''),('',''),('',''),('',''),('',''),('',''),('',''),('',''),('',''),('',''),('',''),('',''),('',''),('',''),('',''),('',''),('',''),('',''),('',''),('',''),('',''),('',''),('',''),('',''),('',''),('',''),('',''),('',''),('',''),('',''),('',''),('',''),('',''),('',''),('',''),('',''),('',''),('',''),('',''),('',''),('',''),('',''),('',''),('',''),('',''),('',''),('',''),('',''),('',''),('',''),('',''),('',''),('',''),('',''),('',''),('',''),('',''),('',''),('',''),('',''),('',''),('',''),('',''),('',''),('',''),('',''),('',''),('',''),('',''),('',''),('',''),('',''),('',''),('',''),('',''),('',''),('',''),('',''),('',''),('',''),('',''),('',''),('',''),('',''),('',''),('',''),('',''),('',''),('',''),('',''),('',''),('',''),('',''),('',''),('',''),('',''),('',''),('',''),('',''),('',''),('',''),('',''),('',''),('',''),('',''),('',''),('',''),('',''),('',''),('',''),('',''),('',''),('',''),('',''),('',''),('',''),('',''),('',''),('',''),('',''),('',''),('',''),('',''),('',''),('',''),('',''),('',''),('',''),('',''),('',''),('',''),('',''),('',''),('',''),('',''),('',''),('',''),('',''),('',''),('',''),('',''),('',''),('',''),('',''),('',''),('',''),('',''),('',''),('',''),('',''),('',''),('',''),('',''),('',''),('',''),('',''),('',''),('',''),('',''),('',''),('',''),('',''),('',''),('',''),('',''),('',''),('',''),('',''),('',''),('',''),('',''),('',''),('',''),('',''),('',''),('',''),('',''),('',''),('',''),('',''),('',''),('',''),('',''),('',''),('',''),('',''),('',''),('',''),('',''),('',''),('',''),('',''),('',''),('',''),('',''),('',''),('',''),('',''),('',''),('',''),('',''),('',''),('',''),('',''),('',''),('',''),('',''),('',''),('',''),('',''),('',''),('',''),('',''),('',''),('',''),('',''),('',''),('',''),('',''),('',''),('',''),('',''),('',''),('',''),('',''),('',''),('',''),('',''),('',''),('',''),('',''),('',''),('',''),('',''),('',''),('',''),('',''),('',''),('',''),('',''),('',''),('',''),('',''),('',''),('',''),('',''),('',''),('',''),('',''),('',''),('',''),('',''),('',''),('',''),('',''),('',''),('',''),('',''),('',''),('',''),('',''),('',''),('',''),('',''),('',''),('',''),('',''),('',''),('',''),('',''),('',''),('',''),('',''),('',''),('',''),('',''),('',''),('',''),('',''),('',''),('',''),('',''),('',''),('',''),('',''),('',''),('',''),('',''),('',''),('',''),('',''),('',''),('',''),('',''),('',''),('',''),('',''),('',''),('',''),('',''),('',''),('',''),('',''),('',''),('',''),('',''),('',''),('',''),('',''),('',''),('',''),('',''),('',''),('',''),('',''),('',''),('',''),('',''),('',''),('',''),('',''),('',''),('',''),('',''),('',''),('',''),('',''),('',''),('',''),('',''),('',''),('',''),('',''),('',''),('',''),('',''),('',''),('',''),('',''),('',''),('',''),('',''),('',''),('',''),('',''),('',''),('',''),('',''),('',''),('',''),('',''),('',''),('',''),('',''),('',''),('',''),('',''),('',''),('',''),('',''),('',''),('',''),('',''),('',''),('',''),('',''),('',''),('',''),('',''),('',''),('',''),('',''),('',''),('',''),('',''),('',''),('',''),('',''),('',''),('',''),('',''),('',''),('',''),('',''),('',''),('',''),('',''),('',''),('',''),('',''),('',''),('',''),('',''),('',''),('',''),('',''),('',''),('',''),('',''),('',''),('',''),('',''),('',''),('',''),('',''),('',''),('',''),('',''),('',''),('',''),('',''),('',''),('',''),('',''),('',''),('',''),('',''),('',''),('',''),('',''),('',''),('',''),('',''),('',''),('',''),('',''),('',''),('',''),('',''),('',''),('',''),('',''),('',''),('',''),('',''),('',''),('',''),('',''),('',''),('',''),('',''),('',''),('',''),('',''),('',''),('',''),('',''),('',''),('',''),('',''),('',''),('',''),('',''),('',''),('',''),('',''),('',''),('',''),('',''),('',''),('',''),('',''),('',''),('',''),('',''),('',''),('',''),('',''),('',''),('',''),('',''),('',''),('',''),('',''),('',''),('',''),('',''),('',''),('',''),('',''),('',''),('',''),('',''),('',''),('',''),('',''),('',''),('',''),('',''),('',''),('',''),('',''),('',''),('',''),('',''),('',''),('',''),('',''),('',''),('',''),('',''),('',''),('',''),('',''),('',''),('',''),('',''),('',''),('',''),('',''),('',''),('',''),('',''),('',''),('',''),('',''),('',''),('',''),('',''),('',''),('',''),('',''),('',''),('',''),('',''),('',''),('',''),('',''),('',''),('',''),('',''),('',''),('',''),('',''),('',''),('',''),('',''),('',''),('',''),('',''),('',''),('',''),('',''),('',''),('',''),('',''),('',''),('',''),('',''),('',''),('',''),('',''),('',''),('',''),('',''),('',''),('',''),('',''),('',''),('',''),('',''),('',''),('',''),('',''),('',''),('',''),('',''),('',''),('',''),('',''),('',''),('',''),('',''),('',''),('',''),('',''),('',''),('',''),('',''),('',''),('',''),('',''),('',''),('',''),('',''),('',''),('',''),('',''),('',''),('',''),('',''),('',''),('',''),('',''),('',''),('',''),('',''),('',''),('',''),('',''),('',''),('',''),('',''),('',''),('',''),('',''),('',''),('',''),('',''),('',''),('',''),('',''),('',''),('',''),('',''),('',''),('',''),('',''),('',''),('',''),('',''),('',''),('',''),('',''),('',''),('',''),('',''),('',''),('',''),('',''),('',''),('',''),('',''),('',''),('',''),('',''),('',''),('',''),('',''),('',''),('',''),('',''),('',''),('',''),('',''),('',''),('',''),('',''),('',''),('',''),('',''),('',''),('',''),('',''),('',''),('',''),('',''),('',''),('',''),('',''),('',''),('',''),('',''),('',''),('',''),('',''),('',''),('',''),('',''),('',''),('',''),('',''),('',''),('',''),('',''),('',''),('',''),('',''),('',''),('',''),('',''),('',''),('',''),('',''),('',''),('',''),('',''),('',''),('',''),('',''),('',''),('',''),('',''),('',''),('',''),('',''),('',''),('',''),('',''),('',''),('',''),('',''),('',''),('',''),('',''),('',''),('',''),('',''),('',''),('',''),('',''),('',''),('',''),('',''),('',''),('',''),('',''),('',''),('',''),('',''),('',''),('',''),('',''),('',''),('',''),('',''),('',''),('',''),('',''),('',''),('',''),('',''),('',''),('',''),('',''),('',''),('',''),('',''),('',''),('',''),('',''),('',''),('',''),('',''),('',''),('',''),('',''),('',''),('',''),('',''),('',''),('',''),('',''),('',''),('',''),('',''),('',''),('',''),('',''),('',''),('',''),('',''),('',''),('',''),('',''),('',''),('',''),('',''),('',''),('',''),('',''),('',''),('',''),('',''),('',''),('',''),('',''),('',''),('',''),('',''),('',''),('',''),('',''),('',''),('',''),('',''),('',''),('',''),('',''),('',''),('',''),('',''),('',''),('',''),('',''),('',''),('',''),('',''),('',''),('',''),('',''),('',''),('',''),('',''),('',''),('',''),('',''),('',''),('',''),('',''),('',''),('',''),('',''),('',''),('',''),('',''),('',''),('',''),('',''),('',''),('',''),('',''),('',''),('',''),('',''),('',''),('',''),('',''),('',''),('',''),('',''),('',''),('',''),('',''),('',''),('',''),('',''),('',''),('',''),('',''),('',''),('',''),('',''),('',''),('',''),('',''),('',''),('',''),('',''),('',''),('',''),('',''),('',''),('',''),('',''),('',''),('',''),('',''),('',''),('',''),('',''),('',''),('',''),('',''),('',''),('',''),('',''),('',''),('',''),('',''),('',''),('',''),('',''),('',''),('',''),('',''),('',''),('',''),('',''),('',''),('',''),('',''),('',''),('',''),('',''),('',''),('',''),('',''),('',''),('',''),('',''),('',''),('',''),('',''),('',''),('',''),('',''),('',''),('',''),('',''),('',''),('',''),('',''),('',''),('',''),('',''),('',''),('',''),('',''),('',''),('',''),('',''),('',''),('',''),('',''),('',''),('',''),('',''),('',''),('',''),('',''),('',''),('',''),('',''),('',''),('',''),('',''),('',''),('',''),('',''),('',''),('',''),('',''),('',''),('',''),('',''),('',''),('',''),('',''),('',''),('',''),('',''),('',''),('',''),('',''),('',''),('',''),('',''),('',''),('',''),('',''),('',''),('',''),('',''),('',''),('',''),('',''),('',''),('',''),('',''),('',''),('',''),('',''),('',''),('',''),('',''),('',''),('',''),('',''),('',''),('',''),('',''),('',''),('',''),('',''),('',''),('',''),('',''),('',''),('',''),('',''),('',''),('',''),('',''),('',''),('',''),('',''),('',''),('',''),('',''),('',''),('',''),('',''),('',''),('',''),('',''),('',''),('',''),('',''),('',''),('',''),('',''),('',''),('',''),('',''),('',''),('',''),('',''),('',''),('',''),('',''),('',''),('',''),('',''),('',''),('',''),('',''),('',''),('',''),('',''),('',''),('',''),('',''),('',''),('',''),('',''),('',''),('',''),('',''),('',''),('',''),('',''),('',''),('',''),('',''),('',''),('',''),('',''),('',''),('',''),('',''),('',''),('',''),('',''),('',''),('',''),('',''),('',''),('',''),('',''),('',''),('',''),('',''),('',''),('',''),('',''),('',''),('',''),('',''),('',''),('',''),('',''),('',''),('',''),('',''),('',''),('',''),('',''),('',''),('',''),('',''),('',''),('',''),('',''),('',''),('',''),('',''),('',''),('',''),('',''),('',''),('',''),('',''),('',''),('',''),('',''),('',''),('',''),('',''),('',''),('',''),('',''),('',''),('',''),('',''),('',''),('',''),('',''),('',''),('',''),('',''),('',''),('',''),('',''),('',''),('',''),('',''),('',''),('',''),('',''),('',''),('',''),('',''),('',''),('',''),('',''),('',''),('',''),('',''),('',''),('',''),('',''),('',''),('',''),('',''),('',''),('',''),('',''),('',''),('',''),('',''),('',''),('',''),('',''),('',''),('',''),('',''),('',''),('',''),('',''),('',''),('',''),('',''),('',''),('',''),('',''),('',''),('',''),('',''),('',''),('',''),('',''),('',''),('',''),('',''),('',''),('',''),('',''),('',''),('',''),('',''),('',''),('',''),('',''),('',''),('',''),('',''),('',''),('',''),('',''),('',''),('',''),('',''),('',''),('',''),('',''),('',''),('',''),('',''),('',''),('',''),('',''),('',''),('',''),('',''),('',''),('',''),('',''),('',''),('',''),('',''),('',''),('',''),('',''),('',''),('',''),('',''),('',''),('',''),('',''),('',''),('',''),('',''),('',''),('',''),('',''),('',''),('',''),('',''),('',''),('',''),('',''),('',''),('',''),('',''),('',''),('',''),('',''),('',''),('',''),('',''),('',''),('',''),('',''),('',''),('',''),('',''),('',''),('',''),('',''),('',''),('',''),('',''),('',''),('',''),('',''),('',''),('',''),('',''),('',''),('',''),('',''),('',''),('',''),('',''),('',''),('',''),('',''),('',''),('',''),('',''),('',''),('',''),('',''),('',''),('',''),('',''),('',''),('',''),('',''),('',''),('',''),('',''),('',''),('',''),('',''),('',''),('',''),('',''),('',''),('',''),('',''),('',''),('',''),('',''),('',''),('',''),('',''),('',''),('',''),('',''),('',''),('',''),('',''),('',''),('',''),('',''),('',''),('',''),('',''),('',''),('',''),('',''),('',''),('',''),('',''),('',''),('',''),('',''),('',''),('',''),('',''),('',''),('',''),('',''),('',''),('',''),('',''),('',''),('',''),('',''),('',''),('',''),('',''),('',''),('',''),('',''),('',''),('',''),('',''),('',''),('',''),('',''),('',''),('',''),('',''),('',''),('',''),('',''),('',''),('',''),('',''),('',''),('',''),('',''),('',''),('',''),('',''),('',''),('',''),('',''),('',''),('',''),('',''),('',''),('',''),('',''),('',''),('',''),('',''),('',''),('',''),('',''),('',''),('',''),('',''),('',''),('',''),('',''),('',''),('',''),('',''),('',''),('',''),('',''),('',''),('',''),('',''),('',''),('',''),('',''),('',''),('',''),('',''),('',''),('',''),('',''),('',''),('',''),('',''),('',''),('',''),('',''),('',''),('',''),('',''),('',''),('',''),('',''),('',''),('',''),('',''),('',''),('',''),('',''),('',''),('',''),('',''),('',''),('',''),('',''),('',''),('',''),('',''),('',''),('',''),('',''),('',''),('',''),('',''),('',''),('',''),('',''),('',''),('',''),('',''),('',''),('',''),('',''),('',''),('',''),('',''),('',''),('',''),('',''),('',''),('',''),('',''),('',''),('',''),('',''),('',''),('',''),('',''),('',''),('',''),('',''),('',''),('',''),('',''),('',''),('',''),('',''),('',''),('',''),('',''),('',''),('',''),('',''),('',''),('',''),('',''),('',''),('',''),('',''),('',''),('',''),('',''),('',''),('',''),('',''),('',''),('',''),('',''),('',''),('',''),('',''),('',''),('',''),('',''),('',''),('',''),('',''),('',''),('',''),('',''),('',''),('',''),('',''),('',''),('',''),('',''),('',''),('',''),('',''),('',''),('',''),('',''),('',''),('',''),('',''),('',''),('',''),('',''),('',''),('',''),('',''),('',''),('',''),('',''),('',''),('',''),('',''),('',''),('',''),('',''),('',''),('',''),('',''),('',''),('',''),('',''),('',''),('',''),('',''),('',''),('',''),('',''),('',''),('',''),('',''),('',''),('',''),('',''),('',''),('',''),('',''),('',''),('',''),('',''),('',''),('',''),('',''),('',''),('',''),('',''),('',''),('',''),('',''),('',''),('',''),('',''),('',''),('',''),('',''),('',''),('',''),('',''),('',''),('',''),('',''),('',''),('',''),('',''),('',''),('',''),('',''),('',''),('',''),('',''),('',''),('',''),('',''),('',''),('',''),('',''),('',''),('',''),('',''),('',''),('',''),('',''),('',''),('',''),('',''),('',''),('',''),('',''),('',''),('',''),('',''),('',''),('',''),('',''),('',''),('',''),('',''),('',''),('',''),('',''),('',''),('',''),('',''),('',''),('',''),('',''),('',''),('',''),('',''),('',''),('',''),('',''),('',''),('',''),('',''),('',''),('',''),('',''),('',''),('',''),('',''),('',''),('',''),('',''),('',''),('',''),('',''),('',''),('',''),('',''),('',''),('',''),('',''),('',''),('',''),('',''),('',''),('',''),('',''),('',''),('',''),('',''),('',''),('',''),('',''),('',''),('',''),('',''),('',''),('',''),('',''),('',''),('',''),('',''),('',''),('',''),('',''),('',''),('',''),('',''),('',''),('',''),('',''),('',''),('',''),('',''),('',''),('',''),('',''),('',''),('',''),('',''),('',''),('',''),('',''),('',''),('',''),('',''),('',''),('',''),('',''),('',''),('',''),('',''),('',''),('',''),('',''),('',''),('',''),('',''),('',''),('',''),('',''),('',''),('',''),('',''),('',''),('',''),('',''),('',''),('',''),('',''),('',''),('',''),('',''),('',''),('',''),('',''),('',''),('',''),('',''),('',''),('',''),('',''),('',''),('',''),('',''),('',''),('',''),('',''),('',''),('',''),('',''),('',''),('',''),('',''),('',''),('',''),('',''),('',''),('',''),('',''),('',''),('',''),('',''),('',''),('',''),('',''),('',''),('',''),('',''),('',''),('',''),('',''),('',''),('',''),('',''),('',''),('',''),('',''),('',''),('',''),('',''),('',''),('',''),('',''),('',''),('',''),('',''),('',''),('',''),('',''),('',''),('',''),('',''),('',''),('',''),('',''),('',''),('',''),('',''),('',''),('',''),('',''),('',''),('',''),('',''),('',''),('',''),('',''),('',''),('',''),('',''),('',''),('',''),('',''),('',''),('',''),('',''),('',''),('',''),('',''),('',''),('',''),('',''),('',''),('',''),('',''),('',''),('',''),('',''),('',''),('',''),('',''),('',''),('',''),('',''),('',''),('',''),('',''),('',''),('',''),('',''),('',''),('',''),('',''),('',''),('',''),('',''),('',''),('',''),('',''),('',''),('',''),('',''),('',''),('',''),('',''),('',''),('',''),('',''),('',''),('',''),('',''),('',''),('',''),('',''),('',''),('',''),('',''),('',''),('',''),('',''),('',''),('',''),('',''),('',''),('',''),('',''),('',''),('',''),('',''),('',''),('',''),('',''),('',''),('',''),('',''),('',''),('',''),('',''),('',''),('',''),('',''),('',''),('',''),('',''),('',''),('',''),('',''),('',''),('',''),('',''),('',''),('',''),('',''),('',''),('',''),('',''),('',''),('',''),('',''),('',''),('',''),('',''),('',''),('',''),('',''),('',''),('',''),('',''),('',''),('',''),('',''),('',''),('',''),('',''),('',''),('',''),('',''),('',''),('',''),('',''),('',''),('',''),('',''),('',''),('',''),('',''),('',''),('',''),('',''),('',''),('',''),('',''),('',''),('',''),('',''),('',''),('',''),('',''),('',''),('',''),('',''),('',''),('',''),('',''),('',''),('',''),('',''),('',''),('',''),('',''),('',''),('',''),('',''),('',''),('',''),('',''),('',''),('',''),('',''),('',''),('',''),('',''),('',''),('',''),('',''),('',''),('',''),('',''),('',''),('',''),('',''),('',''),('',''),('',''),('',''),('',''),('',''),('',''),('',''),('',''),('',''),('',''),('',''),('',''),('',''),('',''),('',''),('',''),('',''),('',''),('',''),('',''),('',''),('',''),('',''),('',''),('',''),('',''),('',''),('',''),('',''),('',''),('',''),('',''),('',''),('',''),('',''),('',''),('',''),('',''),('',''),('',''),('',''),('',''),('',''),('',''),('',''),('',''),('',''),('',''),('',''),('',''),('',''),('',''),('',''),('',''),('',''),('',''),('',''),('',''),('',''),('',''),('',''),('',''),('',''),('',''),('',''),('',''),('',''),('',''),('',''),('',''),('',''),('',''),('',''),('',''),('',''),('',''),('',''),('',''),('',''),('',''),('',''),('',''),('',''),('',''),('',''),('',''),('',''),('',''),('',''),('',''),('',''),('',''),('',''),('',''),('',''),('',''),('',''),('',''),('',''),('',''),('',''),('',''),('',''),('',''),('',''),('',''),('',''),('',''),('',''),('',''),('',''),('',''),('',''),('',''),('',''),('',''),('',''),('',''),('',''),('',''),('',''),('',''),('',''),('',''),('',''),('',''),('',''),('',''),('',''),('',''),('',''),('',''),('',''),('',''),('',''),('',''),('',''),('',''),('',''),('',''),('',''),('',''),('',''),('',''),('',''),('',''),('',''),('',''),('',''),('',''),('',''),('',''),('',''),('',''),('',''),('',''),('',''),('',''),('',''),('',''),('',''),('',''),('',''),('',''),('',''),('',''),('',''),('',''),('',''),('',''),('',''),('',''),('',''),('',''),('',''),('',''),('',''),('',''),('',''),('',''),('',''),('',''),('',''),('',''),('',''),('',''),('',''),('',''),('',''),('',''),('',''),('',''),('',''),('',''),('',''),('',''),('',''),('',''),('',''),('',''),('',''),('',''),('',''),('',''),('',''),('',''),('',''),('',''),('',''),('',''),('',''),('',''),('',''),('',''),('',''),('',''),('',''),('',''),('',''),('',''),('',''),('',''),('',''),('',''),('',''),('',''),('',''),('',''),('',''),('',''),('',''),('',''),('',''),('',''),('',''),('',''),('',''),('',''),('',''),('',''),('',''),('',''),('',''),('',''),('',''),('',''),('',''),('',''),('',''),('',''),('',''),('',''),('',''),('',''),('',''),('',''),('',''),('',''),('',''),('',''),('',''),('',''),('',''),('',''),('',''),('',''),('',''),('',''),('',''),('',''),('',''),('',''),('',''),('',''),('',''),('',''),('',''),('',''),('',''),('',''),('',''),('',''),('',''),('',''),('',''),('',''),('',''),('',''),('',''),('',''),('',''),('',''),('',''),('',''),('',''),('',''),('',''),('',''),('',''),('',''),('',''),('',''),('',''),('',''),('',''),('',''),('',''),('',''),('',''),('',''),('',''),('',''),('',''),('',''),('',''),('',''),('',''),('',''),('',''),('',''),('',''),('',''),('',''),('',''),('',''),('',''),('',''),('',''),('',''),('',''),('',''),('',''),('',''),('',''),('',''),('',''),('',''),('',''),('',''),('',''),('',''),('',''),('',''),('',''),('',''),('',''),('',''),('',''),('',''),('',''),('',''),('',''),('',''),('',''),('',''),('',''),('',''),('',''),('',''),('',''),('',''),('',''),('',''),('',''),('',''),('',''),('',''),('',''),('',''),('',''),('',''),('',''),('',''),('',''),('',''),('',''),('',''),('',''),('',''),('',''),('',''),('',''),('',''),('',''),('',''),('',''),('',''),('',''),('',''),('',''),('',''),('',''),('',''),('',''),('',''),('',''),('',''),('',''),('',''),('',''),('',''),('',''),('',''),('',''),('',''),('',''),('',''),('',''),('',''),('',''),('',''),('',''),('',''),('',''),('',''),('',''),('',''),('',''),('',''),('',''),('',''),('',''),('',''),('',''),('',''),('',''),('',''),('',''),('',''),('',''),('',''),('',''),('',''),('',''),('',''),('',''),('',''),('',''),('',''),('',''),('',''),('',''),('',''),('',''),('',''),('',''),('',''),('',''),('',''),('',''),('',''),('',''),('',''),('',''),('',''),('',''),('',''),('',''),('',''),('',''),('',''),('',''),('',''),('',''),('',''),('',''),('',''),('',''),('',''),('',''),('',''),('',''),('',''),('',''),('',''),('',''),('',''),('',''),('',''),('',''),('',''),('',''),('',''),('',''),('',''),('',''),('',''),('',''),('',''),('',''),('',''),('',''),('',''),('',''),('',''),('',''),('',''),('',''),('',''),('',''),('',''),('',''),('',''),('',''),('',''),('',''),('',''),('',''),('',''),('',''),('',''),('',''),('',''),('',''),('',''),('',''),('',''),('',''),('',''),('',''),('',''),('',''),('',''),('',''),('',''),('',''),('',''),('',''),('',''),('',''),('',''),('',''),('',''),('',''),('',''),('',''),('',''),('',''),('',''),('',''),('',''),('',''),('',''),('',''),('',''),('',''),('',''),('',''),('',''),('',''),('',''),('',''),('',''),('',''),('',''),('',''),('',''),('',''),('',''),('',''),('',''),('',''),('',''),('',''),('',''),('',''),('',''),('',''),('',''),('',''),('',''),('',''),('',''),('',''),('',''),('',''),('',''),('',''),('',''),('',''),('',''),('',''),('',''),('',''),('',''),('',''),('',''),('',''),('',''),('',''),('',''),('',''),('',''),('',''),('',''),('',''),('',''),('',''),('',''),('',''),('',''),('',''),('',''),('',''),('',''),('',''),('',''),('',''),('',''),('',''),('',''),('',''),('',''),('',''),('',''),('',''),('',''),('',''),('',''),('',''),('',''),('',''),('',''),('',''),('',''),('',''),('',''),('',''),('',''),('',''),('',''),('',''),('',''),('',''),('',''),('',''),('',''),('',''),('',''),('',''),('',''),('',''),('',''),('',''),('',''),('',''),('',''),('',''),('',''),('',''),('',''),('',''),('',''),('',''),('',''),('',''),('',''),('',''),('',''),('',''),('',''),('',''),('',''),('',''),('',''),('',''),('',''),('',''),('',''),('',''),('',''),('',''),('',''),('',''),('',''),('',''),('',''),('',''),('',''),('',''),('',''),('',''),('',''),('',''),('',''),('',''),('',''),('',''),('',''),('',''),('',''),('',''),('',''),('',''),('',''),('',''),('',''),('',''),('',''),('',''),('',''),('',''),('',''),('',''),('',''),('',''),('',''),('',''),('',''),('',''),('',''),('',''),('',''),('',''),('',''),('',''),('',''),('',''),('',''),('',''),('',''),('',''),('',''),('',''),('',''),('',''),('',''),('',''),('',''),('',''),('',''),('',''),('',''),('',''),('',''),('',''),('',''),('',''),('',''),('',''),('',''),('',''),('',''),('',''),('',''),('',''),('',''),('',''),('',''),('',''),('',''),('',''),('',''),('',''),('',''),('',''),('',''),('',''),('',''),('',''),('',''),('',''),('',''),('',''),('',''),('',''),('',''),('',''),('',''),('',''),('',''),('',''),('',''),('',''),('',''),('',''),('',''),('',''),('',''),('',''),('',''),('',''),('',''),('',''),('',''),('',''),('',''),('',''),('',''),('',''),('',''),('',''),('',''),('',''),('',''),('',''),('',''),('',''),('',''),('',''),('',''),('',''),('',''),('',''),('',''),('',''),('',''),('',''),('',''),('',''),('',''),('',''),('',''),('',''),('',''),('',''),('',''),('',''),('',''),('',''),('',''),('',''),('',''),('',''),('',''),('',''),('',''),('',''),('',''),('',''),('',''),('',''),('',''),('',''),('',''),('',''),('',''),('',''),('',''),('',''),('',''),('',''),('',''),('',''),('',''),('',''),('',''),('',''),('',''),('',''),('',''),('',''),('',''),('',''),('',''),('',''),('',''),('',''),('',''),('',''),('',''),('',''),('',''),('',''),('',''),('',''),('',''),('',''),('',''),('',''),('',''),('',''),('',''),('',''),('',''),('',''),('',''),('',''),('',''),('',''),('',''),('',''),('',''),('',''),('',''),('',''),('',''),('',''),('',''),('',''),('',''),('',''),('',''),('',''),('',''),('',''),('',''),('',''),('',''),('',''),('',''),('',''),('',''),('',''),('',''),('',''),('',''),('',''),('',''),('',''),('',''),('',''),('',''),('',''),('',''),('',''),('',''),('',''),('',''),('',''),('',''),('',''),('',''),('',''),('',''),('',''),('',''),('',''),('',''),('',''),('',''),('',''),('',''),('',''),('',''),('',''),('',''),('',''),('',''),('',''),('',''),('',''),('',''),('',''),('',''),('',''),('',''),('',''),('',''),('',''),('',''),('',''),('',''),('',''),('',''),('',''),('',''),('',''),('',''),('',''),('',''),('',''),('',''),('',''),('',''),('',''),('',''),('',''),('',''),('',''),('',''),('',''),('',''),('',''),('',''),('',''),('',''),('',''),('',''),('',''),('',''),('',''),('',''),('',''),('',''),('',''),('',''),('',''),('',''),('',''),('',''),('',''),('',''),('',''),('',''),('',''),('',''),('',''),('',''),('',''),('',''),('',''),('',''),('',''),('',''),('',''),('',''),('',''),('',''),('',''),('',''),('',''),('',''),('',''),('',''),('',''),('',''),('',''),('',''),('',''),('',''),('',''),('',''),('',''),('',''),('',''),('',''),('',''),('',''),('',''),('',''),('',''),('',''),('',''),('',''),('',''),('',''),('',''),('',''),('',''),('',''),('',''),('',''),('',''),('',''),('',''),('',''),('',''),('',''),('',''),('',''),('',''),('',''),('',''),('',''),('',''),('',''),('',''),('',''),('',''),('',''),('',''),('',''),('',''),('',''),('',''),('',''),('',''),('',''),('',''),('',''),('',''),('',''),('',''),('',''),('',''),('',''),('',''),('',''),('',''),('',''),('',''),('',''),('',''),('',''),('',''),('',''),('',''),('',''),('',''),('',''),('',''),('',''),('',''),('',''),('',''),('',''),('',''),('',''),('',''),('',''),('',''),('',''),('',''),('',''),('',''),('',''),('',''),('',''),('',''),('',''),('',''),('',''),('',''),('',''),('',''),('',''),('',''),('',''),('',''),('',''),('',''),('',''),('',''),('',''),('',''),('',''),('',''),('',''),('',''),('',''),('',''),('',''),('',''),('',''),('',''),('',''),('',''),('',''),('',''),('',''),('',''),('',''),('',''),('',''),('',''),('',''),('',''),('',''),('',''),('',''),('',''),('',''),('',''),('',''),('',''),('',''),('',''),('',''),('',''),('',''),('',''),('',''),('',''),('',''),('',''),('',''),('',''),('',''),('',''),('',''),('',''),('',''),('',''),('',''),('',''),('',''),('',''),('',''),('',''),('',''),('',''),('',''),('',''),('',''),('',''),('',''),('',''),('',''),('',''),('',''),('',''),('',''),('',''),('',''),('',''),('',''),('',''),('',''),('',''),('',''),('',''),('',''),('',''),('',''),('',''),('',''),('',''),('',''),('',''),('',''),('',''),('',''),('',''),('',''),('',''),('',''),('',''),('',''),('',''),('',''),('',''),('',''),('',''),('',''),('',''),('',''),('',''),('',''),('',''),('',''),('',''),('',''),('',''),('',''),('',''),('',''),('',''),('',''),('',''),('',''),('',''),('',''),('',''),('',''),('',''),('',''),('',''),('',''),('',''),('',''),('',''),('',''),('',''),('',''),('',''),('',''),('',''),('',''),('',''),('',''),('',''),('',''),('',''),('',''),('',''),('',''),('',''),('',''),('',''),('',''),('',''),('',''),('',''),('',''),('',''),('',''),('',''),('',''),('',''),('',''),('',''),('',''),('',''),('',''),('',''),('',''),('',''),('',''),('',''),('',''),('',''),('',''),('',''),('',''),('',''),('',''),('',''),('',''),('',''),('',''),('',''),('',''),('',''),('',''),('',''),('',''),('',''),('',''),('',''),('',''),('',''),('',''),('',''),('',''),('',''),('',''),('',''),('',''),('',''),('',''),('',''),('',''),('',''),('',''),('',''),('',''),('',''),('',''),('',''),('',''),('',''),('',''),('',''),('',''),('',''),('',''),('',''),('',''),('',''),('',''),('',''),('',''),('',''),('',''),('',''),('',''),('',''),('',''),('',''),('',''),('',''),('',''),('',''),('',''),('',''),('',''),('',''),('',''),('',''),('',''),('',''),('',''),('',''),('',''),('',''),('',''),('',''),('',''),('',''),('',''),('',''),('',''),('',''),('',''),('',''),('',''),('',''),('',''),('',''),('',''),('',''),('',''),('',''),('',''),('',''),('',''),('',''),('',''),('',''),('',''),('',''),('',''),('',''),('',''),('',''),('',''),('',''),('',''),('',''),('',''),('',''),('',''),('',''),('',''),('',''),('',''),('',''),('',''),('',''),('',''),('',''),('',''),('',''),('',''),('',''),('',''),('',''),('',''),('',''),('',''),('',''),('',''),('',''),('',''),('',''),('',''),('',''),('',''),('',''),('',''),('',''),('',''),('',''),('',''),('',''),('',''),('',''),('',''),('',''),('',''),('',''),('',''),('',''),('',''),('',''),('',''),('',''),('',''),('',''),('',''),('',''),('',''),('',''),('',''),('',''),('',''),('',''),('',''),('',''),('',''),('',''),('',''),('',''),('',''),('',''),('',''),('',''),('',''),('',''),('',''),('',''),('',''),('',''),('',''),('',''),('',''),('',''),('',''),('',''),('',''),('',''),('',''),('',''),('',''),('',''),('',''),('',''),('',''),('',''),('',''),('',''),('',''),('',''),('',''),('',''),('',''),('',''),('',''),('',''),('',''),('',''),('',''),('',''),('',''),('',''),('',''),('',''),('',''),('',''),('',''),('',''),('',''),('',''),('',''),('',''),('',''),('',''),('',''),('',''),('',''),('',''),('',''),('',''),('',''),('',''),('',''),('',''),('',''),('',''),('',''),('',''),('',''),('',''),('',''),('',''),('',''),('',''),('',''),('',''),('',''),('',''),('',''),('',''),('',''),('',''),('',''),('',''),('',''),('',''),('',''),('',''),('',''),('',''),('',''),('',''),('',''),('',''),('',''),('',''),('',''),('',''),('',''),('',''),('',''),('',''),('',''),('',''),('',''),('',''),('',''),('',''),('',''),('',''),('',''),('',''),('',''),('',''),('',''),('',''),('',''),('',''),('',''),('',''),('',''),('',''),('',''),('',''),('',''),('',''),('',''),('',''),('',''),('',''),('',''),('',''),('',''),('',''),('',''),('',''),('',''),('',''),('',''),('',''),('',''),('',''),('',''),('',''),('',''),('',''),('',''),('',''),('',''),('',''),('',''),('',''),('',''),('',''),('',''),('',''),('',''),('',''),('',''),('',''),('',''),('',''),('',''),('',''),('',''),('',''),('',''),('',''),('',''),('',''),('',''),('',''),('',''),('',''),('',''),('',''),('',''),('',''),('',''),('',''),('',''),('',''),('',''),('',''),('',''),('',''),('',''),('',''),('',''),('',''),('',''),('',''),('',''),('',''),('',''),('',''),('',''),('',''),('',''),('',''),('',''),('',''),('',''),('',''),('',''),('',''),('',''),('',''),('',''),('',''),('',''),('',''),('',''),('',''),('',''),('',''),('',''),('',''),('',''),('',''),('',''),('',''),('',''),('',''),('',''),('',''),('',''),('',''),('',''),('',''),('',''),('',''),('',''),('',''),('',''),('',''),('',''),('',''),('',''),('',''),('',''),('',''),('',''),('',''),('',''),('',''),('',''),('',''),('',''),('',''),('',''),('',''),('',''),('',''),('',''),('',''),('',''),('',''),('',''),('',''),('',''),('',''),('',''),('',''),('',''),('',''),('',''),('',''),('',''),('',''),('',''),('',''),('',''),('',''),('',''),('',''),('',''),('',''),('',''),('',''),('',''),('',''),('',''),('',''),('',''),('',''),('',''),('',''),('',''),('',''),('',''),('',''),('',''),('',''),('',''),('',''),('',''),('',''),('',''),('',''),('',''),('',''),('',''),('',''),('',''),('',''),('',''),('',''),('',''),('',''),('',''),('',''),('',''),('',''),('',''),('',''),('',''),('',''),('',''),('',''),('',''),('',''),('',''),('',''),('',''),('',''),('',''),('',''),('',''),('',''),('',''),('',''),('',''),('',''),('',''),('',''),('',''),('',''),('',''),('',''),('',''),('',''),('',''),('',''),('',''),('',''),('',''),('',''),('',''),('',''),('',''),('',''),('',''),('',''),('',''),('',''),('',''),('',''),('',''),('',''),('',''),('',''),('',''),('',''),('',''),('',''),('',''),('',''),('',''),('',''),('',''),('',''),('',''),('',''),('',''),('',''),('',''),('',''),('',''),('',''),('',''),('',''),('',''),('',''),('',''),('',''),('',''),('',''),('',''),('',''),('',''),('',''),('',''),('',''),('',''),('',''),('',''),('',''),('',''),('',''),('',''),('',''),('',''),('',''),('',''),('',''),('',''),('',''),('',''),('',''),('',''),('',''),('',''),('',''),('',''),('',''),('',''),('',''),('',''),('',''),('',''),('',''),('',''),('',''),('',''),('',''),('',''),('',''),('',''),('',''),('',''),('',''),('',''),('',''),('',''),('',''),('',''),('',''),('',''),('',''),('',''),('',''),('',''),('',''),('',''),('',''),('',''),('',''),('',''),('',''),('',''),('',''),('',''),('',''),('',''),('',''),('',''),('',''),('',''),('',''),('',''),('',''),('',''),('',''),('',''),('',''),('',''),('',''),('',''),('',''),('',''),('',''),('',''),('',''),('',''),('',''),('',''),('',''),('',''),('',''),('',''),('',''),('',''),('',''),('',''),('',''),('',''),('',''),('',''),('',''),('',''),('',''),('',''),('',''),('',''),('',''),('',''),('',''),('',''),('',''),('',''),('',''),('',''),('',''),('',''),('',''),('',''),('',''),('',''),('',''),('',''),('',''),('',''),('',''),('',''),('',''),('',''),('',''),('',''),('',''),('',''),('',''),('',''),('',''),('',''),('',''),('',''),('',''),('',''),('',''),('',''),('',''),('',''),('',''),('',''),('',''),('',''),('',''),('',''),('',''),('',''),('',''),('',''),('',''),('',''),('',''),('',''),('',''),('',''),('',''),('',''),('',''),('',''),('',''),('',''),('',''),('',''),('',''),('',''),('',''),('',''),('',''),('',''),('',''),('',''),('',''),('',''),('',''),('',''),('',''),('',''),('',''),('',''),('',''),('',''),('',''),('',''),('',''),('',''),('',''),('',''),('',''),('',''),('',''),('',''),('',''),('',''),('',''),('',''),('',''),('',''),('',''),('',''),('',''),('',''),('',''),('',''),('',''),('',''),('',''),('',''),('',''),('',''),('',''),('',''),('',''),('',''),('',''),('',''),('',''),('',''),('',''),('',''),('',''),('',''),('',''),('',''),('',''),('',''),('',''),('',''),('',''),('',''),('',''),('',''),('',''),('',''),('',''),('',''),('',''),('',''),('',''),('',''),('',''),('',''),('',''),('',''),('',''),('',''),('',''),('',''),('',''),('',''),('',''),('',''),('',''),('',''),('',''),('',''),('',''),('',''),('',''),('',''),('',''),('',''),('',''),('',''),('',''),('',''),('',''),('',''),('',''),('',''),('',''),('',''),('',''),('',''),('',''),('',''),('',''),('',''),('',''),('',''),('',''),('',''),('',''),('',''),('',''),('',''),('',''),('',''),('',''),('',''),('',''),('',''),('',''),('',''),('',''),('',''),('',''),('',''),('',''),('',''),('',''),('',''),('',''),('',''),('',''),('',''),('',''),('',''),('',''),('',''),('',''),('',''),('',''),('',''),('',''),('',''),('',''),('',''),('',''),('',''),('',''),('',''),('',''),('',''),('',''),('',''),('',''),('',''),('',''),('',''),('',''),('',''),('',''),('',''),('',''),('',''),('',''),('',''),('',''),('',''),('',''),('',''),('',''),('',''),('',''),('',''),('',''),('',''),('',''),('',''),('',''),('',''),('',''),('',''),('',''),('',''),('',''),('',''),('',''),('',''),('',''),('',''),('',''),('',''),('',''),('',''),('',''),('',''),('',''),('',''),('',''),('',''),('',''),('',''),('',''),('',''),('',''),('',''),('',''),('',''),('',''),('',''),('',''),('',''),('',''),('',''),('',''),('',''),('',''),('',''),('',''),('',''),('',''),('',''),('',''),('',''),('',''),('',''),('',''),('',''),('',''),('',''),('',''),('',''),('',''),('',''),('',''),('',''),('',''),('',''),('',''),('',''),('',''),('',''),('',''),('',''),('',''),('',''),('',''),('',''),('',''),('',''),('',''),('',''),('',''),('',''),('',''),('',''),('',''),('',''),('',''),('',''),('',''),('',''),('',''),('',''),('',''),('',''),('',''),('',''),('',''),('',''),('',''),('',''),('',''),('',''),('',''),('',''),('',''),('',''),('',''),('',''),('',''),('',''),('',''),('',''),('',''),('',''),('',''),('',''),('',''),('',''),('',''),('',''),('',''),('',''),('',''),('',''),('',''),('',''),('',''),('',''),('',''),('',''),('',''),('',''),('',''),('',''),('',''),('',''),('',''),('',''),('',''),('',''),('',''),('',''),('',''),('',''),('',''),('',''),('',''),('',''),('',''),('',''),('',''),('',''),('',''),('',''),('',''),('',''),('',''),('',''),('',''),('',''),('',''),('',''),('',''),('',''),('',''),('',''),('',''),('',''),('',''),('',''),('',''),('',''),('',''),('',''),('',''),('',''),('',''),('',''),('',''),('',''),('',''),('',''),('',''),('',''),('',''),('',''),('',''),('',''),('',''),('',''),('',''),('',''),('',''),('',''),('',''),('',''),('',''),('',''),('',''),('',''),('',''),('',''),('',''),('',''),('',''),('',''),('',''),('',''),('',''),('',''),('',''),('',''),('',''),('',''),('',''),('',''),('',''),('',''),('',''),('',''),('',''),('',''),('',''),('',''),('',''),('',''),('',''),('',''),('',''),('',''),('',''),('',''),('',''),('',''),('',''),('',''),('',''),('',''),('',''),('',''),('',''),('',''),('',''),('',''),('',''),('',''),('',''),('',''),('',''),('',''),('',''),('',''),('',''),('',''),('',''),('',''),('',''),('',''),('',''),('',''),('',''),('',''),('',''),('',''),('',''),('',''),('',''),('',''),('',''),('',''),('',''),('',''),('',''),('',''),('',''),('',''),('',''),('',''),('',''),('',''),('',''),('',''),('',''),('',''),('',''),('',''),('',''),('',''),('',''),('',''),('',''),('',''),('',''),('',''),('',''),('',''),('',''),('',''),('',''),('',''),('',''),('',''),('',''),('',''),('',''),('',''),('',''),('',''),('',''),('',''),('',''),('',''),('',''),('',''),('',''),('',''),('',''),('',''),('',''),('',''),('',''),('',''),('',''),('',''),('',''),('',''),('',''),('',''),('',''),('',''),('',''),('',''),('',''),('',''),('',''),('',''),('',''),('',''),('',''),('',''),('',''),('',''),('',''),('',''),('',''),('',''),('',''),('',''),('',''),('',''),('',''),('',''),('',''),('',''),('',''),('',''),('',''),('',''),('',''),('',''),('',''),('',''),('',''),('',''),('',''),('',''),('',''),('',''),('',''),('',''),('',''),('',''),('',''),('',''),('',''),('',''),('',''),('',''),('',''),('',''),('',''),('',''),('',''),('',''),('',''),('',''),('',''),('',''),('',''),('',''),('',''),('',''),('',''),('',''),('',''),('',''),('',''),('',''),('',''),('',''),('',''),('',''),('',''),('',''),('',''),('',''),('',''),('',''),('',''),('',''),('',''),('',''),('',''),('',''),('',''),('',''),('',''),('',''),('',''),('',''),('',''),('',''),('',''),('',''),('',''),('',''),('',''),('',''),('',''),('',''),('',''),('',''),('',''),('',''),('',''),('',''),('',''),('',''),('',''),('',''),('',''),('',''),('',''),('',''),('',''),('',''),('',''),('',''),('',''),('',''),('',''),('',''),('',''),('',''),('',''),('',''),('',''),('',''),('',''),('',''),('',''),('',''),('',''),('',''),('',''),('',''),('',''),('',''),('',''),('',''),('',''),('',''),('',''),('',''),('',''),('',''),('',''),('',''),('',''),('',''),('',''),('',''),('',''),('',''),('',''),('',''),('',''),('',''),('',''),('',''),('',''),('',''),('',''),('',''),('',''),('',''),('',''),('',''),('',''),('',''),('',''),('',''),('',''),('',''),('',''),('',''),('',''),('',''),('',''),('',''),('',''),('',''),('',''),('',''),('',''),('',''),('',''),('',''),('',''),('',''),('',''),('',''),('',''),('',''),('',''),('',''),('',''),('',''),('',''),('',''),('',''),('',''),('',''),('',''),('',''),('',''),('',''),('',''),('',''),('',''),('',''),('',''),('',''),('',''),('',''),('',''),('',''),('',''),('',''),('',''),('',''),('',''),('',''),('',''),('',''),('',''),('',''),('',''),('',''),('',''),('',''),('',''),('',''),('',''),('',''),('',''),('',''),('',''),('',''),('',''),('',''),('',''),('',''),('',''),('',''),('',''),('',''),('',''),('',''),('',''),('',''),('',''),('',''),('',''),('',''),('',''),('',''),('',''),('',''),('',''),('',''),('',''),('',''),('',''),('',''),('',''),('',''),('',''),('',''),('',''),('',''),('',''),('',''),('',''),('',''),('',''),('',''),('',''),('',''),('',''),('',''),('',''),('',''),('',''),('',''),('',''),('',''),('',''),('',''),('',''),('',''),('',''),('',''),('',''),('',''),('',''),('',''),('',''),('',''),('',''),('',''),('',''),('',''),('',''),('',''),('',''),('',''),('',''),('',''),('',''),('',''),('',''),('',''),('',''),('',''),('',''),('',''),('',''),('',''),('',''),('',''),('',''),('',''),('',''),('',''),('',''),('',''),('',''),('',''),('',''),('',''),('',''),('',''),('',''),('',''),('',''),('',''),('',''),('',''),('',''),('',''),('',''),('',''),('',''),('',''),('',''),('',''),('',''),('',''),('',''),('',''),('',''),('',''),('',''),('',''),('',''),('',''),('',''),('',''),('',''),('',''),('',''),('',''),('',''),('',''),('',''),('',''),('',''),('',''),('',''),('',''),('',''),('',''),('',''),('',''),('',''),('',''),('',''),('',''),('',''),('',''),('',''),('',''),('',''),('',''),('',''),('',''),('',''),('',''),('',''),('',''),('',''),('',''),('',''),('',''),('',''),('',''),('',''),('',''),('',''),('',''),('',''),('',''),('',''),('',''),('',''),('',''),('',''),('',''),('',''),('',''),('',''),('',''),('',''),('',''),('',''),('',''),('',''),('',''),('',''),('',''),('',''),('',''),('',''),('',''),('',''),('',''),('',''),('',''),('',''),('',''),('',''),('',''),('',''),('',''),('',''),('',''),('',''),('',''),('',''),('',''),('',''),('',''),('',''),('',''),('',''),('',''),('',''),('',''),('',''),('',''),('',''),('',''),('',''),('',''),('',''),('',''),('',''),('',''),('',''),('',''),('',''),('',''),('',''),('',''),('',''),('',''),('',''),('',''),('',''),('',''),('',''),('',''),('',''),('',''),('',''),('',''),('',''),('',''),('',''),('',''),('',''),('',''),('',''),('',''),('',''),('',''),('',''),('',''),('',''),('',''),('',''),('',''),('',''),('',''),('',''),('',''),('',''),('',''),('',''),('',''),('',''),('',''),('',''),('',''),('',''),('',''),('',''),('',''),('',''),('',''),('',''),('',''),('',''),('',''),('',''),('',''),('',''),('',''),('',''),('',''),('',''),('',''),('',''),('',''),('',''),('',''),('',''),('',''),('',''),('',''),('',''),('',''),('',''),('',''),('',''),('',''),('',''),('',''),('',''),('',''),('',''),('',''),('',''),('',''),('',''),('',''),('',''),('',''),('',''),('',''),('',''),('',''),('',''),('',''),('',''),('',''),('',''),('',''),('',''),('',''),('',''),('',''),('',''),('',''),('',''),('',''),('',''),('',''),('',''),('',''),('',''),('',''),('',''),('',''),('',''),('',''),('',''),('',''),('',''),('',''),('',''),('',''),('',''),('',''),('',''),('',''),('',''),('',''),('',''),('',''),('',''),('',''),('',''),('',''),('',''),('',''),('',''),('',''),('',''),('',''),('',''),('',''),('',''),('',''),('',''),('',''),('',''),('',''),('',''),('',''),('',''),('',''),('',''),('',''),('',''),('',''),('',''),('',''),('',''),('',''),('',''),('',''),('',''),('',''),('',''),('',''),('',''),('',''),('',''),('',''),('',''),('',''),('',''),('',''),('',''),('',''),('',''),('',''),('',''),('',''),('',''),('',''),('',''),('',''),('',''),('',''),('',''),('',''),('',''),('',''),('',''),('',''),('',''),('',''),('',''),('',''),('',''),('',''),('',''),('',''),('',''),('',''),('',''),('',''),('',''),('',''),('',''),('',''),('',''),('',''),('',''),('',''),('',''),('',''),('',''),('',''),('',''),('',''),('',''),('',''),('',''),('',''),('',''),('',''),('',''),('',''),('',''),('',''),('',''),('',''),('',''),('',''),('',''),('',''),('',''),('',''),('',''),('',''),('',''),('',''),('',''),('',''),('',''),('',''),('',''),('',''),('',''),('',''),('',''),('',''),('',''),('',''),('',''),('',''),('',''),('',''),('',''),('',''),('',''),('',''),('',''),('',''),('',''),('',''),('',''),('',''),('',''),('',''),('',''),('',''),('',''),('',''),('',''),('',''),('',''),('',''),('',''),('',''),('',''),('',''),('',''),('',''),('',''),('',''),('',''),('',''),('',''),('',''),('',''),('',''),('',''),('',''),('',''),('',''),('',''),('',''),('',''),('',''),('',''),('',''),('',''),('',''),('',''),('',''),('',''),('',''),('',''),('',''),('',''),('',''),('',''),('',''),('',''),('',''),('',''),('',''),('',''),('',''),('',''),('',''),('',''),('',''),('',''),('',''),('',''),('',''),('',''),('',''),('',''),('',''),('',''),('',''),('',''),('',''),('',''),('',''),('',''),('',''),('',''),('',''),('',''),('',''),('',''),('',''),('',''),('',''),('',''),('',''),('',''),('',''),('',''),('',''),('',''),('',''),('',''),('',''),('',''),('',''),('',''),('',''),('',''),('',''),('',''),('',''),('',''),('',''),('',''),('',''),('',''),('',''),('',''),('',''),('',''),('',''),('',''),('',''),('',''),('',''),('',''),('',''),('',''),('',''),('',''),('',''),('',''),('',''),('',''),('',''),('',''),('',''),('',''),('',''),('',''),('',''),('',''),('',''),('',''),('',''),('',''),('',''),('',''),('',''),('',''),('',''),('',''),('',''),('',''),('',''),('',''),('',''),('',''),('',''),('',''),('',''),('',''),('',''),('',''),('',''),('',''),('',''),('',''),('',''),('',''),('',''),('',''),('',''),('',''),('',''),('',''),('',''),('',''),('',''),('',''),('',''),('',''),('',''),('',''),('',''),('',''),('',''),('',''),('',''),('',''),('',''),('',''),('',''),('',''),('',''),('',''),('',''),('',''),('',''),('',''),('',''),('',''),('',''),('',''),('',''),('',''),('',''),('',''),('',''),('',''),('',''),('',''),('',''),('',''),('',''),('',''),('',''),('',''),('',''),('',''),('',''),('',''),('',''),('',''),('',''),('',''),('',''),('',''),('',''),('',''),('',''),('',''),('',''),('',''),('',''),('',''),('',''),('',''),('',''),('',''),('',''),('',''),('',''),('',''),('',''),('',''),('',''),('',''),('',''),('',''),('',''),('',''),('',''),('',''),('',''),('',''),('',''),('',''),('',''),('',''),('',''),('',''),('',''),('',''),('',''),('',''),('',''),('',''),('',''),('',''),('',''),('',''),('',''),('',''),('',''),('',''),('',''),('',''),('',''),('',''),('',''),('',''),('',''),('',''),('',''),('',''),('',''),('',''),('',''),('',''),('',''),('',''),('',''),('',''),('',''),('',''),('',''),('',''),('',''),('',''),('',''),('',''),('',''),('',''),('',''),('',''),('',''),('',''),('',''),('',''),('',''),('',''),('',''),('',''),('',''),('',''),('',''),('',''),('',''),('',''),('',''),('',''),('',''),('',''),('',''),('',''),('',''),('',''),('',''),('',''),('',''),('',''),('',''),('',''),('',''),('',''),('',''),('',''),('',''),('',''),('',''),('',''),('',''),('',''),('',''),('',''),('',''),('',''),('',''),('',''),('',''),('',''),('',''),('',''),('',''),('',''),('',''),('',''),('',''),('',''),('',''),('',''),('',''),('',''),('',''),('',''),('',''),('',''),('',''),('',''),('',''),('',''),('',''),('',''),('',''),('',''),('',''),('',''),('',''),('',''),('',''),('',''),('',''),('',''),('',''),('',''),('',''),('',''),('',''),('',''),('',''),('',''),('',''),('',''),('',''),('',''),('',''),('',''),('',''),('',''),('',''),('',''),('',''),('',''),('',''),('',''),('',''),('',''),('',''),('',''),('',''),('',''),('',''),('',''),('',''),('',''),('',''),('',''),('',''),('',''),('',''),('',''),('',''),('',''),('',''),('',''),('',''),('',''),('',''),('',''),('',''),('',''),('',''),('',''),('',''),('',''),('',''),('',''),('',''),('',''),('',''),('',''),('',''),('',''),('',''),('',''),('',''),('',''),('',''),('',''),('',''),('',''),('',''),('',''),('',''),('',''),('',''),('',''),('',''),('',''),('',''),('',''),('',''),('',''),('',''),('',''),('',''),('',''),('',''),('',''),('',''),('',''),('',''),('',''),('',''),('',''),('',''),('',''),('',''),('',''),('',''),('',''),('',''),('',''),('',''),('',''),('',''),('',''),('',''),('',''),('',''),('',''),('',''),('',''),('',''),('',''),('',''),('',''),('',''),('',''),('',''),('',''),('',''),('',''),('',''),('',''),('',''),('',''),('',''),('',''),('',''),('',''),('',''),('',''),('',''),('',''),('',''),('',''),('',''),('',''),('',''),('',''),('',''),('',''),('',''),('',''),('',''),('',''),('',''),('',''),('',''),('',''),('',''),('',''),('',''),('',''),('',''),('',''),('',''),('',''),('',''),('',''),('',''),('',''),('',''),('',''),('',''),('',''),('',''),('',''),('',''),('',''),('',''),('',''),('',''),('',''),('',''),('',''),('',''),('',''),('',''),('',''),('',''),('',''),('',''),('',''),('',''),('',''),('',''),('',''),('',''),('',''),('',''),('',''),('',''),('',''),('',''),('',''),('',''),('',''),('',''),('',''),('',''),('',''),('',''),('',''),('',''),('',''),('',''),('',''),('',''),('',''),('',''),('',''),('',''),('',''),('',''),('',''),('',''),('',''),('',''),('',''),('',''),('',''),('',''),('',''),('',''),('',''),('',''),('',''),('',''),('',''),('',''),('',''),('',''),('',''),('',''),('',''),('',''),('',''),('',''),('',''),('',''),('',''),('',''),('',''),('',''),('',''),('',''),('',''),('',''),('',''),('',''),('',''),('',''),('',''),('',''),('',''),('',''),('',''),('',''),('',''),('',''),('',''),('',''),('',''),('',''),('',''),('',''),('',''),('',''),('',''),('',''),('',''),('',''),('',''),('',''),('',''),('',''),('',''),('',''),('',''),('',''),('',''),('',''),('',''),('',''),('',''),('',''),('',''),('',''),('',''),('',''),('',''),('',''),('',''),('',''),('',''),('',''),('',''),('',''),('',''),('',''),('',''),('',''),('',''),('',''),('',''),('',''),('',''),('',''),('',''),('',''),('',''),('',''),('',''),('',''),('',''),('',''),('',''),('',''),('',''),('',''),('',''),('',''),('',''),('',''),('',''),('',''),('',''),('',''),('',''),('',''),('',''),('',''),('',''),('',''),('',''),('',''),('',''),('',''),('',''),('',''),('',''),('',''),('',''),('',''),('',''),('',''),('',''),('',''),('',''),('',''),('',''),('',''),('',''),('',''),('',''),('',''),('',''),('',''),('',''),('',''),('',''),('',''),('',''),('',''),('',''),('',''),('',''),('',''),('',''),('',''),('',''),('',''),('',''),('',''),('',''),('',''),('',''),('',''),('',''),('',''),('',''),('',''),('',''),('',''),('',''),('',''),('',''),('',''),('',''),('',''),('',''),('',''),('',''),('',''),('',''),('',''),('',''),('',''),('',''),('',''),('',''),('',''),('',''),('',''),('',''),('',''),('',''),('',''),('',''),('',''),('',''),('',''),('',''),('',''),('',''),('',''),('',''),('',''),('',''),('',''),('',''),('',''),('',''),('',''),('',''),('',''),('',''),('',''),('',''),('',''),('',''),('',''),('',''),('',''),('',''),('',''),('',''),('',''),('',''),('',''),('',''),('',''),('',''),('',''),('',''),('',''),('',''),('',''),('',''),('',''),('',''),('',''),('',''),('',''),('',''),('',''),('',''),('',''),('',''),('',''),('',''),('',''),('',''),('',''),('',''),('',''),('',''),('',''),('',''),('',''),('',''),('',''),('',''),('',''),('',''),('',''),('',''),('',''),('',''),('',''),('',''),('',''),('',''),('',''),('',''),('',''),('',''),('',''),('',''),('',''),('',''),('',''),('',''),('',''),('',''),('',''),('',''),('',''),('',''),('',''),('',''),('',''),('',''),('',''),('',''),('',''),('',''),('',''),('',''),('',''),('',''),('',''),('',''),('',''),('',''),('',''),('',''),('',''),('',''),('',''),('',''),('',''),('',''),('',''),('',''),('',''),('',''),('',''),('',''),('',''),('',''),('',''),('',''),('',''),('',''),('',''),('',''),('',''),('',''),('',''),('',''),('',''),('',''),('',''),('',''),('',''),('',''),('',''),('',''),('',''),('',''),('',''),('',''),('',''),('',''),('',''),('',''),('',''),('',''),('',''),('',''),('',''),('',''),('',''),('',''),('',''),('',''),('',''),('',''),('',''),('',''),('',''),('',''),('',''),('',''),('',''),('',''),('',''),('',''),('',''),('',''),('',''),('',''),('',''),('',''),('',''),('',''),('',''),('',''),('',''),('',''),('',''),('',''),('',''),('',''),('',''),('',''),('',''),('',''),('',''),('',''),('',''),('',''),('',''),('',''),('',''),('',''),('',''),('',''),('',''),('',''),('',''),('',''),('',''),('',''),('',''),('',''),('',''),('',''),('',''),('',''),('',''),('',''),('',''),('',''),('',''),('',''),('',''),('',''),('',''),('',''),('',''),('',''),('',''),('',''),('',''),('',''),('',''),('',''),('',''),('',''),('',''),('',''),('',''),('',''),('',''),('',''),('',''),('',''),('',''),('',''),('',''),('',''),('',''),('',''),('',''),('',''),('',''),('',''),('',''),('',''),('',''),('',''),('',''),('',''),('',''),('',''),('',''),('',''),('',''),('',''),('',''),('',''),('',''),('',''),('',''),('',''),('',''),('',''),('',''),('',''),('',''),('',''),('',''),('',''),('',''),('',''),('',''),('',''),('',''),('',''),('',''),('',''),('',''),('',''),('',''),('',''),('',''),('',''),('',''),('',''),('',''),('',''),('',''),('',''),('',''),('',''),('',''),('',''),('',''),('',''),('',''),('',''),('',''),('',''),('',''),('',''),('',''),('',''),('',''),('',''),('',''),('',''),('',''),('',''),('',''),('',''),('',''),('',''),('',''),('',''),('',''),('',''),('',''),('',''),('',''),('',''),('',''),('',''),('',''),('',''),('',''),('',''),('',''),('',''),('',''),('',''),('',''),('',''),('',''),('',''),('',''),('',''),('',''),('',''),('',''),('',''),('',''),('',''),('',''),('',''),('',''),('',''),('',''),('',''),('',''),('',''),('',''),('',''),('',''),('',''),('',''),('',''),('',''),('',''),('',''),('',''),('',''),('',''),('',''),('',''),('',''),('',''),('',''),('',''),('',''),('',''),('',''),('',''),('',''),('',''),('',''),('',''),('',''),('',''),('',''),('',''),('',''),('',''),('',''),('',''),('',''),('',''),('',''),('',''),('',''),('',''),('',''),('',''),('',''),('',''),('',''),('',''),('',''),('',''),('',''),('',''),('',''),('',''),('',''),('',''),('',''),('',''),('',''),('',''),('',''),('',''),('',''),('',''),('',''),('',''),('',''),('',''),('',''),('',''),('',''),('',''),('',''),('',''),('',''),('',''),('',''),('',''),('',''),('',''),('',''),('',''),('',''),('',''),('',''),('',''),('',''),('',''),('',''),('',''),('',''),('',''),('',''),('',''),('',''),('',''),('',''),('',''),('',''),('',''),('',''),('',''),('',''),('',''),('',''),('',''),('',''),('',''),('',''),('',''),('',''),('',''),('',''),('',''),('',''),('',''),('',''),('',''),('',''),('',''),('',''),('',''),('',''),('',''),('',''),('',''),('',''),('',''),('',''),('',''),('',''),('',''),('',''),('',''),('',''),('',''),('',''),('',''),('',''),('',''),('',''),('',''),('',''),('',''),('',''),('',''),('',''),('',''),('',''),('',''),('',''),('',''),('',''),('',''),('',''),('',''),('',''),('',''),('',''),('',''),('',''),('',''),('',''),('',''),('',''),('',''),('',''),('',''),('',''),('',''),('',''),('',''),('',''),('',''),('',''),('',''),('',''),('',''),('',''),('',''),('',''),('',''),('',''),('',''),('',''),('',''),('',''),('',''),('',''),('',''),('',''),('',''),('',''),('',''),('',''),('',''),('',''),('',''),('',''),('',''),('',''),('',''),('',''),('',''),('',''),('',''),('',''),('',''),('',''),('',''),('',''),('',''),('',''),('',''),('',''),('',''),('',''),('',''),('',''),('',''),('',''),('',''),('',''),('',''),('',''),('',''),('',''),('',''),('',''),('',''),('',''),('',''),('',''),('',''),('',''),('',''),('',''),('',''),('',''),('',''),('',''),('',''),('',''),('',''),('',''),('',''),('',''),('',''),('',''),('',''),('',''),('',''),('',''),('',''),('',''),('',''),('',''),('',''),('',''),('',''),('',''),('',''),('',''),('',''),('',''),('',''),('',''),('',''),('',''),('',''),('',''),('',''),('',''),('',''),('',''),('',''),('',''),('',''),('',''),('',''),('',''),('',''),('',''),('',''),('',''),('',''),('',''),('',''),('',''),('',''),('',''),('',''),('',''),('',''),('',''),('',''),('',''),('',''),('',''),('',''),('',''),('',''),('',''),('',''),('',''),('',''),('',''),('',''),('',''),('',''),('',''),('',''),('',''),('',''),('',''),('',''),('',''),('',''),('',''),('',''),('',''),('',''),('',''),('',''),('',''),('',''),('',''),('',''),('',''),('',''),('',''),('',''),('',''),('',''),('',''),('',''),('',''),('',''),('',''),('',''),('',''),('',''),('',''),('',''),('',''),('',''),('',''),('',''),('',''),('',''),('',''),('',''),('',''),('',''),('',''),('',''),('',''),('',''),('',''),('',''),('',''),('',''),('',''),('',''),('',''),('',''),('',''),('',''),('',''),('',''),('',''),('',''),('',''),('',''),('',''),('',''),('',''),('',''),('',''),('',''),('',''),('',''),('',''),('',''),('',''),('',''),('',''),('',''),('',''),('',''),('',''),('',''),('',''),('',''),('',''),('',''),('',''),('',''),('',''),('',''),('',''),('',''),('',''),('',''),('',''),('',''),('',''),('',''),('',''),('',''),('',''),('',''),('',''),('',''),('',''),('',''),('',''),('',''),('',''),('',''),('',''),('',''),('',''),('',''),('',''),('',''),('',''),('',''),('',''),('',''),('',''),('',''),('',''),('',''),('',''),('',''),('',''),('',''),('',''),('',''),('',''),('',''),('',''),('',''),('',''),('',''),('',''),('',''),('',''),('',''),('',''),('',''),('',''),('',''),('',''),('',''),('',''),('',''),('',''),('',''),('',''),('',''),('',''),('',''),('',''),('',''),('',''),('',''),('',''),('',''),('',''),('',''),('',''),('',''),('',''),('',''),('',''),('',''),('',''),('',''),('',''),('',''),('',''),('',''),('',''),('',''),('',''),('',''),('',''),('',''),('',''),('',''),('',''),('',''),('',''),('',''),('',''),('',''),('',''),('',''),('',''),('',''),('',''),('',''),('',''),('',''),('',''),('',''),('',''),('',''),('',''),('',''),('',''),('',''),('',''),('',''),('',''),('',''),('',''),('',''),('',''),('',''),('',''),('',''),('',''),('',''),('',''),('',''),('',''),('',''),('',''),('',''),('',''),('',''),('',''),('',''),('',''),('',''),('',''),('',''),('',''),('',''),('',''),('',''),('',''),('',''),('',''),('',''),('',''),('',''),('',''),('',''),('',''),('',''),('',''),('',''),('',''),('',''),('',''),('',''),('',''),('',''),('',''),('',''),('',''),('',''),('',''),('',''),('',''),('',''),('',''),('',''),('',''),('',''),('',''),('',''),('',''),('',''),('',''),('',''),('',''),('',''),('',''),('',''),('',''),('',''),('',''),('',''),('',''),('',''),('',''),('',''),('',''),('',''),('',''),('',''),('',''),('',''),('',''),('',''),('',''),('',''),('',''),('',''),('',''),('',''),('',''),('',''),('',''),('',''),('',''),('',''),('',''),('',''),('',''),('',''),('',''),('',''),('',''),('',''),('',''),('',''),('',''),('',''),('',''),('',''),('',''),('',''),('',''),('',''),('',''),('',''),('',''),('',''),('',''),('',''),('',''),('',''),('',''),('',''),('',''),('',''),('',''),('',''),('',''),('',''),('',''),('',''),('',''),('',''),('',''),('',''),('',''),('',''),('',''),('',''),('',''),('',''),('',''),('',''),('',''),('',''),('',''),('',''),('',''),('',''),('',''),('',''),('',''),('',''),('',''),('',''),('',''),('',''),('',''),('',''),('',''),('',''),('',''),('',''),('',''),('',''),('',''),('',''),('',''),('',''),('',''),('',''),('',''),('',''),('',''),('',''),('',''),('',''),('',''),('',''),('',''),('',''),('',''),('',''),('',''),('',''),('',''),('',''),('',''),('',''),('',''),('',''),('',''),('',''),('',''),('',''),('',''),('',''),('',''),('',''),('',''),('',''),('',''),('',''),('',''),('',''),('',''),('',''),('',''),('',''),('',''),('',''),('',''),('',''),('',''),('',''),('',''),('',''),('',''),('',''),('',''),('',''),('',''),('',''),('',''),('',''),('',''),('',''),('',''),('',''),('',''),('',''),('',''),('',''),('',''),('',''),('',''),('',''),('',''),('',''),('',''),('',''),('',''),('',''),('',''),('',''),('',''),('',''),('',''),('',''),('',''),('',''),('',''),('',''),('',''),('',''),('',''),('',''),('',''),('',''),('',''),('',''),('',''),('',''),('',''),('',''),('',''),('',''),('',''),('',''),('',''),('',''),('',''),('',''),('',''),('',''),('',''),('',''),('',''),('',''),('',''),('',''),('',''),('',''),('',''),('',''),('',''),('',''),('',''),('',''),('',''),('',''),('',''),('',''),('',''),('',''),('',''),('',''),('',''),('',''),('',''),('',''),('',''),('',''),('',''),('',''),('',''),('',''),('',''),('',''),('',''),('',''),('',''),('',''),('',''),('',''),('',''),('',''),('',''),('',''),('',''),('',''),('',''),('',''),('',''),('',''),('',''),('',''),('',''),('',''),('',''),('',''),('',''),('',''),('',''),('',''),('',''),('',''),('',''),('',''),('',''),('',''),('',''),('',''),('',''),('',''),('',''),('',''),('',''),('',''),('',''),('',''),('',''),('',''),('',''),('',''),('',''),('',''),('',''),('',''),('',''),('',''),('',''),('',''),('',''),('',''),('',''),('',''),('',''),('',''),('',''),('',''),('',''),('',''),('',''),('',''),('',''),('',''),('',''),('',''),('',''),('',''),('',''),('',''),('',''),('',''),('',''),('',''),('',''),('',''),('',''),('',''),('',''),('',''),('',''),('',''),('',''),('',''),('',''),('',''),('',''),('',''),('',''),('',''),('',''),('',''),('',''),('',''),('',''),('',''),('',''),('',''),('',''),('',''),('',''),('',''),('',''),('',''),('',''),('',''),('',''),('',''),('',''),('',''),('',''),('',''),('',''),('',''),('',''),('',''),('',''),('',''),('',''),('',''),('',''),('',''),('',''),('',''),('',''),('',''),('',''),('',''),('',''),('',''),('',''),('',''),('',''),('',''),('',''),('',''),('',''),('',''),('',''),('',''),('',''),('',''),('',''),('',''),('',''),('',''),('',''),('',''),('',''),('',''),('',''),('',''),('',''),('',''),('',''),('',''),('',''),('',''),('',''),('',''),('',''),('',''),('',''),('',''),('',''),('',''),('',''),('',''),('',''),('',''),('',''),('',''),('',''),('',''),('',''),('',''),('',''),('',''),('',''),('',''),('',''),('',''),('',''),('',''),('',''),('',''),('',''),('',''),('',''),('',''),('',''),('',''),('',''),('',''),('',''),('',''),('',''),('',''),('',''),('',''),('',''),('',''),('',''),('',''),('',''),('',''),('',''),('',''),('',''),('',''),('',''),('',''),('',''),('',''),('',''),('',''),('',''),('',''),('',''),('',''),('',''),('',''),('',''),('',''),('',''),('',''),('',''),('',''),('',''),('',''),('',''),('',''),('',''),('',''),('',''),('',''),('',''),('',''),('',''),('',''),('',''),('',''),('',''),('',''),('',''),('',''),('',''),('',''),('',''),('',''),('',''),('',''),('',''),('',''),('',''),('',''),('',''),('',''),('',''),('',''),('',''),('',''),('',''),('',''),('',''),('',''),('',''),('',''),('',''),('',''),('',''),('',''),('',''),('',''),('',''),('',''),('',''),('',''),('',''),('',''),('',''),('',''),('',''),('',''),('',''),('',''),('',''),('',''),('',''),('',''),('',''),('',''),('',''),('',''),('',''),('',''),('',''),('',''),('',''),('',''),('',''),('',''),('',''),('',''),('',''),('',''),('',''),('',''),('',''),('',''),('',''),('',''),('',''),('',''),('',''),('',''),('',''),('',''),('',''),('',''),('',''),('',''),('',''),('',''),('',''),('',''),('',''),('',''),('',''),('',''),('',''),('',''),('',''),('',''),('',''),('',''),('',''),('',''),('',''),('',''),('',''),('',''),('',''),('',''),('',''),('',''),('',''),('',''),('',''),('',''),('',''),('',''),('',''),('',''),('',''),('',''),('',''),('',''),('',''),('',''),('',''),('',''),('',''),('',''),('',''),('',''),('',''),('',''),('',''),('',''),('',''),('',''),('',''),('',''),('',''),('',''),('',''),('',''),('',''),('',''),('',''),('',''),('',''),('',''),('',''),('',''),('',''),('',''),('',''),('',''),('',''),('',''),('',''),('',''),('',''),('',''),('',''),('',''),('',''),('',''),('',''),('',''),('',''),('',''),('',''),('',''),('',''),('',''),('',''),('',''),('',''),('',''),('',''),('',''),('',''),('',''),('',''),('',''),('',''),('',''),('',''),('',''),('',''),('',''),('',''),('',''),('',''),('',''),('',''),('',''),('',''),('',''),('',''),('',''),('',''),('',''),('',''),('',''),('',''),('',''),('',''),('',''),('',''),('',''),('',''),('',''),('',''),('',''),('',''),('',''),('',''),('',''),('',''),('',''),('',''),('',''),('',''),('',''),('',''),('',''),('',''),('',''),('',''),('',''),('',''),('',''),('',''),('',''),('',''),('',''),('',''),('',''),('',''),('',''),('',''),('',''),('',''),('',''),('',''),('',''),('',''),('',''),('',''),('',''),('',''),('',''),('',''),('',''),('',''),('',''),('',''),('',''),('',''),('',''),('',''),('',''),('',''),('',''),('',''),('',''),('',''),('',''),('',''),('',''),('',''),('',''),('',''),('',''),('',''),('',''),('',''),('',''),('',''),('',''),('',''),('',''),('',''),('',''),('',''),('',''),('',''),('',''),('',''),('',''),('',''),('',''),('',''),('',''),('',''),('',''),('',''),('',''),('',''),('',''),('',''),('',''),('',''),('',''),('',''),('',''),('',''),('',''),('',''),('',''),('',''),('',''),('',''),('',''),('',''),('',''),('',''),('',''),('',''),('',''),('',''),('',''),('',''),('',''),('',''),('',''),('',''),('',''),('',''),('',''),('',''),('',''),('',''),('',''),('',''),('',''),('',''),('',''),('',''),('',''),('',''),('',''),('',''),('',''),('',''),('',''),('',''),('',''),('',''),('',''),('',''),('',''),('',''),('',''),('',''),('',''),('',''),('',''),('',''),('',''),('',''),('',''),('',''),('',''),('',''),('',''),('',''),('',''),('',''),('',''),('',''),('',''),('',''),('',''),('',''),('',''),('',''),('',''),('',''),('',''),('',''),('',''),('',''),('',''),('',''),('',''),('',''),('',''),('',''),('',''),('',''),('',''),('',''),('',''),('',''),('',''),('',''),('',''),('',''),('',''),('',''),('',''),('',''),('',''),('',''),('',''),('',''),('',''),('',''),('',''),('',''),('',''),('',''),('',''),('',''),('',''),('',''),('',''),('',''),('',''),('',''),('',''),('',''),('',''),('',''),('',''),('',''),('',''),('',''),('',''),('',''),('',''),('',''),('',''),('',''),('',''),('',''),('',''),('',''),('',''),('',''),('',''),('',''),('',''),('',''),('',''),('',''),('',''),('',''),('',''),('',''),('',''),('',''),('',''),('',''),('',''),('',''),('',''),('',''),('',''),('',''),('',''),('',''),('',''),('',''),('',''),('',''),('',''),('',''),('',''),('',''),('',''),('',''),('',''),('',''),('',''),('',''),('',''),('',''),('',''),('',''),('',''),('',''),('',''),('',''),('',''),('',''),('',''),('',''),('',''),('',''),('',''),('',''),('',''),('',''),('',''),('',''),('',''),('',''),('',''),('',''),('',''),('',''),('',''),('',''),('',''),('',''),('',''),('',''),('',''),('',''),('',''),('',''),('',''),('',''),('',''),('',''),('',''),('',''),('',''),('',''),('',''),('',''),('',''),('',''),('',''),('',''),('',''),('',''),('',''),('',''),('',''),('',''),('',''),('',''),('',''),('',''),('',''),('',''),('',''),('',''),('',''),('',''),('',''),('',''),('',''),('',''),('',''),('',''),('',''),('',''),('',''),('',''),('',''),('',''),('',''),('',''),('',''),('',''),('',''),('',''),('',''),('',''),('',''),('',''),('',''),('',''),('',''),('',''),('',''),('',''),('',''),('',''),('',''),('',''),('',''),('',''),('',''),('',''),('',''),('',''),('',''),('',''),('',''),('',''),('',''),('',''),('',''),('',''),('',''),('',''),('',''),('',''),('',''),('',''),('',''),('',''),('',''),('',''),('',''),('',''),('',''),('',''),('',''),('',''),('',''),('',''),('',''),('',''),('',''),('',''),('',''),('',''),('',''),('',''),('',''),('',''),('',''),('',''),('',''),('',''),('',''),('',''),('',''),('',''),('',''),('',''),('',''),('',''),('',''),('',''),('',''),('',''),('',''),('',''),('',''),('',''),('',''),('',''),('',''),('',''),('',''),('',''),('',''),('',''),('',''),('',''),('',''),('',''),('',''),('',''),('',''),('',''),('',''),('',''),('',''),('',''),('',''),('',''),('',''),('',''),('',''),('',''),('',''),('',''),('',''),('',''),('',''),('',''),('',''),('',''),('',''),('',''),('',''),('',''),('',''),('',''),('',''),('',''),('',''),('',''),('',''),('',''),('',''),('',''),('',''),('',''),('',''),('',''),('',''),('',''),('',''),('',''),('',''),('',''),('',''),('',''),('',''),('',''),('',''),('',''),('',''),('',''),('',''),('',''),('',''),('',''),('',''),('',''),('',''),('',''),('',''),('',''),('',''),('',''),('',''),('',''),('',''),('',''),('',''),('',''),('',''),('',''),('',''),('',''),('',''),('',''),('',''),('',''),('',''),('',''),('',''),('',''),('',''),('',''),('',''),('',''),('',''),('',''),('',''),('',''),('',''),('',''),('',''),('',''),('',''),('',''),('',''),('',''),('',''),('',''),('',''),('',''),('',''),('',''),('',''),('',''),('',''),('',''),('',''),('',''),('',''),('',''),('',''),('',''),('',''),('',''),('',''),('',''),('',''),('',''),('',''),('',''),('',''),('',''),('',''),('',''),('',''),('',''),('',''),('',''),('',''),('',''),('',''),('',''),('',''),('',''),('',''),('',''),('',''),('',''),('',''),('',''),('',''),('',''),('',''),('',''),('',''),('',''),('',''),('',''),('',''),('',''),('',''),('',''),('',''),('',''),('',''),('',''),('',''),('',''),('',''),('',''),('',''),('',''),('',''),('',''),('',''),('',''),('',''),('',''),('',''),('',''),('',''),('',''),('',''),('',''),('',''),('',''),('',''),('',''),('',''),('',''),('',''),('',''),('',''),('',''),('',''),('',''),('',''),('',''),('',''),('',''),('',''),('',''),('',''),('',''),('',''),('',''),('',''),('',''),('',''),('',''),('',''),('',''),('',''),('',''),('',''),('',''),('',''),('',''),('',''),('',''),('',''),('',''),('',''),('',''),('',''),('',''),('',''),('',''),('',''),('',''),('',''),('',''),('',''),('',''),('',''),('',''),('',''),('',''),('',''),('',''),('',''),('',''),('',''),('',''),('',''),('',''),('',''),('',''),('',''),('',''),('',''),('',''),('',''),('',''),('',''),('',''),('',''),('',''),('',''),('',''),('',''),('',''),('',''),('',''),('',''),('',''),('',''),('',''),('',''),('',''),('',''),('',''),('',''),('',''),('',''),('',''),('',''),('',''),('',''),('',''),('',''),('',''),('',''),('',''),('',''),('',''),('',''),('',''),('',''),('',''),('',''),('',''),('',''),('',''),('',''),('',''),('',''),('',''),('',''),('',''),('',''),('',''),('',''),('',''),('',''),('',''),('',''),('',''),('',''),('',''),('',''),('',''),('',''),('',''),('',''),('',''),('',''),('',''),('',''),('',''),('',''),('',''),('',''),('',''),('',''),('',''),('',''),('',''),('',''),('',''),('',''),('',''),('',''),('',''),('',''),('',''),('',''),('',''),('',''),('',''),('',''),('',''),('',''),('',''),('',''),('',''),('',''),('',''),('',''),('',''),('',''),('',''),('',''),('',''),('',''),('',''),('',''),('',''),('',''),('',''),('',''),('',''),('',''),('',''),('',''),('',''),('',''),('',''),('',''),('',''),('',''),('',''),('',''),('',''),('',''),('',''),('',''),('',''),('',''),('',''),('',''),('',''),('',''),('',''),('',''),('',''),('',''),('',''),('',''),('',''),('',''),('',''),('',''),('',''),('',''),('',''),('',''),('',''),('',''),('',''),('',''),('',''),('',''),('',''),('',''),('',''),('',''),('',''),('',''),('',''),('',''),('',''),('',''),('',''),('',''),('',''),('',''),('',''),('',''),('',''),('',''),('',''),('',''),('',''),('',''),('',''),('',''),('',''),('',''),('',''),('',''),('',''),('',''),('',''),('',''),('',''),('',''),('',''),('',''),('',''),('',''),('',''),('',''),('',''),('',''),('',''),('',''),('',''),('',''),('',''),('',''),('',''),('',''),('',''),('',''),('',''),('',''),('',''),('',''),('',''),('',''),('',''),('',''),('',''),('',''),('',''),('',''),('',''),('',''),('',''),('',''),('',''),('',''),('',''),('',''),('',''),('',''),('',''),('',''),('',''),('',''),('',''),('',''),('',''),('',''),('',''),('',''),('',''),('',''),('',''),('',''),('',''),('',''),('',''),('',''),('',''),('',''),('',''),('',''),('',''),('',''),('',''),('',''),('',''),('',''),('',''),('',''),('',''),('',''),('',''),('',''),('',''),('',''),('',''),('',''),('',''),('',''),('',''),('',''),('',''),('',''),('',''),('',''),('',''),('',''),('',''),('',''),('',''),('',''),('',''),('',''),('',''),('',''),('',''),('',''),('',''),('',''),('',''),('',''),('',''),('',''),('',''),('',''),('',''),('',''),('',''),('',''),('',''),('',''),('',''),('',''),('',''),('',''),('',''),('',''),('',''),('',''),('',''),('',''),('',''),('',''),('',''),('',''),('',''),('',''),('',''),('',''),('',''),('',''),('',''),('',''),('',''),('',''),('',''),('',''),('',''),('',''),('',''),('',''),('',''),('',''),('',''),('',''),('',''),('',''),('',''),('',''),('',''),('',''),('',''),('',''),('',''),('',''),('',''),('',''),('',''),('',''),('',''),('',''),('',''),('',''),('',''),('',''),('',''),('',''),('',''),('',''),('',''),('',''),('',''),('',''),('',''),('',''),('',''),('',''),('',''),('',''),('',''),('',''),('',''),('',''),('',''),('',''),('',''),('',''),('',''),('',''),('',''),('',''),('',''),('',''),('',''),('',''),('',''),('',''),('',''),('',''),('',''),('',''),('',''),('',''),('',''),('',''),('',''),('',''),('',''),('',''),('',''),('',''),('',''),('',''),('',''),('',''),('',''),('',''),('',''),('',''),('',''),('',''),('',''),('',''),('',''),('',''),('',''),('',''),('',''),('',''),('',''),('',''),('',''),('',''),('',''),('',''),('',''),('',''),('',''),('',''),('',''),('',''),('',''),('',''),('',''),('',''),('',''),('',''),('',''),('',''),('',''),('',''),('',''),('',''),('',''),('',''),('',''),('',''),('',''),('',''),('',''),('',''),('',''),('',''),('',''),('',''),('',''),('',''),('',''),('',''),('',''),('',''),('',''),('',''),('',''),('',''),('',''),('',''),('',''),('',''),('',''),('',''),('',''),('',''),('',''),('',''),('',''),('',''),('',''),('',''),('',''),('',''),('',''),('',''),('',''),('',''),('',''),('',''),('',''),('',''),('',''),('',''),('',''),('',''),('',''),('',''),('',''),('',''),('',''),('',''),('',''),('',''),('',''),('',''),('',''),('',''),('',''),('',''),('',''),('',''),('',''),('',''),('',''),('',''),('',''),('',''),('',''),('',''),('',''),('',''),('',''),('',''),('',''),('',''),('',''),('',''),('',''),('',''),('',''),('',''),('',''),('',''),('',''),('',''),('',''),('',''),('',''),('',''),('',''),('',''),('',''),('',''),('',''),('',''),('',''),('',''),('',''),('',''),('',''),('',''),('',''),('',''),('',''),('',''),('',''),('',''),('',''),('',''),('',''),('',''),('',''),('',''),('',''),('',''),('',''),('',''),('',''),('',''),('',''),('',''),('',''),('',''),('',''),('',''),('',''),('',''),('',''),('',''),('',''),('',''),('',''),('',''),('',''),('',''),('',''),('',''),('',''),('',''),('',''),('',''),('',''),('',''),('',''),('',''),('',''),('',''),('',''),('',''),('',''),('',''),('',''),('',''),('',''),('',''),('',''),('',''),('',''),('',''),('',''),('',''),('',''),('',''),('',''),('',''),('',''),('',''),('',''),('',''),('',''),('',''),('',''),('',''),('',''),('',''),('',''),('',''),('',''),('',''),('',''),('',''),('',''),('',''),('',''),('',''),('',''),('',''),('',''),('',''),('',''),('',''),('',''),('',''),('',''),('',''),('',''),('',''),('',''),('',''),('',''),('',''),('',''),('',''),('',''),('',''),('',''),('',''),('',''),('',''),('',''),('',''),('',''),('',''),('',''),('',''),('',''),('',''),('',''),('',''),('',''),('',''),('',''),('',''),('',''),('',''),('',''),('',''),('',''),('',''),('',''),('',''),('',''),('',''),('',''),('',''),('',''),('',''),('',''),('',''),('',''),('',''),('',''),('',''),('',''),('',''),('',''),('',''),('',''),('',''),('',''),('',''),('',''),('',''),('',''),('',''),('',''),('',''),('',''),('',''),('',''),('',''),('',''),('',''),('',''),('',''),('',''),('',''),('',''),('',''),('',''),('',''),('',''),('',''),('',''),('',''),('',''),('',''),('',''),('',''),('',''),('',''),('',''),('',''),('',''),('',''),('',''),('',''),('',''),('',''),('',''),('',''),('',''),('',''),('',''),('',''),('',''),('',''),('',''),('',''),('',''),('',''),('',''),('',''),('',''),('',''),('',''),('',''),('',''),('',''),('',''),('',''),('',''),('',''),('',''),('',''),('',''),('',''),('',''),('',''),('',''),('',''),('',''),('',''),('',''),('',''),('',''),('',''),('',''),('',''),('',''),('',''),('',''),('',''),('',''),('',''),('',''),('',''),('',''),('',''),('',''),('',''),('',''),('',''),('',''),('',''),('',''),('',''),('',''),('',''),('',''),('',''),('',''),('',''),('',''),('',''),('',''),('',''),('',''),('',''),('',''),('',''),('',''),('',''),('',''),('',''),('',''),('',''),('',''),('',''),('',''),('',''),('',''),('',''),('',''),('',''),('',''),('',''),('',''),('',''),('',''),('',''),('',''),('',''),('',''),('',''),('',''),('',''),('',''),('',''),('',''),('',''),('',''),('',''),('',''),('',''),('',''),('',''),('',''),('',''),('',''),('',''),('',''),('',''),('',''),('',''),('',''),('',''),('',''),('',''),('',''),('',''),('',''),('',''),('',''),('',''),('',''),('',''),('',''),('',''),('',''),('',''),('',''),('',''),('',''),('',''),('',''),('',''),('',''),('',''),('',''),('',''),('',''),('',''),('',''),('',''),('',''),('',''),('',''),('',''),('',''),('',''),('',''),('',''),('',''),('',''),('',''),('',''),('',''),('',''),('',''),('',''),('',''),('',''),('',''),('',''),('',''),('',''),('',''),('',''),('',''),('',''),('',''),('',''),('',''),('',''),('',''),('',''),('',''),('',''),('',''),('',''),('',''),('',''),('',''),('',''),('',''),('',''),('',''),('',''),('',''),('',''),('',''),('',''),('',''),('',''),('',''),('',''),('',''),('',''),('',''),('',''),('',''),('',''),('',''),('',''),('',''),('',''),('',''),('',''),('',''),('',''),('',''),('',''),('',''),('',''),('',''),('',''),('',''),('',''),('',''),('',''),('',''),('',''),('',''),('',''),('',''),('',''),('',''),('',''),('',''),('',''),('',''),('',''),('',''),('',''),('',''),('',''),('',''),('',''),('',''),('',''),('',''),('',''),('',''),('',''),('',''),('',''),('',''),('',''),('',''),('',''),('',''),('',''),('',''),('',''),('',''),('',''),('',''),('',''),('',''),('',''),('',''),('',''),('',''),('',''),('',''),('',''),('',''),('',''),('',''),('',''),('',''),('',''),('',''),('',''),('',''),('',''),('',''),('',''),('',''),('',''),('',''),('',''),('',''),('',''),('',''),('',''),('',''),('',''),('',''),('',''),('',''),('',''),('',''),('',''),('',''),('',''),('',''),('',''),('',''),('',''),('',''),('',''),('',''),('',''),('',''),('',''),('',''),('',''),('',''),('',''),('',''),('',''),('',''),('',''),('',''),('',''),('',''),('',''),('',''),('',''),('',''),('',''),('',''),('',''),('',''),('',''),('',''),('',''),('',''),('',''),('',''),('',''),('',''),('',''),('',''),('',''),('',''),('',''),('',''),('',''),('',''),('',''),('',''),('',''),('',''),('',''),('',''),('',''),('',''),('',''),('',''),('',''),('',''),('',''),('',''),('',''),('',''),('',''),('',''),('',''),('',''),('',''),('',''),('',''),('',''),('',''),('',''),('',''),('',''),('',''),('',''),('',''),('',''),('',''),('',''),('',''),('',''),('',''),('',''),('',''),('',''),('',''),('',''),('',''),('',''),('',''),('',''),('',''),('',''),('',''),('',''),('',''),('',''),('',''),('',''),('',''),('',''),('',''),('',''),('',''),('',''),('',''),('',''),('',''),('',''),('',''),('',''),('',''),('',''),('',''),('',''),('',''),('',''),('',''),('',''),('',''),('',''),('',''),('',''),('',''),('',''),('',''),('',''),('',''),('',''),('',''),('',''),('',''),('',''),('',''),('',''),('',''),('',''),('',''),('',''),('',''),('',''),('',''),('',''),('',''),('',''),('',''),('',''),('',''),('',''),('',''),('',''),('',''),('',''),('',''),('',''),('',''),('',''),('',''),('',''),('',''),('',''),('',''),('',''),('',''),('',''),('',''),('',''),('',''),('',''),('',''),('',''),('',''),('',''),('',''),('',''),('',''),('',''),('',''),('',''),('',''),('',''),('',''),('',''),('',''),('',''),('',''),('',''),('',''),('',''),('',''),('',''),('',''),('',''),('',''),('',''),('',''),('',''),('',''),('',''),('',''),('',''),('',''),('',''),('',''),('',''),('',''),('',''),('',''),('',''),('',''),('',''),('',''),('',''),('',''),('',''),('',''),('',''),('',''),('',''),('',''),('',''),('',''),('',''),('',''),('',''),('',''),('',''),('',''),('',''),('',''),('',''),('',''),('',''),('',''),('',''),('',''),('',''),('',''),('',''),('',''),('',''),('',''),('',''),('',''),('',''),('',''),('',''),('',''),('',''),('',''),('',''),('',''),('',''),('',''),('',''),('',''),('',''),('',''),('',''),('',''),('',''),('',''),('',''),('',''),('',''),('',''),('',''),('',''),('',''),('',''),('',''),('',''),('',''),('',''),('',''),('',''),('',''),('',''),('',''),('',''),('',''),('',''),('',''),('',''),('',''),('',''),('',''),('',''),('',''),('',''),('',''),('',''),('',''),('',''),('',''),('',''),('',''),('',''),('',''),('',''),('',''),('',''),('',''),('',''),('',''),('',''),('',''),('',''),('',''),('',''),('',''),('',''),('',''),('',''),('',''),('',''),('',''),('',''),('',''),('',''),('',''),('',''),('',''),('',''),('',''),('',''),('',''),('',''),('',''),('',''),('',''),('',''),('',''),('',''),('',''),('',''),('',''),('',''),('',''),('',''),('',''),('',''),('',''),('',''),('',''),('',''),('',''),('',''),('',''),('',''),('',''),('',''),('',''),('',''),('',''),('',''),('',''),('',''),('',''),('',''),('',''),('',''),('',''),('',''),('',''),('',''),('',''),('',''),('',''),('',''),('',''),('',''),('',''),('',''),('',''),('',''),('',''),('',''),('',''),('',''),('',''),('',''),('',''),('',''),('',''),('',''),('',''),('',''),('',''),('',''),('',''),('',''),('',''),('',''),('',''),('',''),('',''),('',''),('',''),('',''),('',''),('',''),('',''),('',''),('',''),('',''),('',''),('',''),('',''),('',''),('',''),('',''),('',''),('',''),('',''),('',''),('',''),('',''),('',''),('',''),('',''),('',''),('',''),('',''),('',''),('',''),('',''),('',''),('',''),('',''),('',''),('',''),('',''),('',''),('',''),('',''),('',''),('',''),('',''),('',''),('',''),('',''),('',''),('',''),('',''),('',''),('',''),('',''),('',''),('',''),('',''),('',''),('',''),('',''),('',''),('',''),('',''),('',''),('',''),('',''),('',''),('',''),('',''),('',''),('',''),('',''),('',''),('',''),('',''),('',''),('',''),('',''),('',''),('',''),('',''),('',''),('',''),('',''),('',''),('',''),('',''),('',''),('',''),('',''),('',''),('',''),('',''),('',''),('',''),('',''),('',''),('',''),('',''),('',''),('',''),('',''),('',''),('',''),('',''),('',''),('',''),('',''),('',''),('',''),('',''),('',''),('',''),('',''),('',''),('',''),('',''),('',''),('',''),('',''),('',''),('',''),('',''),('',''),('',''),('',''),('',''),('',''),('',''),('',''),('',''),('',''),('',''),('',''),('',''),('',''),('',''),('',''),('',''),('',''),('',''),('',''),('',''),('',''),('',''),('',''),('',''),('',''),('',''),('',''),('',''),('',''),('',''),('',''),('',''),('',''),('',''),('',''),('',''),('',''),('',''),('',''),('',''),('',''),('',''),('',''),('',''),('',''),('',''),('',''),('',''),('',''),('',''),('',''),('',''),('',''),('',''),('',''),('',''),('',''),('',''),('',''),('',''),('',''),('',''),('',''),('',''),('',''),('',''),('',''),('',''),('',''),('',''),('',''),('',''),('',''),('',''),('',''),('',''),('',''),('',''),('',''),('',''),('',''),('',''),('',''),('',''),('',''),('',''),('',''),('',''),('',''),('',''),('',''),('',''),('',''),('',''),('',''),('',''),('',''),('',''),('',''),('',''),('',''),('',''),('',''),('',''),('',''),('',''),('',''),('',''),('',''),('',''),('',''),('',''),('',''),('',''),('',''),('',''),('',''),('',''),('',''),('',''),('',''),('',''),('',''),('',''),('',''),('',''),('',''),('',''),('',''),('',''),('',''),('',''),('',''),('',''),('',''),('',''),('',''),('',''),('',''),('',''),('',''),('',''),('',''),('',''),('',''),('',''),('',''),('',''),('',''),('',''),('',''),('',''),('',''),('',''),('',''),('',''),('',''),('',''),('',''),('',''),('',''),('',''),('',''),('',''),('',''),('',''),('',''),('',''),('',''),('',''),('',''),('',''),('',''),('',''),('',''),('',''),('',''),('',''),('',''),('',''),('',''),('',''),('',''),('',''),('',''),('',''),('',''),('',''),('',''),('',''),('',''),('',''),('',''),('',''),('',''),('',''),('',''),('',''),('',''),('',''),('',''),('',''),('',''),('',''),('',''),('',''),('',''),('',''),('',''),('',''),('',''),('',''),('',''),('',''),('',''),('',''),('',''),('',''),('',''),('',''),('',''),('',''),('',''),('',''),('',''),('',''),('',''),('',''),('',''),('',''),('',''),('',''),('',''),('',''),('',''),('',''),('',''),('',''),('',''),('',''),('',''),('',''),('',''),('',''),('',''),('',''),('',''),('',''),('',''),('',''),('',''),('',''),('',''),('',''),('',''),('',''),('',''),('',''),('',''),('',''),('',''),('',''),('',''),('',''),('',''),('',''),('',''),('',''),('',''),('',''),('',''),('',''),('',''),('',''),('',''),('',''),('',''),('',''),('',''),('',''),('',''),('',''),('',''),('',''),('',''),('',''),('',''),('',''),('',''),('',''),('',''),('',''),('',''),('',''),('',''),('',''),('',''),('',''),('',''),('',''),('',''),('',''),('',''),('',''),('',''),('',''),('',''),('',''),('',''),('',''),('',''),('',''),('',''),('',''),('',''),('',''),('',''),('',''),('',''),('',''),('',''),('',''),('',''),('',''),('',''),('',''),('',''),('',''),('',''),('',''),('',''),('',''),('',''),('',''),('',''),('',''),('',''),('',''),('',''),('',''),('',''),('',''),('',''),('',''),('',''),('',''),('',''),('',''),('',''),('',''),('',''),('',''),('',''),('',''),('',''),('',''),('',''),('',''),('',''),('',''),('',''),('',''),('',''),('',''),('',''),('',''),('',''),('',''),('',''),('',''),('',''),('',''),('',''),('',''),('',''),('',''),('',''),('',''),('',''),('',''),('',''),('',''),('',''),('',''),('',''),('',''),('',''),('',''),('',''),('',''),('',''),('',''),('',''),('',''),('',''),('',''),('',''),('',''),('',''),('',''),('',''),('',''),('',''),('',''),('',''),('',''),('',''),('',''),('',''),('',''),('',''),('',''),('',''),('',''),('',''),('',''),('',''),('',''),('',''),('',''),('',''),('',''),('',''),('',''),('',''),('',''),('',''),('',''),('',''),('',''),('',''),('',''),('',''),('',''),('',''),('',''),('',''),('',''),('',''),('',''),('',''),('',''),('',''),('',''),('',''),('',''),('',''),('',''),('',''),('',''),('',''),('',''),('',''),('',''),('',''),('',''),('',''),('',''),('',''),('',''),('',''),('',''),('',''),('',''),('',''),('',''),('',''),('',''),('',''),('',''),('',''),('',''),('',''),('',''),('',''),('',''),('',''),('',''),('',''),('',''),('',''),('',''),('',''),('',''),('',''),('',''),('',''),('',''),('',''),('',''),('',''),('',''),('',''),('',''),('',''),('',''),('',''),('',''),('',''),('',''),('',''),('',''),('',''),('',''),('',''),('',''),('',''),('',''),('',''),('',''),('',''),('',''),('',''),('',''),('',''),('',''),('',''),('',''),('',''),('',''),('',''),('',''),('',''),('',''),('',''),('',''),('',''),('',''),('',''),('',''),('',''),('',''),('',''),('',''),('',''),('',''),('',''),('',''),('',''),('',''),('',''),('',''),('',''),('',''),('',''),('',''),('',''),('',''),('',''),('',''),('',''),('',''),('',''),('',''),('',''),('',''),('',''),('',''),('',''),('',''),('',''),('',''),('',''),('',''),('',''),('',''),('',''),('',''),('',''),('',''),('',''),('',''),('',''),('',''),('',''),('',''),('',''),('',''),('',''),('',''),('',''),('',''),('',''),('',''),('',''),('',''),('',''),('',''),('',''),('',''),('',''),('',''),('',''),('',''),('',''),('',''),('',''),('',''),('',''),('',''),('',''),('',''),('',''),('',''),('',''),('',''),('',''),('',''),('',''),('',''),('',''),('',''),('',''),('',''),('',''),('',''),('',''),('',''),('',''),('',''),('',''),('',''),('',''),('',''),('',''),('',''),('',''),('',''),('',''),('',''),('',''),('',''),('',''),('',''),('',''),('',''),('',''),('',''),('',''),('',''),('',''),('',''),('',''),('',''),('',''),('',''),('',''),('',''),('',''),('',''),('',''),('',''),('',''),('',''),('',''),('',''),('',''),('',''),('',''),('',''),('',''),('',''),('',''),('',''),('',''),('',''),('',''),('',''),('',''),('',''),('',''),('',''),('',''),('',''),('',''),('',''),('',''),('',''),('',''),('',''),('',''),('',''),('',''),('',''),('',''),('',''),('',''),('',''),('',''),('',''),('',''),('',''),('',''),('',''),('',''),('',''),('',''),('',''),('',''),('',''),('',''),('',''),('',''),('',''),('',''),('',''),('',''),('',''),('',''),('',''),('',''),('',''),('',''),('',''),('',''),('',''),('',''),('',''),('',''),('',''),('',''),('',''),('',''),('',''),('',''),('',''),('',''),('',''),('',''),('',''),('',''),('',''),('',''),('',''),('',''),('',''),('',''),('',''),('',''),('',''),('',''),('',''),('',''),('',''),('',''),('',''),('',''),('',''),('',''),('',''),('',''),('',''),('',''),('',''),('',''),('',''),('',''),('',''),('',''),('',''),('',''),('',''),('',''),('',''),('',''),('',''),('',''),('',''),('',''),('',''),('',''),('',''),('',''),('',''),('',''),('',''),('',''),('',''),('',''),('',''),('',''),('',''),('',''),('',''),('',''),('',''),('',''),('',''),('',''),('',''),('',''),('',''),('',''),('',''),('',''),('',''),('',''),('',''),('',''),('',''),('',''),('',''),('',''),('',''),('',''),('',''),('',''),('',''),('',''),('',''),('',''),('',''),('',''),('',''),('',''),('',''),('',''),('',''),('',''),('',''),('',''),('',''),('',''),('',''),('',''),('',''),('',''),('',''),('',''),('',''),('',''),('',''),('',''),('',''),('',''),('',''),('',''),('',''),('',''),('',''),('',''),('',''),('',''),('',''),('',''),('',''),('',''),('',''),('',''),('',''),('',''),('',''),('',''),('',''),('',''),('',''),('',''),('',''),('',''),('',''),('',''),('',''),('',''),('',''),('',''),('',''),('',''),('',''),('',''),('',''),('',''),('',''),('',''),('',''),('',''),('',''),('',''),('',''),('',''),('',''),('',''),('',''),('',''),('',''),('',''),('',''),('',''),('',''),('',''),('',''),('',''),('',''),('',''),('',''),('',''),('',''),('',''),('',''),('',''),('',''),('',''),('',''),('',''),('',''),('',''),('',''),('',''),('',''),('',''),('',''),('',''),('',''),('',''),('',''),('',''),('',''),('',''),('',''),('',''),('',''),('',''),('',''),('',''),('',''),('',''),('',''),('',''),('',''),('',''),('',''),('',''),('',''),('',''),('',''),('',''),('',''),('',''),('',''),('',''),('',''),('',''),('',''),('',''),('',''),('',''),('',''),('',''),('',''),('',''),('',''),('',''),('',''),('',''),('',''),('',''),('',''),('',''),('',''),('',''),('',''),('',''),('',''),('',''),('',''),('',''),('',''),('',''),('',''),('',''),('',''),('',''),('',''),('',''),('',''),('',''),('',''),('',''),('',''),('',''),('',''),('',''),('',''),('',''),('',''),('',''),('',''),('',''),('',''),('',''),('',''),('',''),('',''),('',''),('',''),('',''),('',''),('',''),('',''),('',''),('',''),('',''),('',''),('',''),('',''),('',''),('',''),('',''),('',''),('',''),('',''),('',''),('',''),('',''),('',''),('',''),('',''),('',''),('',''),('',''),('',''),('',''),('',''),('',''),('',''),('',''),('',''),('',''),('',''),('',''),('',''),('',''),('',''),('',''),('',''),('',''),('',''),('',''),('',''),('',''),('',''),('',''),('',''),('',''),('',''),('',''),('',''),('',''),('',''),('',''),('',''),('',''),('',''),('',''),('',''),('',''),('',''),('',''),('',''),('',''),('',''),('',''),('',''),('',''),('',''),('',''),('',''),('',''),('',''),('',''),('',''),('',''),('',''),('',''),('',''),('',''),('',''),('',''),('',''),('',''),('',''),('',''),('',''),('',''),('',''),('',''),('',''),('',''),('',''),('',''),('',''),('',''),('',''),('',''),('',''),('',''),('',''),('',''),('',''),('',''),('',''),('',''),('',''),('',''),('',''),('',''),('',''),('',''),('',''),('',''),('',''),('',''),('',''),('',''),('',''),('',''),('',''),('',''),('',''),('',''),('',''),('',''),('',''),('',''),('',''),('',''),('',''),('',''),('',''),('',''),('',''),('',''),('',''),('',''),('',''),('',''),('',''),('',''),('',''),('',''),('',''),('',''),('',''),('',''),('',''),('',''),('',''),('',''),('',''),('',''),('',''),('',''),('',''),('',''),('',''),('',''),('',''),('',''),('',''),('',''),('',''),('',''),('',''),('',''),('',''),('',''),('',''),('',''),('',''),('',''),('',''),('',''),('',''),('',''),('',''),('',''),('',''),('',''),('',''),('',''),('',''),('',''),('',''),('',''),('',''),('',''),('',''),('',''),('',''),('',''),('',''),('',''),('',''),('',''),('',''),('',''),('',''),('',''),('',''),('',''),('',''),('',''),('',''),('',''),('',''),('',''),('',''),('',''),('',''),('',''),('',''),('',''),('',''),('',''),('',''),('',''),('',''),('',''),('',''),('',''),('',''),('',''),('',''),('',''),('',''),('',''),('',''),('',''),('',''),('',''),('',''),('',''),('',''),('',''),('',''),('',''),('',''),('',''),('',''),('',''),('',''),('',''),('',''),('',''),('',''),('',''),('',''),('',''),('',''),('',''),('',''),('',''),('',''),('',''),('',''),('',''),('',''),('',''),('',''),('',''),('',''),('',''),('',''),('',''),('',''),('',''),('',''),('',''),('',''),('',''),('',''),('',''),('',''),('',''),('',''),('',''),('',''),('',''),('',''),('',''),('',''),('',''),('',''),('',''),('',''),('',''),('',''),('',''),('',''),('',''),('',''),('',''),('',''),('',''),('',''),('',''),('',''),('',''),('',''),('',''),('',''),('',''),('',''),('',''),('',''),('',''),('',''),('',''),('',''),('',''),('',''),('',''),('',''),('',''),('',''),('',''),('',''),('',''),('',''),('',''),('',''),('',''),('',''),('',''),('',''),('',''),('',''),('',''),('',''),('',''),('',''),('',''),('',''),('',''),('',''),('',''),('',''),('',''),('',''),('',''),('',''),('',''),('',''),('',''),('',''),('',''),('',''),('',''),('',''),('',''),('',''),('',''),('',''),('',''),('',''),('',''),('',''),('',''),('',''),('',''),('',''),('',''),('',''),('',''),('',''),('',''),('',''),('',''),('',''),('',''),('',''),('',''),('',''),('',''),('',''),('',''),('',''),('',''),('',''),('',''),('',''),('',''),('',''),('',''),('',''),('',''),('',''),('',''),('',''),('',''),('',''),('',''),('',''),('',''),('',''),('',''),('',''),('',''),('',''),('',''),('',''),('',''),('',''),('',''),('',''),('',''),('',''),('',''),('',''),('',''),('',''),('',''),('',''),('',''),('',''),('',''),('',''),('',''),('',''),('',''),('',''),('',''),('',''),('',''),('',''),('',''),('',''),('',''),('',''),('',''),('',''),('',''),('',''),('',''),('',''),('',''),('',''),('',''),('',''),('',''),('',''),('',''),('',''),('',''),('',''),('',''),('',''),('',''),('',''),('',''),('',''),('',''),('',''),('',''),('',''),('',''),('',''),('',''),('',''),('',''),('',''),('',''),('',''),('',''),('',''),('',''),('',''),('',''),('',''),('',''),('',''),('',''),('',''),('',''),('',''),('',''),('',''),('',''),('',''),('',''),('',''),('',''),('',''),('',''),('',''),('',''),('',''),('',''),('',''),('',''),('',''),('',''),('',''),('',''),('',''),('',''),('',''),('',''),('',''),('',''),('',''),('',''),('',''),('',''),('',''),('',''),('',''),('',''),('',''),('',''),('',''),('',''),('',''),('',''),('',''),('',''),('',''),('',''),('',''),('',''),('',''),('',''),('',''),('',''),('',''),('',''),('',''),('',''),('',''),('',''),('',''),('',''),('',''),('',''),('',''),('',''),('',''),('',''),('',''),('',''),('',''),('',''),('',''),('',''),('',''),('',''),('',''),('',''),('',''),('',''),('',''),('',''),('',''),('',''),('',''),('',''),('',''),('',''),('',''),('',''),('',''),('',''),('',''),('',''),('',''),('',''),('',''),('',''),('',''),('',''),('',''),('',''),('',''),('',''),('',''),('',''),('',''),('',''),('',''),('',''),('',''),('',''),('',''),('',''),('',''),('',''),('',''),('',''),('',''),('',''),('',''),('',''),('',''),('',''),('',''),('',''),('',''),('',''),('',''),('',''),('',''),('',''),('',''),('',''),('',''),('',''),('',''),('',''),('',''),('',''),('',''),('',''),('',''),('',''),('',''),('',''),('',''),('',''),('',''),('',''),('',''),('',''),('',''),('',''),('',''),('',''),('',''),('',''),('',''),('',''),('',''),('',''),('',''),('',''),('',''),('',''),('',''),('',''),('',''),('',''),('',''),('',''),('',''),('',''),('',''),('',''),('',''),('',''),('',''),('',''),('',''),('',''),('',''),('',''),('',''),('',''),('',''),('',''),('',''),('',''),('',''),('',''),('',''),('',''),('',''),('',''),('',''),('',''),('',''),('',''),('',''),('',''),('',''),('',''),('',''),('',''),('',''),('',''),('',''),('',''),('',''),('',''),('',''),('',''),('',''),('',''),('',''),('',''),('',''),('',''),('',''),('',''),('',''),('',''),('',''),('',''),('',''),('',''),('',''),('',''),('',''),('',''),('',''),('',''),('',''),('',''),('',''),('',''),('',''),('',''),('',''),('',''),('',''),('',''),('',''),('',''),('',''),('',''),('',''),('',''),('',''),('',''),('',''),('',''),('',''),('',''),('',''),('',''),('',''),('',''),('',''),('',''),('',''),('',''),('',''),('',''),('',''),('',''),('',''),('',''),('',''),('',''),('',''),('',''),('',''),('',''),('',''),('',''),('',''),('',''),('',''),('',''),('',''),('',''),('',''),('',''),('',''),('',''),('',''),('',''),('',''),('',''),('',''),('',''),('',''),('',''),('',''),('',''),('',''),('',''),('',''),('',''),('',''),('',''),('',''),('',''),('',''),('',''),('',''),('',''),('',''),('',''),('',''),('',''),('',''),('',''),('',''),('',''),('',''),('',''),('',''),('',''),('',''),('',''),('',''),('',''),('',''),('',''),('',''),('',''),('',''),('',''),('',''),('',''),('',''),('',''),('',''),('',''),('',''),('',''),('',''),('',''),('',''),('',''),('',''),('',''),('',''),('',''),('',''),('',''),('',''),('',''),('',''),('',''),('',''),('',''),('',''),('',''),('',''),('',''),('',''),('',''),('',''),('',''),('',''),('',''),('',''),('',''),('',''),('',''),('',''),('',''),('',''),('',''),('',''),('',''),('',''),('',''),('',''),('',''),('',''),('',''),('',''),('',''),('',''),('',''),('',''),('',''),('',''),('',''),('',''),('',''),('',''),('',''),('',''),('',''),('',''),('',''),('',''),('',''),('',''),('',''),('',''),('',''),('',''),('',''),('',''),('',''),('',''),('',''),('',''),('',''),('',''),('',''),('',''),('',''),('',''),('',''),('',''),('',''),('',''),('',''),('',''),('',''),('',''),('',''),('',''),('',''),('',''),('',''),('',''),('',''),('',''),('',''),('',''),('',''),('',''),('',''),('',''),('',''),('',''),('',''),('',''),('',''),('',''),('',''),('',''),('',''),('',''),('',''),('',''),('',''),('',''),('',''),('',''),('',''),('',''),('',''),('',''),('',''),('',''),('',''),('',''),('',''),('',''),('',''),('',''),('',''),('',''),('',''),('',''),('',''),('',''),('',''),('',''),('',''),('',''),('',''),('',''),('',''),('',''),('',''),('',''),('',''),('',''),('',''),('',''),('',''),('',''),('',''),('',''),('',''),('',''),('',''),('',''),('',''),('',''),('',''),('',''),('',''),('',''),('',''),('',''),('',''),('',''),('',''),('',''),('',''),('',''),('',''),('',''),('',''),('',''),('',''),('',''),('',''),('',''),('',''),('',''),('',''),('',''),('',''),('',''),('',''),('',''),('',''),('',''),('',''),('',''),('',''),('',''),('',''),('',''),('',''),('',''),('',''),('',''),('',''),('',''),('',''),('',''),('',''),('',''),('',''),('',''),('',''),('',''),('',''),('',''),('',''),('',''),('',''),('',''),('',''),('',''),('',''),('',''),('',''),('',''),('',''),('',''),('',''),('',''),('',''),('',''),('',''),('',''),('',''),('',''),('',''),('',''),('',''),('',''),('',''),('',''),('',''),('',''),('',''),('',''),('',''),('',''),('',''),('',''),('',''),('',''),('',''),('',''),('',''),('',''),('',''),('',''),('',''),('',''),('',''),('',''),('',''),('',''),('',''),('',''),('',''),('',''),('',''),('',''),('',''),('',''),('',''),('',''),('',''),('',''),('',''),('',''),('',''),('',''),('',''),('',''),('',''),('',''),('',''),('',''),('',''),('',''),('',''),('',''),('',''),('',''),('',''),('',''),('',''),('',''),('',''),('',''),('',''),('',''),('',''),('',''),('',''),('',''),('',''),('',''),('',''),('',''),('',''),('',''),('',''),('',''),('',''),('',''),('',''),('',''),('',''),('',''),('',''),('',''),('',''),('',''),('',''),('',''),('',''),('',''),('',''),('',''),('',''),('',''),('',''),('',''),('',''),('',''),('',''),('',''),('',''),('',''),('',''),('',''),('',''),('',''),('',''),('',''),('',''),('',''),('',''),('',''),('',''),('',''),('',''),('',''),('',''),('',''),('',''),('',''),('',''),('',''),('',''),('',''),('',''),('',''),('',''),('',''),('',''),('',''),('',''),('',''),('',''),('',''),('',''),('',''),('',''),('',''),('',''),('',''),('',''),('',''),('',''),('',''),('',''),('',''),('',''),('',''),('',''),('',''),('',''),('',''),('',''),('',''),('',''),('',''),('',''),('',''),('',''),('',''),('',''),('',''),('',''),('',''),('',''),('',''),('',''),('',''),('',''),('',''),('',''),('',''),('',''),('',''),('',''),('',''),('',''),('',''),('',''),('',''),('',''),('',''),('',''),('',''),('',''),('',''),('',''),('',''),('',''),('',''),('',''),('',''),('',''),('',''),('',''),('',''),('',''),('',''),('',''),('',''),('',''),('',''),('',''),('',''),('',''),('',''),('',''),('',''),('',''),('',''),('',''),('',''),('',''),('',''),('',''),('',''),('',''),('',''),('',''),('',''),('',''),('',''),('',''),('',''),('',''),('',''),('',''),('',''),('',''),('',''),('',''),('',''),('',''),('',''),('',''),('',''),('',''),('',''),('',''),('',''),('',''),('',''),('',''),('',''),('',''),('',''),('',''),('',''),('',''),('',''),('',''),('',''),('',''),('',''),('',''),('',''),('',''),('',''),('',''),('',''),('',''),('',''),('',''),('',''),('',''),('',''),('',''),('',''),('',''),('',''),('',''),('',''),('',''),('',''),('',''),('',''),('',''),('',''),('',''),('',''),('',''),('',''),('',''),('',''),('',''),('',''),('',''),('',''),('',''),('',''),('',''),('',''),('',''),('',''),('',''),('',''),('',''),('',''),('',''),('',''),('',''),('',''),('',''),('',''),('',''),('',''),('',''),('',''),('',''),('',''),('',''),('',''),('',''),('',''),('',''),('',''),('',''),('',''),('',''),('',''),('',''),('',''),('',''),('',''),('',''),('',''),('',''),('',''),('',''),('',''),('',''),('',''),('',''),('',''),('',''),('',''),('',''),('',''),('',''),('',''),('',''),('',''),('',''),('',''),('',''),('',''),('',''),('',''),('',''),('',''),('',''),('',''),('',''),('',''),('',''),('',''),('',''),('',''),('',''),('',''),('',''),('',''),('',''),('',''),('',''),('',''),('',''),('',''),('',''),('',''),('',''),('',''),('',''),('',''),('',''),('',''),('',''),('',''),('',''),('',''),('',''),('',''),('',''),('',''),('',''),('',''),('',''),('',''),('',''),('',''),('',''),('',''),('',''),('',''),('',''),('',''),('',''),('',''),('',''),('',''),('',''),('',''),('',''),('',''),('',''),('',''),('',''),('',''),('',''),('',''),('',''),('',''),('',''),('',''),('',''),('',''),('',''),('',''),('',''),('',''),('',''),('',''),('',''),('',''),('',''),('',''),('',''),('',''),('',''),('',''),('',''),('',''),('',''),('',''),('',''),('',''),('',''),('',''),('',''),('',''),('',''),('',''),('',''),('',''),('',''),('',''),('',''),('',''),('',''),('',''),('',''),('',''),('',''),('',''),('',''),('',''),('',''),('',''),('',''),('',''),('',''),('',''),('',''),('',''),('',''),('',''),('',''),('',''),('',''),('',''),('',''),('',''),('',''),('',''),('',''),('',''),('',''),('',''),('',''),('',''),('',''),('',''),('',''),('',''),('',''),('',''),('',''),('',''),('',''),('',''),('',''),('',''),('',''),('',''),('',''),('',''),('',''),('',''),('',''),('',''),('',''),('',''),('',''),('',''),('',''),('',''),('',''),('',''),('',''),('',''),('',''),('',''),('',''),('',''),('',''),('',''),('',''),('',''),('',''),('',''),('',''),('',''),('',''),('',''),('',''),('',''),('',''),('',''),('',''),('',''),('',''),('',''),('',''),('',''),('',''),('',''),('',''),('',''),('',''),('',''),('',''),('',''),('',''),('',''),('',''),('',''),('',''),('',''),('',''),('',''),('',''),('',''),('',''),('',''),('',''),('',''),('',''),('',''),('',''),('',''),('',''),('',''),('',''),('',''),('',''),('',''),('',''),('',''),('',''),('',''),('',''),('',''),('',''),('',''),('',''),('',''),('',''),('',''),('',''),('',''),('',''),('',''),('',''),('',''),('',''),('',''),('',''),('',''),('',''),('',''),('',''),('',''),('',''),('',''),('',''),('',''),('',''),('',''),('',''),('',''),('',''),('',''),('',''),('',''),('',''),('',''),('',''),('',''),('',''),('',''),('',''),('',''),('',''),('',''),('',''),('',''),('',''),('',''),('',''),('',''),('',''),('',''),('',''),('',''),('',''),('',''),('',''),('',''),('',''),('',''),('',''),('',''),('',''),('',''),('',''),('',''),('',''),('',''),('',''),('',''),('',''),('',''),('',''),('',''),('',''),('',''),('',''),('',''),('',''),('',''),('',''),('',''),('',''),('',''),('',''),('',''),('',''),('',''),('',''),('',''),('',''),('',''),('',''),('',''),('',''),('',''),('',''),('',''),('',''),('',''),('',''),('',''),('',''),('',''),('',''),('',''),('',''),('',''),('',''),('',''),('',''),('',''),('',''),('',''),('',''),('',''),('',''),('',''),('',''),('',''),('',''),('',''),('',''),('',''),('',''),('',''),('',''),('',''),('',''),('',''),('',''),('',''),('',''),('',''),('',''),('',''),('',''),('',''),('',''),('',''),('',''),('',''),('',''),('',''),('',''),('',''),('',''),('',''),('',''),('',''),('',''),('',''),('',''),('',''),('',''),('',''),('',''),('',''),('',''),('',''),('',''),('',''),('',''),('',''),('',''),('',''),('',''),('',''),('',''),('',''),('',''),('',''),('',''),('',''),('',''),('',''),('',''),('',''),('',''),('',''),('',''),('',''),('',''),('',''),('',''),('',''),('',''),('',''),('',''),('',''),('',''),('',''),('',''),('',''),('',''),('',''),('',''),('',''),('',''),('',''),('',''),('',''),('',''),('',''),('',''),('',''),('',''),('',''),('',''),('',''),('',''),('',''),('',''),('',''),('',''),('',''),('',''),('',''),('',''),('',''),('',''),('',''),('',''),('',''),('',''),('',''),('',''),('',''),('',''),('',''),('',''),('',''),('',''),('',''),('',''),('',''),('',''),('',''),('',''),('',''),('',''),('',''),('',''),('',''),('',''),('',''),('',''),('',''),('',''),('',''),('',''),('',''),('',''),('',''),('',''),('',''),('',''),('',''),('',''),('',''),('',''),('',''),('',''),('',''),('',''),('',''),('',''),('',''),('',''),('',''),('',''),('',''),('',''),('',''),('',''),('',''),('',''),('',''),('',''),('',''),('',''),('',''),('',''),('',''),('',''),('',''),('',''),('',''),('',''),('',''),('',''),('',''),('',''),('',''),('',''),('',''),('',''),('',''),('',''),('',''),('',''),('',''),('',''),('',''),('',''),('',''),('',''),('',''),('',''),('',''),('',''),('',''),('',''),('',''),('',''),('',''),('',''),('',''),('',''),('',''),('',''),('',''),('',''),('',''),('',''),('',''),('',''),('',''),('',''),('',''),('',''),('',''),('',''),('',''),('',''),('',''),('',''),('',''),('',''),('',''),('',''),('',''),('',''),('',''),('',''),('',''),('',''),('',''),('',''),('',''),('',''),('',''),('',''),('',''),('',''),('',''),('',''),('',''),('',''),('',''),('',''),('',''),('',''),('',''),('',''),('',''),('',''),('',''),('',''),('',''),('',''),('',''),('',''),('',''),('',''),('',''),('',''),('',''),('',''),('',''),('',''),('',''),('',''),('',''),('',''),('',''),('',''),('',''),('',''),('',''),('',''),('',''),('',''),('',''),('',''),('',''),('',''),('',''),('',''),('',''),('',''),('',''),('',''),('',''),('',''),('',''),('',''),('',''),('',''),('',''),('',''),('',''),('',''),('',''),('',''),('',''),('',''),('',''),('',''),('',''),('',''),('',''),('',''),('',''),('',''),('',''),('',''),('',''),('',''),('',''),('',''),('',''),('',''),('',''),('',''),('',''),('',''),('',''),('',''),('',''),('',''),('',''),('',''),('',''),('',''),('',''),('',''),('',''),('',''),('',''),('',''),('',''),('',''),('',''),('',''),('',''),('',''),('',''),('',''),('',''),('',''),('',''),('',''),('',''),('',''),('',''),('',''),('',''),('',''),('',''),('',''),('',''),('',''),('',''),('',''),('',''),('',''),('',''),('',''),('',''),('',''),('',''),('',''),('',''),('',''),('',''),('',''),('',''),('',''),('',''),('',''),('',''),('',''),('',''),('',''),('',''),('',''),('',''),('',''),('',''),('',''),('',''),('',''),('',''),('',''),('',''),('',''),('',''),('',''),('',''),('',''),('',''),('',''),('',''),('',''),('',''),('',''),('',''),('',''),('',''),('',''),('',''),('',''),('',''),('',''),('',''),('',''),('',''),('',''),('',''),('',''),('',''),('',''),('',''),('',''),('',''),('',''),('',''),('',''),('',''),('',''),('',''),('',''),('',''),('',''),('',''),('',''),('',''),('',''),('',''),('',''),('',''),('',''),('',''),('',''),('',''),('',''),('',''),('',''),('',''),('',''),('',''),('',''),('',''),('',''),('',''),('',''),('',''),('',''),('',''),('',''),('',''),('',''),('',''),('',''),('',''),('',''),('',''),('',''),('',''),('',''),('',''),('',''),('',''),('',''),('',''),('',''),('',''),('',''),('',''),('',''),('',''),('',''),('',''),('',''),('',''),('',''),('',''),('',''),('',''),('',''),('',''),('',''),('',''),('',''),('',''),('',''),('',''),('',''),('',''),('',''),('',''),('',''),('',''),('',''),('',''),('',''),('',''),('',''),('',''),('',''),('',''),('',''),('',''),('',''),('',''),('',''),('',''),('',''),('',''),('',''),('',''),('',''),('',''),('',''),('',''),('',''),('',''),('',''),('',''),('',''),('',''),('',''),('',''),('',''),('',''),('',''),('',''),('',''),('',''),('',''),('',''),('',''),('',''),('',''),('',''),('',''),('',''),('',''),('',''),('',''),('',''),('',''),('',''),('',''),('',''),('',''),('',''),('',''),('',''),('',''),('',''),('',''),('',''),('',''),('',''),('',''),('',''),('',''),('',''),('',''),('',''),('',''),('',''),('',''),('',''),('',''),('',''),('',''),('',''),('',''),('',''),('',''),('',''),('',''),('',''),('',''),('',''),('',''),('',''),('',''),('',''),('',''),('',''),('',''),('',''),('',''),('',''),('',''),('',''),('',''),('',''),('',''),('',''),('',''),('',''),('',''),('',''),('',''),('',''),('',''),('',''),('',''),('',''),('',''),('',''),('',''),('',''),('',''),('',''),('',''),('',''),('',''),('',''),('',''),('',''),('',''),('',''),('',''),('',''),('',''),('',''),('',''),('',''),('',''),('',''),('',''),('',''),('',''),('',''),('',''),('',''),('',''),('',''),('',''),('',''),('',''),('',''),('',''),('',''),('',''),('',''),('',''),('',''),('',''),('',''),('',''),('',''),('',''),('',''),('',''),('',''),('',''),('',''),('',''),('',''),('',''),('',''),('',''),('',''),('',''),('',''),('',''),('',''),('',''),('',''),('',''),('',''),('',''),('',''),('',''),('',''),('',''),('',''),('',''),('',''),('',''),('',''),('',''),('',''),('',''),('',''),('',''),('',''),('',''),('',''),('',''),('',''),('',''),('',''),('',''),('',''),('',''),('',''),('',''),('',''),('',''),('',''),('',''),('',''),('',''),('',''),('',''),('',''),('',''),('',''),('',''),('',''),('',''),('',''),('',''),('',''),('',''),('',''),('',''),('',''),('',''),('',''),('',''),('',''),('',''),('',''),('',''),('',''),('',''),('',''),('',''),('',''),('',''),('',''),('',''),('',''),('',''),('',''),('',''),('',''),('',''),('',''),('',''),('',''),('',''),('',''),('',''),('',''),('',''),('',''),('',''),('',''),('',''),('',''),('',''),('',''),('',''),('',''),('',''),('',''),('',''),('',''),('',''),('',''),('',''),('',''),('',''),('',''),('',''),('',''),('',''),('',''),('',''),('',''),('',''),('',''),('',''),('',''),('',''),('',''),('',''),('',''),('',''),('',''),('',''),('',''),('',''),('',''),('',''),('',''),('',''),('',''),('',''),('',''),('',''),('',''),('',''),('',''),('',''),('',''),('',''),('',''),('',''),('',''),('',''),('',''),('',''),('',''),('',''),('',''),('',''),('',''),('',''),('',''),('',''),('',''),('',''),('',''),('',''),('',''),('',''),('',''),('',''),('',''),('',''),('',''),('',''),('',''),('',''),('',''),('',''),('',''),('',''),('',''),('',''),('',''),('',''),('',''),('',''),('',''),('',''),('',''),('',''),('',''),('',''),('',''),('',''),('',''),('',''),('',''),('',''),('',''),('',''),('',''),('',''),('',''),('',''),('',''),('',''),('',''),('',''),('',''),('',''),('',''),('',''),('',''),('',''),('',''),('',''),('',''),('',''),('',''),('',''),('',''),('',''),('',''),('',''),('',''),('',''),('',''),('',''),('',''),('',''),('',''),('',''),('',''),('',''),('',''),('',''),('',''),('',''),('',''),('',''),('',''),('',''),('',''),('',''),('',''),('',''),('',''),('',''),('',''),('',''),('',''),('',''),('',''),('',''),('',''),('',''),('',''),('',''),('',''),('',''),('',''),('',''),('',''),('',''),('',''),('',''),('',''),('',''),('',''),('',''),('',''),('',''),('',''),('',''),('',''),('',''),('',''),('',''),('',''),('',''),('',''),('',''),('',''),('',''),('',''),('',''),('',''),('',''),('',''),('',''),('',''),('',''),('',''),('',''),('',''),('',''),('',''),('',''),('',''),('',''),('',''),('',''),('',''),('',''),('',''),('',''),('',''),('',''),('',''),('',''),('',''),('',''),('',''),('',''),('',''),('',''),('',''),('',''),('',''),('',''),('',''),('',''),('',''),('',''),('',''),('',''),('',''),('',''),('',''),('',''),('',''),('',''),('',''),('',''),('',''),('',''),('',''),('',''),('',''),('',''),('',''),('',''),('',''),('',''),('',''),('',''),('',''),('',''),('',''),('',''),('',''),('',''),('',''),('',''),('',''),('',''),('',''),('',''),('',''),('',''),('',''),('',''),('',''),('',''),('',''),('',''),('',''),('',''),('',''),('',''),('',''),('',''),('',''),('',''),('',''),('',''),('',''),('',''),('',''),('',''),('',''),('',''),('',''),('',''),('',''),('',''),('',''),('',''),('',''),('',''),('',''),('',''),('',''),('',''),('',''),('',''),('',''),('',''),('',''),('',''),('',''),('',''),('',''),('',''),('',''),('',''),('',''),('',''),('',''),('',''),('',''),('',''),('',''),('',''),('',''),('',''),('',''),('',''),('',''),('',''),('',''),('',''),('',''),('',''),('',''),('',''),('',''),('',''),('',''),('',''),('',''),('',''),('',''),('',''),('',''),('',''),('',''),('',''),('',''),('',''),('',''),('',''),('',''),('',''),('',''),('',''),('',''),('',''),('',''),('',''),('',''),('',''),('',''),('',''),('',''),('',''),('',''),('',''),('',''),('',''),('',''),('',''),('',''),('',''),('',''),('',''),('',''),('',''),('',''),('',''),('',''),('',''),('',''),('',''),('',''),('',''),('',''),('',''),('',''),('',''),('',''),('',''),('',''),('',''),('',''),('',''),('',''),('',''),('',''),('',''),('',''),('',''),('',''),('',''),('',''),('',''),('',''),('',''),('',''),('',''),('',''),('',''),('',''),('',''),('',''),('',''),('',''),('',''),('',''),('',''),('',''),('',''),('',''),('',''),('',''),('',''),('',''),('',''),('',''),('',''),('',''),('',''),('',''),('',''),('',''),('',''),('',''),('',''),('',''),('',''),('',''),('',''),('',''),('',''),('',''),('',''),('',''),('',''),('',''),('',''),('',''),('',''),('',''),('',''),('',''),('',''),('',''),('',''),('',''),('',''),('',''),('',''),('',''),('',''),('',''),('',''),('',''),('',''),('',''),('',''),('',''),('',''),('',''),('',''),('',''),('',''),('',''),('',''),('',''),('',''),('',''),('',''),('',''),('',''),('',''),('',''),('',''),('',''),('',''),('',''),('',''),('',''),('',''),('',''),('',''),('',''),('',''),('',''),('',''),('',''),('',''),('',''),('',''),('',''),('',''),('',''),('',''),('',''),('',''),('',''),('',''),('',''),('',''),('',''),('',''),('',''),('',''),('',''),('',''),('',''),('',''),('',''),('',''),('',''),('',''),('',''),('',''),('',''),('',''),('',''),('',''),('',''),('',''),('',''),('',''),('',''),('',''),('',''),('',''),('',''),('',''),('',''),('',''),('',''),('',''),('',''),('',''),('',''),('',''),('',''),('',''),('',''),('',''),('',''),('',''),('',''),('',''),('',''),('',''),('',''),('',''),('',''),('',''),('',''),('',''),('',''),('',''),('',''),('',''),('',''),('',''),('',''),('',''),('',''),('',''),('',''),('',''),('',''),('',''),('',''),('',''),('',''),('',''),('',''),('',''),('',''),('',''),('',''),('',''),('',''),('',''),('',''),('',''),('',''),('',''),('',''),('',''),('',''),('',''),('',''),('',''),('',''),('',''),('',''),('',''),('',''),('',''),('',''),('',''),('',''),('',''),('',''),('',''),('',''),('',''),('',''),('',''),('',''),('',''),('',''),('',''),('',''),('',''),('',''),('',''),('',''),('',''),('',''),('',''),('',''),('',''),('',''),('',''),('',''),('',''),('',''),('',''),('',''),('',''),('',''),('',''),('',''),('',''),('',''),('',''),('',''),('',''),('',''),('',''),('',''),('',''),('',''),('',''),('',''),('',''),('',''),('',''),('',''),('',''),('',''),('',''),('',''),('',''),('',''),('',''),('',''),('',''),('',''),('',''),('',''),('',''),('',''),('',''),('',''),('',''),('',''),('',''),('',''),('',''),('',''),('',''),('',''),('',''),('',''),('',''),('',''),('',''),('',''),('',''),('',''),('',''),('',''),('',''),('',''),('',''),('',''),('',''),('',''),('',''),('',''),('',''),('',''),('',''),('',''),('',''),('',''),('',''),('',''),('',''),('',''),('',''),('',''),('',''),('',''),('',''),('',''),('',''),('',''),('',''),('',''),('',''),('',''),('',''),('',''),('',''),('',''),('',''),('',''),('',''),('',''),('',''),('',''),('',''),('',''),('',''),('',''),('',''),('',''),('',''),('',''),('',''),('',''),('',''),('',''),('',''),('',''),('',''),('',''),('',''),('',''),('',''),('',''),('',''),('',''),('',''),('',''),('',''),('',''),('',''),('',''),('',''),('',''),('',''),('',''),('',''),('',''),('',''),('',''),('',''),('',''),('',''),('',''),('',''),('',''),('',''),('',''),('',''),('',''),('',''),('',''),('',''),('',''),('',''),('',''),('',''),('',''),('',''),('',''),('',''),('',''),('',''),('',''),('',''),('',''),('',''),('',''),('',''),('',''),('',''),('',''),('',''),('',''),('',''),('',''),('',''),('',''),('',''),('',''),('',''),('',''),('',''),('',''),('',''),('',''),('',''),('',''),('',''),('',''),('',''),('',''),('',''),('',''),('',''),('',''),('',''),('',''),('',''),('',''),('',''),('',''),('',''),('',''),('',''),('',''),('',''),('',''),('',''),('',''),('',''),('',''),('',''),('',''),('',''),('',''),('',''),('',''),('',''),('',''),('',''),('',''),('',''),('',''),('',''),('',''),('',''),('',''),('',''),('',''),('',''),('',''),('',''),('',''),('',''),('',''),('',''),('',''),('',''),('',''),('',''),('',''),('',''),('',''),('',''),('',''),('',''),('',''),('',''),('',''),('',''),('',''),('',''),('',''),('',''),('',''),('',''),('',''),('',''),('',''),('',''),('',''),('',''),('',''),('',''),('',''),('',''),('',''),('',''),('',''),('',''),('',''),('',''),('',''),('',''),('',''),('',''),('',''),('',''),('',''),('',''),('',''),('',''),('',''),('',''),('',''),('',''),('',''),('',''),('',''),('',''),('',''),('',''),('',''),('',''),('',''),('',''),('',''),('',''),('',''),('',''),('',''),('',''),('',''),('',''),('',''),('',''),('',''),('',''),('',''),('',''),('',''),('',''),('',''),('',''),('',''),('',''),('',''),('',''),('',''),('',''),('',''),('',''),('',''),('',''),('',''),('',''),('',''),('',''),('',''),('',''),('',''),('',''),('',''),('',''),('',''),('',''),('',''),('',''),('',''),('',''),('',''),('',''),('',''),('',''),('',''),('',''),('',''),('',''),('',''),('',''),('',''),('',''),('',''),('',''),('',''),('',''),('',''),('',''),('',''),('',''),('',''),('',''),('',''),('',''),('',''),('',''),('',''),('',''),('',''),('',''),('',''),('',''),('',''),('',''),('',''),('',''),('',''),('',''),('',''),('',''),('',''),('',''),('',''),('',''),('',''),('',''),('',''),('',''),('',''),('',''),('',''),('',''),('',''),('',''),('',''),('',''),('',''),('',''),('',''),('',''),('',''),('',''),('',''),('',''),('',''),('',''),('',''),('',''),('',''),('',''),('',''),('',''),('',''),('',''),('',''),('',''),('',''),('',''),('',''),('',''),('',''),('',''),('',''),('',''),('',''),('',''),('',''),('',''),('',''),('',''),('',''),('',''),('',''),('',''),('',''),('',''),('',''),('',''),('',''),('',''),('',''),('',''),('',''),('',''),('',''),('',''),('',''),('',''),('',''),('',''),('',''),('',''),('',''),('',''),('',''),('',''),('',''),('',''),('',''),('',''),('',''),('',''),('',''),('',''),('',''),('',''),('',''),('',''),('',''),('',''),('',''),('',''),('',''),('',''),('',''),('',''),('',''),('',''),('',''),('',''),('',''),('',''),('',''),('',''),('',''),('',''),('',''),('',''),('',''),('',''),('',''),('',''),('',''),('',''),('',''),('',''),('',''),('',''),('',''),('',''),('',''),('',''),('',''),('',''),('',''),('',''),('',''),('',''),('',''),('',''),('',''),('',''),('',''),('',''),('',''),('',''),('',''),('',''),('',''),('',''),('',''),('',''),('',''),('',''),('',''),('',''),('',''),('',''),('',''),('',''),('',''),('',''),('',''),('',''),('',''),('',''),('',''),('',''),('',''),('',''),('',''),('',''),('',''),('',''),('',''),('',''),('',''),('',''),('',''),('',''),('',''),('',''),('',''),('',''),('',''),('',''),('',''),('',''),('',''),('',''),('',''),('',''),('',''),('',''),('',''),('',''),('',''),('',''),('',''),('',''),('',''),('',''),('',''),('',''),('',''),('',''),('',''),('',''),('',''),('',''),('',''),('',''),('',''),('',''),('',''),('',''),('',''),('',''),('',''),('',''),('',''),('',''),('',''),('',''),('',''),('',''),('',''),('',''),('',''),('',''),('',''),('',''),('',''),('',''),('',''),('',''),('',''),('',''),('',''),('',''),('',''),('',''),('',''),('',''),('',''),('',''),('',''),('',''),('',''),('',''),('',''),('',''),('',''),('',''),('',''),('',''),('',''),('',''),('',''),('',''),('',''),('',''),('',''),('',''),('',''),('',''),('',''),('',''),('',''),('',''),('',''),('',''),('',''),('',''),('',''),('',''),('',''),('',''),('',''),('',''),('',''),('',''),('',''),('',''),('',''),('',''),('',''),('',''),('',''),('',''),('',''),('',''),('',''),('',''),('',''),('',''),('',''),('',''),('',''),('',''),('',''),('',''),('',''),('',''),('',''),('',''),('',''),('',''),('',''),('',''),('',''),('',''),('',''),('',''),('',''),('',''),('',''),('',''),('',''),('',''),('',''),('',''),('',''),('',''),('',''),('',''),('',''),('',''),('',''),('',''),('',''),('',''),('',''),('',''),('',''),('',''),('',''),('',''),('',''),('',''),('',''),('',''),('',''),('',''),('',''),('',''),('',''),('',''),('',''),('',''),('',''),('',''),('',''),('',''),('',''),('',''),('',''),('',''),('',''),('',''),('',''),('',''),('',''),('',''),('',''),('',''),('',''),('',''),('',''),('',''),('',''),('',''),('',''),('',''),('',''),('',''),('',''),('',''),('',''),('',''),('',''),('',''),('',''),('',''),('',''),('',''),('',''),('',''),('',''),('',''),('',''),('',''),('',''),('',''),('',''),('',''),('',''),('',''),('',''),('',''),('',''),('',''),('',''),('',''),('',''),('',''),('',''),('',''),('',''),('',''),('',''),('',''),('',''),('',''),('',''),('',''),('',''),('',''),('',''),('',''),('',''),('',''),('',''),('',''),('',''),('',''),('',''),('',''),('',''),('',''),('',''),('',''),('',''),('',''),('',''),('',''),('',''),('',''),('',''),('',''),('',''),('',''),('',''),('',''),('',''),('',''),('',''),('',''),('',''),('',''),('',''),('',''),('',''),('',''),('',''),('',''),('',''),('',''),('',''),('',''),('',''),('',''),('',''),('',''),('',''),('',''),('',''),('',''),('',''),('',''),('',''),('',''),('',''),('',''),('',''),('',''),('',''),('',''),('',''),('',''),('',''),('',''),('',''),('',''),('',''),('',''),('',''),('',''),('',''),('',''),('',''),('',''),('',''),('',''),('',''),('',''),('',''),('',''),('',''),('',''),('',''),('',''),('',''),('',''),('',''),('',''),('',''),('',''),('',''),('',''),('',''),('',''),('',''),('',''),('',''),('',''),('',''),('',''),('',''),('',''),('',''),('',''),('',''),('',''),('',''),('',''),('',''),('',''),('',''),('',''),('',''),('',''),('',''),('',''),('',''),('',''),('',''),('',''),('',''),('',''),('',''),('',''),('',''),('',''),('',''),('',''),('',''),('',''),('',''),('',''),('',''),('',''),('',''),('',''),('',''),('',''),('',''),('',''),('',''),('',''),('',''),('',''),('',''),('',''),('',''),('',''),('',''),('',''),('',''),('',''),('',''),('',''),('',''),('',''),('',''),('',''),('',''),('',''),('',''),('',''),('',''),('',''),('',''),('',''),('',''),('',''),('',''),('',''),('',''),('',''),('',''),('',''),('',''),('',''),('',''),('',''),('',''),('',''),('',''),('',''),('',''),('',''),('',''),('',''),('',''),('',''),('',''),('',''),('',''),('',''),('',''),('',''),('',''),('',''),('',''),('',''),('',''),('',''),('',''),('',''),('',''),('',''),('',''),('',''),('',''),('',''),('',''),('',''),('',''),('',''),('',''),('',''),('',''),('',''),('',''),('',''),('',''),('',''),('',''),('',''),('',''),('',''),('',''),('',''),('',''),('',''),('',''),('',''),('',''),('',''),('',''),('',''),('',''),('',''),('',''),('',''),('',''),('',''),('',''),('',''),('',''),('',''),('',''),('',''),('',''),('',''),('',''),('',''),('',''),('',''),('',''),('',''),('',''),('',''),('',''),('',''),('',''),('',''),('',''),('',''),('',''),('',''),('',''),('',''),('',''),('',''),('',''),('',''),('',''),('',''),('',''),('',''),('',''),('',''),('',''),('',''),('',''),('',''),('',''),('',''),('',''),('',''),('',''),('',''),('',''),('',''),('',''),('',''),('',''),('',''),('',''),('',''),('',''),('',''),('',''),('',''),('',''),('',''),('',''),('',''),('',''),('',''),('',''),('',''),('',''),('',''),('',''),('',''),('',''),('',''),('',''),('',''),('',''),('',''),('',''),('',''),('',''),('',''),('',''),('',''),('',''),('',''),('',''),('',''),('',''),('',''),('',''),('',''),('',''),('',''),('',''),('',''),('',''),('',''),('',''),('',''),('',''),('',''),('',''),('',''),('',''),('',''),('',''),('',''),('',''),('',''),('',''),('',''),('',''),('',''),('',''),('',''),('',''),('',''),('',''),('',''),('',''),('',''),('',''),('',''),('',''),('',''),('',''),('',''),('',''),('',''),('',''),('',''),('',''),('',''),('',''),('',''),('',''),('',''),('',''),('',''),('',''),('',''),('',''),('',''),('',''),('',''),('',''),('',''),('',''),('',''),('',''),('',''),('',''),('',''),('',''),('',''),('',''),('',''),('',''),('',''),('',''),('',''),('',''),('',''),('',''),('',''),('',''),('',''),('',''),('',''),('',''),('',''),('',''),('',''),('',''),('',''),('',''),('',''),('',''),('',''),('',''),('',''),('',''),('',''),('',''),('',''),('',''),('',''),('',''),('',''),('',''),('',''),('',''),('',''),('',''),('',''),('',''),('',''),('',''),('',''),('',''),('',''),('',''),('',''),('',''),('',''),('',''),('',''),('',''),('',''),('',''),('',''),('',''),('',''),('',''),('',''),('',''),('',''),('',''),('',''),('',''),('',''),('',''),('',''),('',''),('',''),('',''),('',''),('',''),('',''),('',''),('',''),('',''),('',''),('',''),('',''),('',''),('',''),('',''),('',''),('',''),('',''),('',''),('',''),('',''),('',''),('',''),('',''),('',''),('',''),('',''),('',''),('',''),('',''),('',''),('',''),('',''),('',''),('',''),('',''),('',''),('',''),('',''),('',''),('',''),('',''),('',''),('',''),('',''),('',''),('',''),('',''),('',''),('',''),('',''),('',''),('',''),('',''),('',''),('',''),('',''),('',''),('',''),('',''),('',''),('',''),('',''),('',''),('',''),('',''),('',''),('',''),('',''),('',''),('',''),('',''),('',''),('',''),('',''),('',''),('',''),('',''),('',''),('',''),('',''),('',''),('',''),('',''),('',''),('',''),('',''),('',''),('',''),('',''),('',''),('',''),('',''),('',''),('',''),('',''),('',''),('',''),('',''),('',''),('',''),('',''),('',''),('',''),('',''),('',''),('',''),('',''),('',''),('',''),('',''),('',''),('',''),('',''),('',''),('',''),('',''),('',''),('',''),('',''),('',''),('',''),('',''),('',''),('',''),('',''),('',''),('',''),('',''),('',''),('',''),('',''),('',''),('',''),('',''),('',''),('',''),('',''),('',''),('',''),('',''),('',''),('',''),('',''),('',''),('',''),('',''),('',''),('',''),('',''),('',''),('',''),('',''),('',''),('',''),('',''),('',''),('',''),('',''),('',''),('',''),('',''),('',''),('',''),('',''),('',''),('',''),('',''),('',''),('',''),('',''),('',''),('',''),('',''),('',''),('',''),('',''),('',''),('',''),('',''),('',''),('',''),('',''),('',''),('',''),('',''),('',''),('',''),('',''),('',''),('',''),('',''),('',''),('',''),('',''),('',''),('',''),('',''),('',''),('',''),('',''),('',''),('',''),('',''),('',''),('',''),('',''),('',''),('',''),('',''),('',''),('',''),('',''),('',''),('',''),('',''),('',''),('',''),('',''),('',''),('',''),('',''),('',''),('',''),('',''),('',''),('',''),('',''),('',''),('',''),('',''),('',''),('',''),('',''),('',''),('',''),('',''),('',''),('',''),('',''),('',''),('',''),('',''),('',''),('',''),('',''),('',''),('',''),('',''),('',''),('',''),('',''),('',''),('',''),('',''),('',''),('',''),('',''),('',''),('',''),('',''),('',''),('',''),('',''),('',''),('',''),('',''),('',''),('',''),('',''),('',''),('',''),('',''),('',''),('',''),('',''),('',''),('',''),('',''),('',''),('',''),('',''),('',''),('',''),('',''),('',''),('',''),('',''),('',''),('',''),('',''),('',''),('',''),('',''),('',''),('',''),('',''),('',''),('',''),('',''),('',''),('',''),('',''),('',''),('',''),('',''),('',''),('',''),('',''),('',''),('',''),('',''),('',''),('',''),('',''),('',''),('',''),('',''),('',''),('',''),('',''),('',''),('',''),('',''),('',''),('',''),('',''),('',''),('',''),('',''),('',''),('',''),('',''),('',''),('',''),('',''),('',''),('',''),('',''),('',''),('',''),('',''),('',''),('',''),('',''),('',''),('',''),('',''),('',''),('',''),('',''),('',''),('',''),('',''),('',''),('',''),('',''),('',''),('',''),('',''),('',''),('',''),('',''),('',''),('',''),('',''),('',''),('',''),('',''),('',''),('',''),('',''),('',''),('',''),('',''),('',''),('',''),('',''),('',''),('',''),('',''),('',''),('',''),('',''),('',''),('',''),('',''),('',''),('',''),('',''),('',''),('',''),('',''),('',''),('',''),('',''),('',''),('',''),('',''),('',''),('',''),('',''),('',''),('',''),('',''),('',''),('',''),('',''),('',''),('',''),('',''),('',''),('',''),('',''),('',''),('',''),('',''),('',''),('',''),('',''),('',''),('',''),('',''),('',''),('',''),('',''),('',''),('',''),('',''),('',''),('',''),('',''),('',''),('',''),('',''),('',''),('',''),('',''),('',''),('',''),('',''),('',''),('',''),('',''),('',''),('',''),('',''),('',''),('',''),('',''),('',''),('',''),('',''),('',''),('',''),('',''),('',''),('',''),('',''),('',''),('',''),('',''),('',''),('',''),('',''),('',''),('',''),('',''),('',''),('',''),('',''),('',''),('',''),('',''),('',''),('',''),('',''),('',''),('',''),('',''),('',''),('',''),('',''),('',''),('',''),('',''),('',''),('',''),('',''),('',''),('',''),('',''),('',''),('',''),('',''),('',''),('',''),('',''),('',''),('',''),('',''),('',''),('',''),('',''),('',''),('',''),('',''),('',''),('',''),('',''),('',''),('',''),('',''),('',''),('',''),('',''),('',''),('',''),('',''),('',''),('',''),('',''),('',''),('',''),('',''),('',''),('',''),('',''),('',''),('',''),('',''),('',''),('',''),('',''),('',''),('',''),('',''),('',''),('',''),('',''),('',''),('',''),('',''),('',''),('',''),('',''),('',''),('',''),('',''),('',''),('',''),('',''),('',''),('',''),('',''),('',''),('',''),('',''),('',''),('',''),('',''),('',''),('',''),('',''),('',''),('',''),('',''),('',''),('',''),('',''),('',''),('',''),('',''),('',''),('',''),('',''),('',''),('',''),('',''),('',''),('',''),('',''),('',''),('',''),('',''),('',''),('',''),('',''),('',''),('',''),('',''),('',''),('',''),('',''),('',''),('',''),('',''),('',''),('',''),('',''),('',''),('',''),('',''),('',''),('',''),('',''),('',''),('',''),('',''),('',''),('',''),('',''),('',''),('',''),('',''),('',''),('',''),('',''),('',''),('',''),('',''),('',''),('',''),('',''),('',''),('',''),('',''),('',''),('',''),('',''),('',''),('',''),('',''),('',''),('',''),('',''),('',''),('',''),('',''),('',''),('',''),('',''),('',''),('',''),('',''),('',''),('',''),('',''),('',''),('',''),('',''),('',''),('',''),('',''),('',''),('',''),('',''),('',''),('',''),('',''),('',''),('',''),('',''),('',''),('',''),('',''),('',''),('',''),('',''),('',''),('',''),('',''),('',''),('',''),('',''),('',''),('',''),('',''),('',''),('',''),('',''),('',''),('',''),('',''),('',''),('',''),('',''),('',''),('',''),('',''),('',''),('',''),('',''),('',''),('',''),('',''),('',''),('',''),('',''),('',''),('',''),('',''),('',''),('',''),('',''),('',''),('',''),('',''),('',''),('',''),('',''),('',''),('',''),('',''),('',''),('',''),('',''),('',''),('',''),('',''),('',''),('',''),('',''),('',''),('',''),('',''),('',''),('',''),('',''),('',''),('',''),('',''),('',''),('',''),('',''),('',''),('',''),('',''),('',''),('',''),('',''),('',''),('',''),('',''),('',''),('',''),('',''),('',''),('',''),('',''),('',''),('',''),('',''),('',''),('',''),('',''),('',''),('',''),('',''),('',''),('',''),('',''),('',''),('',''),('',''),('',''),('',''),('',''),('',''),('',''),('',''),('',''),('',''),('',''),('',''),('',''),('',''),('',''),('',''),('',''),('',''),('',''),('',''),('',''),('',''),('',''),('',''),('',''),('',''),('',''),('',''),('',''),('',''),('',''),('',''),('',''),('',''),('',''),('',''),('',''),('',''),('',''),('',''),('',''),('',''),('',''),('',''),('',''),('',''),('',''),('',''),('',''),('',''),('',''),('',''),('',''),('',''),('',''),('',''),('',''),('',''),('',''),('',''),('',''),('',''),('',''),('',''),('',''),('',''),('',''),('',''),('',''),('',''),('',''),('',''),('',''),('',''),('',''),('',''),('',''),('',''),('',''),('',''),('',''),('',''),('',''),('',''),('',''),('',''),('',''),('',''),('',''),('',''),('',''),('',''),('',''),('',''),('',''),('',''),('',''),('',''),('',''),('',''),('',''),('',''),('',''),('',''),('',''),('',''),('',''),('',''),('',''),('',''),('',''),('',''),('',''),('',''),('',''),('',''),('',''),('',''),('',''),('',''),('',''),('',''),('',''),('',''),('',''),('',''),('',''),('',''),('',''),('',''),('',''),('',''),('',''),('',''),('',''),('',''),('',''),('',''),('',''),('',''),('',''),('',''),('',''),('',''),('',''),('',''),('',''),('',''),('',''),('',''),('',''),('',''),('',''),('',''),('',''),('',''),('',''),('',''),('',''),('',''),('',''),('',''),('',''),('',''),('',''),('',''),('',''),('',''),('',''),('',''),('',''),('',''),('',''),('',''),('',''),('',''),('',''),('',''),('',''),('',''),('',''),('',''),('',''),('',''),('',''),('',''),('',''),('',''),('',''),('',''),('',''),('',''),('',''),('',''),('',''),('',''),('',''),('',''),('',''),('',''),('',''),('',''),('',''),('',''),('',''),('',''),('',''),('',''),('',''),('',''),('',''),('',''),('',''),('',''),('',''),('',''),('',''),('',''),('',''),('',''),('',''),('',''),('',''),('',''),('',''),('',''),('',''),('',''),('',''),('',''),('',''),('',''),('',''),('',''),('',''),('',''),('',''),('',''),('',''),('',''),('',''),('',''),('',''),('',''),('',''),('',''),('',''),('',''),('',''),('',''),('',''),('',''),('',''),('',''),('',''),('',''),('',''),('',''),('',''),('',''),('',''),('',''),('',''),('',''),('',''),('',''),('',''),('',''),('',''),('',''),('',''),('',''),('',''),('',''),('',''),('',''),('',''),('',''),('',''),('',''),('',''),('',''),('',''),('',''),('',''),('',''),('',''),('',''),('',''),('',''),('',''),('',''),('',''),('',''),('',''),('',''),('',''),('',''),('',''),('',''),('',''),('',''),('',''),('',''),('',''),('',''),('',''),('',''),('',''),('',''),('',''),('',''),('',''),('',''),('',''),('',''),('',''),('',''),('',''),('',''),('',''),('',''),('',''),('',''),('',''),('',''),('',''),('',''),('',''),('',''),('',''),('',''),('',''),('',''),('',''),('',''),('',''),('',''),('',''),('',''),('',''),('',''),('',''),('',''),('',''),('',''),('',''),('',''),('',''),('',''),('',''),('',''),('',''),('',''),('',''),('',''),('',''),('',''),('',''),('',''),('',''),('',''),('',''),('',''),('',''),('',''),('',''),('',''),('',''),('',''),('',''),('',''),('',''),('',''),('',''),('',''),('',''),('',''),('',''),('',''),('',''),('',''),('',''),('',''),('',''),('',''),('',''),('',''),('',''),('',''),('',''),('',''),('',''),('',''),('',''),('',''),('',''),('',''),('',''),('',''),('',''),('',''),('',''),('',''),('',''),('',''),('',''),('',''),('',''),('',''),('',''),('',''),('',''),('',''),('',''),('',''),('',''),('',''),('',''),('',''),('',''),('',''),('',''),('',''),('',''),('',''),('',''),('',''),('',''),('',''),('',''),('',''),('',''),('',''),('',''),('',''),('',''),('',''),('',''),('',''),('',''),('',''),('',''),('',''),('',''),('',''),('',''),('',''),('',''),('',''),('',''),('',''),('',''),('',''),('',''),('',''),('',''),('',''),('',''),('',''),('',''),('',''),('',''),('',''),('',''),('',''),('',''),('',''),('',''),('',''),('',''),('',''),('',''),('',''),('',''),('',''),('',''),('',''),('',''),('',''),('',''),('',''),('',''),('',''),('',''),('',''),('',''),('',''),('',''),('',''),('',''),('',''),('',''),('',''),('',''),('',''),('',''),('',''),('',''),('',''),('',''),('',''),('',''),('',''),('',''),('',''),('',''),('',''),('',''),('',''),('',''),('',''),('',''),('',''),('',''),('',''),('',''),('',''),('',''),('',''),('',''),('',''),('',''),('',''),('',''),('',''),('',''),('',''),('',''),('',''),('',''),('',''),('',''),('',''),('',''),('',''),('',''),('',''),('',''),('',''),('',''),('',''),('',''),('',''),('',''),('',''),('',''),('',''),('',''),('',''),('',''),('',''),('',''),('',''),('',''),('',''),('',''),('',''),('',''),('',''),('',''),('',''),('',''),('',''),('',''),('',''),('',''),('',''),('',''),('',''),('',''),('',''),('',''),('',''),('',''),('',''),('',''),('',''),('',''),('',''),('',''),('',''),('',''),('',''),('',''),('',''),('',''),('',''),('',''),('',''),('',''),('',''),('',''),('',''),('',''),('',''),('',''),('',''),('',''),('',''),('',''),('',''),('',''),('',''),('',''),('',''),('',''),('',''),('',''),('',''),('',''),('',''),('',''),('',''),('',''),('',''),('',''),('',''),('',''),('',''),('',''),('',''),('',''),('',''),('',''),('',''),('',''),('',''),('',''),('',''),('',''),('',''),('',''),('',''),('',''),('',''),('',''),('',''),('',''),('',''),('',''),('',''),('',''),('',''),('',''),('',''),('',''),('',''),('',''),('',''),('',''),('',''),('',''),('',''),('',''),('',''),('',''),('',''),('',''),('',''),('',''),('',''),('',''),('',''),('',''),('',''),('',''),('',''),('',''),('',''),('',''),('',''),('',''),('',''),('',''),('',''),('',''),('',''),('',''),('',''),('',''),('',''),('',''),('',''),('',''),('',''),('',''),('',''),('',''),('',''),('',''),('',''),('',''),('',''),('',''),('',''),('',''),('',''),('',''),('',''),('',''),('',''),('',''),('',''),('',''),('',''),('',''),('',''),('',''),('',''),('',''),('',''),('',''),('',''),('',''),('',''),('',''),('',''),('',''),('',''),('',''),('',''),('',''),('',''),('',''),('',''),('',''),('',''),('',''),('',''),('',''),('',''),('',''),('',''),('',''),('',''),('',''),('',''),('',''),('',''),('',''),('',''),('',''),('',''),('',''),('',''),('',''),('',''),('',''),('',''),('',''),('',''),('',''),('',''),('',''),('',''),('',''),('',''),('',''),('',''),('',''),('',''),('',''),('',''),('',''),('',''),('',''),('',''),('',''),('',''),('',''),('',''),('',''),('',''),('',''),('',''),('',''),('',''),('',''),('',''),('',''),('',''),('',''),('',''),('',''),('',''),('',''),('',''),('',''),('',''),('',''),('',''),('',''),('',''),('',''),('',''),('',''),('',''),('',''),('',''),('',''),('',''),('',''),('',''),('',''),('',''),('',''),('',''),('',''),('',''),('',''),('',''),('',''),('',''),('',''),('',''),('',''),('',''),('',''),('',''),('',''),('',''),('',''),('',''),('',''),('',''),('',''),('',''),('',''),('',''),('',''),('',''),('',''),('',''),('',''),('',''),('',''),('',''),('',''),('',''),('',''),('',''),('',''),('',''),('',''),('',''),('',''),('',''),('',''),('',''),('',''),('',''),('',''),('',''),('',''),('',''),('',''),('',''),('',''),('',''),('',''),('',''),('',''),('',''),('',''),('',''),('',''),('',''),('',''),('',''),('',''),('',''),('',''),('',''),('',''),('',''),('',''),('',''),('',''),('',''),('',''),('',''),('',''),('',''),('',''),('',''),('',''),('',''),('',''),('',''),('',''),('',''),('',''),('',''),('',''),('',''),('',''),('',''),('',''),('',''),('',''),('',''),('',''),('',''),('',''),('',''),('',''),('',''),('',''),('',''),('',''),('',''),('',''),('',''),('',''),('',''),('',''),('',''),('',''),('',''),('',''),('',''),('',''),('',''),('',''),('',''),('',''),('',''),('',''),('',''),('',''),('',''),('',''),('',''),('',''),('',''),('',''),('',''),('',''),('',''),('',''),('',''),('',''),('',''),('',''),('',''),('',''),('',''),('',''),('',''),('',''),('',''),('',''),('',''),('',''),('',''),('',''),('',''),('',''),('',''),('',''),('',''),('',''),('',''),('',''),('',''),('',''),('',''),('',''),('',''),('',''),('',''),('',''),('',''),('',''),('',''),('',''),('',''),('',''),('',''),('',''),('',''),('',''),('',''),('',''),('',''),('',''),('',''),('',''),('',''),('',''),('',''),('',''),('',''),('',''),('',''),('',''),('',''),('',''),('',''),('',''),('',''),('',''),('',''),('',''),('',''),('',''),('',''),('',''),('',''),('',''),('',''),('',''),('',''),('',''),('',''),('',''),('',''),('',''),('',''),('',''),('',''),('',''),('',''),('',''),('',''),('',''),('',''),('',''),('',''),('',''),('',''),('',''),('',''),('',''),('',''),('',''),('',''),('',''),('',''),('',''),('',''),('',''),('',''),('',''),('',''),('',''),('',''),('',''),('',''),('',''),('',''),('',''),('',''),('',''),('',''),('',''),('',''),('',''),('',''),('',''),('',''),('',''),('',''),('',''),('',''),('',''),('',''),('',''),('',''),('',''),('',''),('',''),('',''),('',''),('',''),('',''),('',''),('',''),('',''),('',''),('',''),('',''),('',''),('',''),('',''),('',''),('',''),('',''),('',''),('',''),('',''),('',''),('',''),('',''),('',''),('',''),('',''),('',''),('',''),('',''),('',''),('',''),('',''),('',''),('',''),('',''),('',''),('',''),('',''),('',''),('',''),('',''),('',''),('',''),('',''),('',''),('',''),('',''),('',''),('',''),('',''),('',''),('',''),('',''),('',''),('',''),('',''),('',''),('',''),('',''),('',''),('',''),('',''),('',''),('',''),('',''),('',''),('',''),('',''),('',''),('',''),('',''),('',''),('',''),('',''),('',''),('',''),('',''),('',''),('',''),('',''),('',''),('',''),('',''),('',''),('',''),('',''),('',''),('',''),('',''),('',''),('',''),('',''),('',''),('',''),('',''),('',''),('',''),('',''),('',''),('',''),('',''),('',''),('',''),('',''),('',''),('',''),('',''),('',''),('',''),('',''),('',''),('',''),('',''),('',''),('',''),('',''),('',''),('',''),('',''),('',''),('',''),('',''),('',''),('',''),('',''),('',''),('',''),('',''),('',''),('',''),('',''),('',''),('',''),('',''),('',''),('',''),('',''),('',''),('',''),('',''),('',''),('',''),('',''),('',''),('',''),('',''),('',''),('',''),('',''),('',''),('',''),('',''),('',''),('',''),('',''),('',''),('',''),('',''),('',''),('',''),('',''),('',''),('',''),('',''),('',''),('',''),('',''),('',''),('',''),('',''),('',''),('',''),('',''),('',''),('',''),('',''),('',''),('',''),('',''),('',''),('',''),('',''),('',''),('',''),('',''),('',''),('',''),('',''),('',''),('',''),('',''),('',''),('',''),('',''),('',''),('',''),('',''),('',''),('',''),('',''),('',''),('',''),('',''),('',''),('',''),('',''),('',''),('',''),('',''),('',''),('',''),('',''),('',''),('',''),('',''),('',''),('',''),('',''),('',''),('',''),('',''),('',''),('',''),('',''),('',''),('',''),('',''),('',''),('',''),('',''),('',''),('',''),('',''),('',''),('',''),('',''),('',''),('',''),('',''),('',''),('',''),('',''),('',''),('',''),('',''),('',''),('',''),('',''),('',''),('',''),('',''),('',''),('',''),('',''),('',''),('',''),('',''),('',''),('',''),('',''),('',''),('',''),('',''),('',''),('',''),('',''),('',''),('',''),('',''),('',''),('',''),('',''),('',''),('',''),('',''),('',''),('',''),('',''),('',''),('',''),('',''),('',''),('',''),('',''),('',''),('',''),('',''),('',''),('',''),('',''),('',''),('',''),('',''),('',''),('',''),('',''),('',''),('',''),('',''),('',''),('',''),('',''),('',''),('',''),('',''),('',''),('',''),('',''),('',''),('',''),('',''),('',''),('',''),('',''),('',''),('',''),('',''),('',''),('',''),('',''),('',''),('',''),('',''),('',''),('',''),('',''),('',''),('',''),('',''),('',''),('',''),('',''),('',''),('',''),('',''),('',''),('',''),('',''),('',''),('',''),('',''),('',''),('',''),('',''),('',''),('',''),('',''),('',''),('',''),('',''),('',''),('',''),('',''),('',''),('',''),('',''),('',''),('',''),('',''),('',''),('',''),('',''),('',''),('',''),('',''),('',''),('',''),('',''),('',''),('',''),('',''),('',''),('',''),('',''),('',''),('',''),('',''),('',''),('',''),('',''),('',''),('',''),('',''),('',''),('',''),('',''),('',''),('',''),('',''),('',''),('',''),('',''),('',''),('',''),('',''),('',''),('',''),('',''),('',''),('',''),('',''),('',''),('',''),('',''),('',''),('',''),('',''),('',''),('',''),('',''),('',''),('',''),('',''),('',''),('',''),('',''),('',''),('',''),('',''),('',''),('',''),('',''),('',''),('',''),('',''),('',''),('',''),('',''),('',''),('',''),('',''),('',''),('',''),('',''),('',''),('',''),('',''),('',''),('',''),('',''),('',''),('',''),('',''),('',''),('',''),('',''),('',''),('',''),('',''),('',''),('',''),('',''),('',''),('',''),('',''),('',''),('',''),('',''),('',''),('',''),('',''),('',''),('',''),('',''),('',''),('',''),('',''),('',''),('',''),('',''),('',''),('',''),('',''),('',''),('',''),('',''),('',''),('',''),('',''),('',''),('',''),('',''),('',''),('',''),('',''),('',''),('',''),('',''),('',''),('',''),('',''),('',''),('',''),('',''),('',''),('',''),('',''),('',''),('',''),('',''),('',''),('',''),('',''),('',''),('',''),('',''),('',''),('',''),('',''),('',''),('',''),('',''),('',''),('',''),('',''),('',''),('',''),('',''),('',''),('',''),('',''),('',''),('',''),('',''),('',''),('',''),('',''),('',''),('',''),('',''),('',''),('',''),('',''),('',''),('',''),('',''),('',''),('',''),('',''),('',''),('',''),('',''),('',''),('',''),('',''),('',''),('',''),('',''),('',''),('',''),('',''),('',''),('',''),('',''),('',''),('',''),('',''),('',''),('',''),('',''),('',''),('',''),('',''),('',''),('',''),('',''),('',''),('',''),('',''),('',''),('',''),('',''),('',''),('',''),('',''),('',''),('',''),('',''),('',''),('',''),('',''),('',''),('',''),('',''),('',''),('',''),('',''),('',''),('',''),('',''),('',''),('',''),('',''),('',''),('',''),('',''),('',''),('',''),('',''),('',''),('',''),('',''),('',''),('',''),('',''),('',''),('',''),('',''),('',''),('',''),('',''),('',''),('',''),('',''),('',''),('',''),('',''),('',''),('',''),('',''),('',''),('',''),('',''),('',''),('',''),('',''),('',''),('',''),('',''),('',''),('',''),('',''),('',''),('',''),('',''),('',''),('',''),('',''),('',''),('',''),('',''),('',''),('',''),('',''),('',''),('',''),('',''),('',''),('',''),('',''),('',''),('',''),('',''),('',''),('',''),('',''),('',''),('',''),('',''),('',''),('',''),('',''),('',''),('',''),('',''),('',''),('',''),('',''),('',''),('',''),('',''),('',''),('',''),('',''),('',''),('',''),('',''),('',''),('',''),('',''),('',''),('',''),('',''),('',''),('',''),('',''),('',''),('',''),('',''),('',''),('',''),('',''),('',''),('',''),('',''),('',''),('',''),('',''),('',''),('',''),('',''),('',''),('',''),('',''),('',''),('',''),('',''),('',''),('',''),('',''),('',''),('',''),('',''),('',''),('',''),('',''),('',''),('',''),('',''),('',''),('',''),('',''),('',''),('',''),('',''),('',''),('',''),('',''),('',''),('',''),('',''),('',''),('',''),('',''),('',''),('',''),('',''),('',''),('',''),('',''),('',''),('',''),('',''),('',''),('',''),('',''),('',''),('',''),('',''),('',''),('',''),('',''),('',''),('',''),('',''),('',''),('',''),('',''),('',''),('',''),('',''),('',''),('',''),('',''),('',''),('',''),('',''),('',''),('',''),('',''),('',''),('',''),('',''),('',''),('',''),('',''),('',''),('',''),('',''),('',''),('',''),('',''),('',''),('',''),('',''),('',''),('',''),('',''),('',''),('',''),('',''),('',''),('',''),('',''),('',''),('',''),('',''),('',''),('',''),('',''),('',''),('',''),('',''),('',''),('',''),('',''),('',''),('',''),('',''),('',''),('',''),('',''),('',''),('',''),('',''),('',''),('',''),('',''),('',''),('',''),('',''),('',''),('',''),('',''),('',''),('',''),('',''),('',''),('',''),('',''),('',''),('',''),('',''),('',''),('',''),('',''),('',''),('',''),('',''),('',''),('',''),('',''),('',''),('',''),('',''),('',''),('',''),('',''),('',''),('',''),('',''),('',''),('',''),('',''),('',''),('',''),('',''),('',''),('',''),('',''),('',''),('',''),('',''),('',''),('',''),('',''),('',''),('',''),('',''),('',''),('',''),('',''),('',''),('',''),('',''),('',''),('',''),('',''),('',''),('',''),('',''),('',''),('',''),('',''),('',''),('',''),('',''),('',''),('',''),('',''),('',''),('',''),('',''),('',''),('',''),('',''),('',''),('',''),('',''),('',''),('',''),('',''),('',''),('',''),('',''),('',''),('',''),('',''),('',''),('',''),('',''),('',''),('',''),('',''),('',''),('',''),('',''),('',''),('',''),('',''),('',''),('',''),('',''),('',''),('',''),('',''),('',''),('',''),('',''),('',''),('',''),('',''),('',''),('',''),('',''),('',''),('',''),('',''),('',''),('',''),('',''),('',''),('',''),('',''),('',''),('',''),('',''),('',''),('',''),('',''),('',''),('',''),('',''),('',''),('',''),('',''),('',''),('',''),('',''),('',''),('',''),('',''),('',''),('',''),('',''),('',''),('',''),('',''),('',''),('',''),('',''),('',''),('',''),('',''),('',''),('',''),('',''),('',''),('',''),('',''),('',''),('',''),('',''),('',''),('',''),('',''),('',''),('',''),('',''),('',''),('',''),('',''),('',''),('',''),('',''),('',''),('',''),('',''),('',''),('',''),('',''),('',''),('',''),('',''),('',''),('',''),('',''),('',''),('',''),('',''),('',''),('',''),('',''),('',''),('',''),('',''),('',''),('',''),('',''),('',''),('',''),('',''),('',''),('',''),('',''),('',''),('',''),('',''),('',''),('',''),('',''),('',''),('',''),('',''),('',''),('',''),('',''),('',''),('',''),('',''),('',''),('',''),('',''),('',''),('',''),('',''),('',''),('',''),('',''),('',''),('',''),('',''),('',''),('',''),('',''),('',''),('',''),('',''),('',''),('',''),('',''),('',''),('',''),('',''),('',''),('',''),('',''),('',''),('',''),('',''),('',''),('',''),('',''),('',''),('',''),('',''),('',''),('',''),('',''),('',''),('',''),('',''),('',''),('',''),('',''),('',''),('',''),('',''),('',''),('',''),('',''),('',''),('',''),('',''),('',''),('',''),('',''),('',''),('',''),('',''),('',''),('',''),('',''),('',''),('',''),('',''),('',''),('',''),('',''),('',''),('',''),('',''),('',''),('',''),('',''),('',''),('',''),('',''),('',''),('',''),('',''),('',''),('',''),('',''),('',''),('',''),('',''),('',''),('',''),('',''),('',''),('',''),('',''),('',''),('',''),('',''),('',''),('',''),('',''),('',''),('',''),('',''),('',''),('',''),('',''),('',''),('',''),('',''),('',''),('',''),('',''),('',''),('',''),('',''),('',''),('',''),('',''),('',''),('',''),('',''),('',''),('',''),('',''),('',''),('',''),('',''),('',''),('',''),('',''),('',''),('',''),('',''),('',''),('',''),('',''),('',''),('',''),('',''),('',''),('',''),('',''),('',''),('',''),('',''),('',''),('',''),('',''),('',''),('',''),('',''),('',''),('',''),('',''),('',''),('',''),('',''),('',''),('',''),('',''),('',''),('',''),('',''),('',''),('',''),('',''),('',''),('',''),('',''),('',''),('',''),('',''),('',''),('',''),('',''),('',''),('',''),('',''),('',''),('',''),('',''),('',''),('',''),('',''),('',''),('',''),('',''),('',''),('',''),('',''),('',''),('',''),('',''),('',''),('',''),('',''),('',''),('',''),('',''),('',''),('',''),('',''),('',''),('',''),('',''),('',''),('',''),('',''),('',''),('',''),('',''),('',''),('',''),('',''),('',''),('',''),('',''),('',''),('',''),('',''),('',''),('',''),('',''),('',''),('',''),('',''),('',''),('',''),('',''),('',''),('',''),('',''),('',''),('',''),('',''),('',''),('',''),('',''),('',''),('',''),('',''),('',''),('',''),('',''),('',''),('',''),('',''),('',''),('',''),('',''),('',''),('',''),('',''),('',''),('',''),('',''),('',''),('',''),('',''),('',''),('',''),('',''),('',''),('',''),('',''),('',''),('',''),('',''),('',''),('',''),('',''),('',''),('',''),('',''),('',''),('',''),('',''),('',''),('',''),('',''),('',''),('',''),('',''),('',''),('',''),('',''),('',''),('',''),('',''),('',''),('',''),('',''),('',''),('',''),('',''),('',''),('',''),('',''),('',''),('',''),('',''),('',''),('',''),('',''),('',''),('',''),('',''),('',''),('',''),('',''),('',''),('',''),('',''),('',''),('',''),('',''),('',''),('',''),('',''),('',''),('',''),('',''),('',''),('',''),('',''),('',''),('',''),('',''),('',''),('',''),('',''),('',''),('',''),('',''),('',''),('',''),('',''),('',''),('',''),('',''),('',''),('',''),('',''),('',''),('',''),('',''),('',''),('',''),('',''),('',''),('',''),('',''),('',''),('',''),('',''),('',''),('',''),('',''),('',''),('',''),('',''),('',''),('',''),('',''),('',''),('',''),('',''),('',''),('',''),('',''),('',''),('',''),('',''),('',''),('',''),('',''),('',''),('',''),('',''),('',''),('',''),('',''),('',''),('',''),('',''),('',''),('',''),('',''),('',''),('',''),('',''),('',''),('',''),('',''),('',''),('',''),('',''),('',''),('',''),('',''),('',''),('',''),('',''),('',''),('',''),('',''),('',''),('',''),('',''),('',''),('',''),('',''),('',''),('',''),('',''),('',''),('',''),('',''),('',''),('',''),('',''),('',''),('',''),('',''),('',''),('',''),('',''),('',''),('',''),('',''),('',''),('',''),('',''),('',''),('',''),('',''),('',''),('',''),('',''),('',''),('',''),('',''),('',''),('',''),('',''),('',''),('',''),('',''),('',''),('',''),('',''),('',''),('',''),('',''),('',''),('',''),('',''),('',''),('',''),('',''),('',''),('',''),('',''),('',''),('',''),('',''),('',''),('',''),('',''),('',''),('',''),('',''),('',''),('',''),('',''),('',''),('',''),('',''),('',''),('',''),('',''),('',''),('',''),('',''),('',''),('',''),('',''),('',''),('',''),('',''),('',''),('',''),('',''),('',''),('',''),('',''),('',''),('',''),('',''),('',''),('',''),('',''),('',''),('',''),('',''),('',''),('',''),('',''),('',''),('',''),('',''),('',''),('',''),('',''),('',''),('',''),('',''),('',''),('',''),('',''),('',''),('',''),('',''),('',''),('',''),('',''),('',''),('',''),('',''),('',''),('',''),('',''),('',''),('',''),('',''),('',''),('',''),('',''),('',''),('',''),('',''),('',''),('',''),('',''),('',''),('',''),('',''),('',''),('',''),('',''),('',''),('',''),('',''),('',''),('',''),('',''),('',''),('',''),('',''),('',''),('',''),('',''),('',''),('',''),('',''),('',''),('',''),('',''),('',''),('',''),('',''),('',''),('',''),('',''),('',''),('',''),('',''),('',''),('',''),('',''),('',''),('',''),('',''),('',''),('',''),('',''),('',''),('',''),('',''),('',''),('',''),('',''),('',''),('',''),('',''),('',''),('',''),('',''),('',''),('',''),('',''),('',''),('',''),('',''),('',''),('',''),('',''),('',''),('',''),('',''),('',''),('',''),('',''),('',''),('',''),('',''),('',''),('',''),('',''),('',''),('',''),('',''),('',''),('',''),('',''),('',''),('',''),('',''),('',''),('',''),('',''),('',''),('',''),('',''),('',''),('',''),('',''),('',''),('',''),('',''),('',''),('',''),('',''),('',''),('',''),('',''),('',''),('',''),('',''),('',''),('',''),('',''),('',''),('',''),('',''),('',''),('',''),('',''),('',''),('',''),('',''),('',''),('',''),('',''),('',''),('',''),('',''),('',''),('',''),('',''),('',''),('',''),('',''),('',''),('',''),('',''),('',''),('',''),('',''),('',''),('',''),('',''),('',''),('',''),('',''),('',''),('',''),('',''),('',''),('',''),('',''),('',''),('',''),('',''),('',''),('',''),('',''),('',''),('',''),('',''),('',''),('',''),('',''),('',''),('',''),('',''),('',''),('',''),('',''),('',''),('',''),('',''),('',''),('',''),('',''),('',''),('',''),('',''),('',''),('',''),('',''),('',''),('',''),('',''),('',''),('',''),('',''),('',''),('',''),('',''),('',''),('',''),('',''),('',''),('',''),('',''),('',''),('',''),('',''),('',''),('',''),('',''),('',''),('',''),('',''),('',''),('',''),('',''),('',''),('',''),('',''),('',''),('',''),('',''),('',''),('',''),('',''),('',''),('',''),('',''),('',''),('',''),('',''),('',''),('',''),('',''),('',''),('',''),('',''),('',''),('',''),('',''),('',''),('',''),('',''),('',''),('',''),('',''),('',''),('',''),('',''),('',''),('',''),('',''),('',''),('',''),('',''),('',''),('',''),('',''),('',''),('',''),('',''),('',''),('',''),('',''),('',''),('',''),('',''),('',''),('',''),('',''),('',''),('',''),('',''),('',''),('',''),('',''),('',''),('',''),('',''),('',''),('',''),('',''),('',''),('',''),('',''),('',''),('',''),('',''),('',''),('',''),('',''),('',''),('',''),('',''),('',''),('',''),('',''),('',''),('',''),('',''),('',''),('',''),('',''),('',''),('',''),('',''),('',''),('',''),('',''),('',''),('',''),('',''),('',''),('',''),('',''),('',''),('',''),('',''),('',''),('',''),('',''),('',''),('',''),('',''),('',''),('',''),('',''),('',''),('',''),('',''),('','');
/*!40000 ALTER TABLE `location_info` ENABLE KEYS */;
UNLOCK TABLES;

--
-- Table structure for table `member`
--

DROP TABLE IF EXISTS `member`;
/*!40101 SET @saved_cs_client     = @@character_set_client */;
/*!50503 SET character_set_client = utf8mb4 */;
CREATE TABLE `member` (
  `id` int NOT NULL AUTO_INCREMENT,
  `name` varchar(50) NOT NULL,
  `tel` varchar(13) NOT NULL,
  `email` varchar(50) NOT NULL,
  `password` varchar(60) NOT NULL,
  `role` enum('ROLE_USER','ROLE_REGISTRANT','ROLE_ADMIN') NOT NULL DEFAULT 'ROLE_USER',
  PRIMARY KEY (`id`),
  UNIQUE KEY `email_UNIQUE` (`email`)
) ENGINE=InnoDB AUTO_INCREMENT=7 DEFAULT CHARSET=utf8mb4 COLLATE=utf8mb4_0900_ai_ci;
/*!40101 SET character_set_client = @saved_cs_client */;

--
-- Dumping data for table `member`
--

LOCK TABLES `member` WRITE;
/*!40000 ALTER TABLE `member` DISABLE KEYS */;
INSERT INTO `member` VALUES (1,'bi','000-1111-2222','a@a','a','ROLE_REGISTRANT'),(2,'ai','111-222-3333','b@b','b','ROLE_REGISTRANT'),(3,'ci','222-333-444','c@c','c','ROLE_USER'),(4,'di','333-444-5555','d@d','d','ROLE_USER'),(5,'e','eeeeeee','e@e','$2a$10$f69y.XUIPJjr6MpQzhRwduresZNmPCLGSUh8lOe3U5jr9tdAkawhy','ROLE_USER'),(6,'f','fffff','f@f','$2a$10$8lNeOZyaSICxX.qDDxVrvO.1KJ9E37Dn6Y9taRdx3FJF0jxrCWoK.','ROLE_REGISTRANT');
/*!40000 ALTER TABLE `member` ENABLE KEYS */;
UNLOCK TABLES;

--
-- Table structure for table `price`
--

DROP TABLE IF EXISTS `price`;
/*!40101 SET @saved_cs_client     = @@character_set_client */;
/*!50503 SET character_set_client = utf8mb4 */;
CREATE TABLE `price` (
  `room_id` int NOT NULL,
  `price` int NOT NULL,
  `surcharge` int NOT NULL DEFAULT '20',
  PRIMARY KEY (`room_id`),
  CONSTRAINT `price_room_fkey` FOREIGN KEY (`room_id`) REFERENCES `room` (`id`) ON DELETE CASCADE ON UPDATE CASCADE
) ENGINE=InnoDB DEFAULT CHARSET=utf8mb4 COLLATE=utf8mb4_0900_ai_ci;
/*!40101 SET character_set_client = @saved_cs_client */;

--
-- Dumping data for table `price`
--

LOCK TABLES `price` WRITE;
/*!40000 ALTER TABLE `price` DISABLE KEYS */;
INSERT INTO `price` VALUES (2,487000,20),(3,1025000,20),(4,520000,20),(5,1931000,20),(6,1364000,20),(7,1017000,20),(8,741000,20),(9,1193000,20),(10,272000,20),(11,124000,10),(12,1666000,20),(13,888000,20),(14,1218000,20),(15,1008000,20),(16,1579000,20),(17,341000,20),(18,478000,2),(19,848000,20),(20,337000,20),(21,1159000,20),(22,927000,20),(23,257000,20),(24,555000,20),(25,595000,20),(26,1576000,20),(27,1678000,20),(28,1641000,20),(29,1313000,20),(31,914000,20),(32,1318000,20),(33,1840000,20),(34,1683000,20),(35,1634000,20),(36,1185000,20),(37,1852000,20),(38,475000,20),(39,229000,20),(40,1111000,20),(41,1136000,20),(42,1337000,20),(43,923000,20),(44,1470000,20),(60,748000,20),(61,148000,20),(62,1362000,20),(63,1576000,20),(64,1962000,20),(65,928000,20),(66,824000,20),(67,412000,20),(68,484000,20),(69,1988000,20),(70,1912000,20),(71,1024000,20),(72,1028000,20),(74,12334523,12),(75,1,4),(76,1,4),(77,1,41),(78,1,12),(79,150000,20),(83,1666000,20),(85,1840000,20),(88,1913000,20),(90,1573000,20),(93,1968000,20),(94,1570000,20),(96,1977000,20),(97,360000,20),(98,711000,20),(99,1632000,20),(100,300000,20),(102,1544000,20),(103,1250000,20),(104,1101000,20),(105,257000,20),(106,168000,20),(108,1581000,20),(109,1898000,20),(110,1975000,20),(111,302000,20),(114,355000,20),(116,929000,20),(117,378000,20),(120,1095000,20),(121,136000,20),(123,1316000,20),(125,555000,20),(126,1499000,20),(127,931000,20),(130,772000,20),(131,1788000,20),(134,499000,20),(135,1249000,20),(136,712000,20),(138,1111000,20),(139,200000,20),(140,1084000,20),(142,1708000,20),(143,1686000,20),(144,1254000,20),(146,778000,20),(149,848000,20),(152,885000,20),(153,397000,20),(155,1754000,20),(156,396000,20),(157,1837000,20),(162,1538000,20),(163,1139000,20),(165,882000,20),(166,1635000,20),(168,183000,20),(169,347000,20),(170,1310000,20),(173,1030000,20),(179,1760000,20),(180,427000,20),(181,1271000,20),(183,746000,20),(184,163000,20),(185,438000,20),(187,813000,20),(189,1406000,20),(191,1953000,20),(193,945000,20),(194,1177000,20),(197,1261000,20),(200,729000,20),(201,532000,20),(202,142000,20),(203,744000,20),(204,557000,20),(205,359000,20),(207,1628000,20),(208,1123000,20),(209,765000,20),(210,651000,20),(211,412000,20),(212,1645000,20),(213,918000,20),(215,587000,20),(216,1839000,20),(217,442000,20),(218,520000,20),(219,1492000,20),(222,651000,20),(223,1312000,20),(224,1506000,20),(225,1371000,20),(226,818000,20),(229,201000,20),(230,295000,20),(232,1531000,20),(233,1043000,20),(235,255000,20),(236,920000,20),(237,944000,20),(238,894000,20),(239,1218000,20),(240,1880000,20),(241,1852000,20),(243,1050000,20),(245,182000,20),(246,362000,20),(251,1415000,20),(255,368000,20),(257,738000,20),(261,1725000,20),(262,700000,20),(263,1064000,20),(264,1865000,20),(265,827000,20),(266,124000,20),(268,1289000,20),(271,1185000,20),(272,766000,20),(273,1485000,20),(274,1661000,20),(275,1047000,20),(277,601000,20),(281,1986000,20),(283,1498000,20),(284,1142000,20),(286,721000,20),(289,1923000,20),(290,1068000,20),(291,1746000,20),(292,1269000,20),(293,264000,20),(294,1122000,20),(295,657000,20),(296,1283000,20),(297,526000,20),(298,1554000,20),(299,960000,20),(300,1641000,20),(301,1947000,20),(302,602000,20),(305,1589000,20),(307,113000,20),(308,1078000,20),(309,746000,20),(310,430000,20),(312,231000,20),(313,733000,20),(315,1137000,20),(316,475000,20),(318,892000,20),(321,146000,20),(323,1831000,20),(324,1794000,20),(326,938000,20),(327,844000,20),(330,1815000,20),(331,1485000,20),(333,682000,20),(335,1356000,20),(337,663000,20),(338,228000,20),(340,783000,20),(341,838000,20),(342,1519000,20),(343,997000,20),(345,1609000,20),(349,1899000,20),(354,676000,20),(355,391000,20),(356,963000,20),(357,1450000,20),(358,1439000,20),(359,309000,20),(360,1582000,20),(361,1523000,20),(362,442000,20),(363,461000,20),(364,1809000,20),(365,1734000,20),(366,484000,20),(367,557000,20),(368,1186000,20),(370,1146000,20),(372,488000,20),(373,1409000,20),(374,459000,20),(375,293000,20),(377,237000,20),(379,341000,20),(380,1933000,20),(383,121000,20),(384,1169000,20),(385,218000,20),(386,1962000,20),(387,1545000,20),(388,640000,20),(389,303000,20),(391,1903000,20),(392,1145000,20),(393,708000,20),(394,1628000,20),(395,1729000,20),(396,1193000,20),(397,144000,20),(398,1835000,20),(401,1027000,20),(404,1889000,20),(405,285000,20),(406,1272000,20),(408,1425000,20),(409,186000,20),(410,771000,20),(413,907000,20),(415,257000,20),(416,578000,20),(417,719000,20),(419,1867000,20),(420,222000,20),(422,518000,20),(423,758000,20),(424,1676000,20),(425,1905000,20),(426,891000,20),(427,1030000,20),(433,1762000,20),(434,1917000,20),(436,781000,20),(437,1339000,20),(438,1414000,20),(439,257000,20),(440,536000,20),(441,1701000,20),(442,1376000,20),(443,748000,20),(444,899000,20),(445,1813000,20),(447,1094000,20),(449,1043000,20),(450,1906000,20),(451,1643000,20),(452,1676000,20),(453,1453000,20),(456,1906000,20),(457,1158000,20),(458,1160000,20),(460,1912000,20),(462,1874000,20),(463,1368000,20),(464,378000,20),(466,654000,20),(467,512000,20),(468,1337000,20),(469,164000,20),(472,1915000,20),(473,1236000,20),(474,881000,20),(475,1624000,20),(476,1848000,20),(478,236000,20),(479,1079000,20),(481,1724000,20),(483,793000,20),(484,1213000,20),(485,1005000,20),(486,1772000,20),(487,346000,20),(489,1017000,20),(490,309000,20),(491,1904000,20),(493,272000,20),(494,1889000,20),(495,486000,20),(496,1571000,20),(497,229000,20),(498,1464000,20),(500,930000,20),(502,716000,20),(503,1089000,20),(504,1124000,20),(506,961000,20),(507,120000,20),(510,1974000,20),(511,923000,20),(512,1245000,20),(514,1243000,20),(515,516000,20),(516,1478000,20),(519,1731000,20),(521,1218000,20),(522,1560000,20),(523,483000,20),(524,207000,20),(525,1191000,20),(527,1975000,20),(530,1684000,20),(531,438000,20),(532,122000,20),(533,1884000,20),(535,676000,20),(537,1516000,20),(539,928000,20),(543,132000,20),(544,164000,20),(546,837000,20),(547,1055000,20),(548,1025000,20),(549,482000,20),(552,1634000,20),(553,1613000,20),(555,326000,20),(557,192000,20),(558,382000,20),(562,1036000,20),(564,1416000,20),(567,140000,20),(569,100000,20),(570,349000,20),(571,1024000,20),(572,1152000,20),(573,237000,20),(576,1490000,20),(578,1313000,20),(579,411000,20),(580,824000,20),(581,1364000,20),(582,700000,20),(583,954000,20),(584,1367000,20),(585,202000,20),(586,1915000,20),(587,473000,20),(588,459000,20),(590,393000,20),(591,1117000,20),(592,1341000,20),(594,1976000,20),(595,309000,20),(597,754000,20),(598,210000,20),(606,1497000,20),(607,1592000,20),(609,900000,20),(611,762000,20),(612,520000,20),(613,1043000,20),(615,1508000,20),(616,1690000,20),(617,1941000,20),(618,702000,20),(621,1542000,20),(622,771000,20),(623,1033000,20),(624,919000,20),(625,282000,20),(627,1377000,20),(628,928000,20),(631,696000,20),(633,928000,20),(634,1532000,20),(635,1708000,20),(636,1852000,20),(638,412000,20),(639,704000,20),(640,490000,20),(641,380000,20),(644,123000,20),(645,1426000,20),(646,1991000,20),(647,725000,20),(649,689000,20),(650,1390000,20),(651,1313000,20),(654,1504000,20),(655,1357000,20),(656,1956000,20),(657,140000,20),(658,1151000,20),(660,858000,20),(663,441000,20),(666,1093000,20),(667,992000,20),(668,1677000,20),(669,1909000,20),(671,998000,20),(672,1844000,20),(675,186000,20),(678,105000,20),(679,1362000,20),(681,1192000,20),(682,1924000,20),(683,657000,20),(684,1294000,20),(685,471000,20),(686,653000,20),(687,285000,20),(689,239000,20),(691,1348000,20),(692,595000,20),(693,422000,20),(694,1286000,20),(695,443000,20),(696,1815000,20),(697,1516000,20),(698,1017000,20),(700,1002000,20),(701,1599000,20),(702,994000,20),(703,198000,20),(706,508000,20),(709,927000,20),(710,1953000,20),(711,1604000,20),(712,1977000,20),(713,1983000,20),(714,1330000,20),(716,1369000,20),(718,251000,20),(719,953000,20),(720,914000,20),(721,1776000,20),(722,1470000,20),(723,923000,20),(724,451000,20),(725,1640000,20),(727,378000,20),(729,626000,20),(734,684000,20),(735,756000,20),(736,789000,20),(741,1380000,20),(742,392000,20),(743,114000,20),(748,333000,20),(751,1698000,20),(752,648000,20),(753,1698000,20),(756,404000,20),(757,2000000,20),(759,168000,20),(762,1258000,20),(764,228000,20),(765,771000,20),(766,634000,20),(767,715000,20),(768,1973000,20),(769,1922000,20),(770,1518000,20),(772,605000,20),(773,444000,20),(776,704000,20),(777,1634000,20),(779,1202000,20),(782,1317000,20),(785,1037000,20),(786,1859000,20),(787,784000,20),(788,1215000,20),(789,1676000,20),(790,1477000,20),(792,314000,20),(793,1703000,20),(794,267000,20),(795,737000,20),(796,1116000,20),(797,875000,20),(798,1205000,20),(799,1475000,20),(802,223000,20),(803,1319000,20),(804,1358000,20),(805,1166000,20),(806,1178000,20),(807,1259000,20),(808,866000,20),(809,1017000,20),(810,1626000,20),(811,495000,20),(812,1183000,20),(813,949000,20),(814,1516000,20),(815,1728000,20),(816,1174000,20),(817,1557000,20),(818,1092000,20),(819,478000,20),(820,551000,20),(823,259000,20),(824,1537000,20),(825,1269000,20),(827,1854000,20),(828,398000,20),(829,560000,20),(832,184000,20),(833,1579000,20),(835,1884000,20),(836,734000,20),(838,338000,20),(839,935000,20),(840,863000,20),(842,1762000,20),(843,458000,20),(845,1188000,20),(848,941000,20),(850,888000,20),(858,738000,20),(859,1535000,20),(861,1797000,20),(863,1988000,20),(864,1956000,20),(865,1851000,20),(868,165000,20),(870,473000,20),(871,779000,20),(872,1442000,20),(874,1138000,20),(878,1778000,20),(880,215000,20),(881,1073000,20),(883,730000,20),(884,908000,20),(885,1894000,20),(886,1122000,20),(888,1989000,20),(889,1978000,20),(890,417000,20),(891,733000,20),(893,1959000,20),(897,143000,20),(898,662000,20),(899,1122000,20),(901,1329000,20),(903,1260000,20),(904,1679000,20),(906,131000,20),(907,1721000,20),(909,1159000,20),(911,1931000,20),(912,320000,20),(913,930000,20),(914,1325000,20),(916,503000,20),(917,1383000,20),(918,1735000,20),(919,1684000,20),(920,153000,20),(922,1535000,20),(924,877000,20),(929,230000,20),(931,1351000,20),(933,1703000,20),(934,821000,20),(935,618000,20),(936,1995000,20),(937,1124000,20),(940,1540000,20),(941,1008000,20),(942,1570000,20),(943,553000,20),(944,322000,20),(946,1883000,20),(949,1713000,20),(950,904000,20),(953,556000,20),(954,1695000,20),(955,1683000,20),(957,173000,20),(958,798000,20),(959,1348000,20),(960,145000,20),(961,430000,20),(962,1987000,20),(963,1991000,20),(965,1297000,20),(967,641000,20),(969,417000,20),(971,1426000,20),(972,980000,20),(973,1149000,20),(977,932000,20),(978,1908000,20),(980,220000,20),(981,1576000,20),(984,1898000,20),(985,1107000,20),(986,395000,20),(987,417000,20),(990,1621000,20),(991,174000,20),(994,1897000,20),(995,1992000,20),(997,852000,20),(999,642000,20),(1071,11,1);
/*!40000 ALTER TABLE `price` ENABLE KEYS */;
UNLOCK TABLES;

--
-- Table structure for table `reservation`
--

DROP TABLE IF EXISTS `reservation`;
/*!40101 SET @saved_cs_client     = @@character_set_client */;
/*!50503 SET character_set_client = utf8mb4 */;
CREATE TABLE `reservation` (
  `id` int NOT NULL AUTO_INCREMENT,
  `check_in` datetime NOT NULL,
  `check_out` datetime NOT NULL,
  `confirmed` tinyint NOT NULL DEFAULT '0',
  `status` tinyint NOT NULL DEFAULT '0',
  `room_id` int NOT NULL,
  `member_id` int NOT NULL,
  PRIMARY KEY (`id`),
  KEY `reservation_member_fkey_idx` (`member_id`),
  KEY `reservation_room_fkey_idx` (`room_id`),
  CONSTRAINT `reservation_member_fkey` FOREIGN KEY (`member_id`) REFERENCES `member` (`id`) ON DELETE CASCADE ON UPDATE CASCADE,
  CONSTRAINT `reservation_room_fkey` FOREIGN KEY (`room_id`) REFERENCES `room` (`id`) ON DELETE CASCADE ON UPDATE CASCADE
) ENGINE=InnoDB AUTO_INCREMENT=478 DEFAULT CHARSET=utf8mb4 COLLATE=utf8mb4_0900_ai_ci;
/*!40101 SET character_set_client = @saved_cs_client */;

--
-- Dumping data for table `reservation`
--

LOCK TABLES `reservation` WRITE;
/*!40000 ALTER TABLE `reservation` DISABLE KEYS */;
INSERT INTO `reservation` VALUES (2,'2024-08-02 00:00:00','2024-08-04 00:00:00',0,0,33,4),(5,'2024-08-13 00:00:00','2024-08-15 00:00:00',0,0,63,3),(6,'2024-08-19 00:00:00','2024-08-21 00:00:00',0,0,4,4),(7,'2024-08-06 00:00:00','2024-08-08 00:00:00',0,0,7,4),(8,'2024-08-19 00:00:00','2024-08-21 00:00:00',0,0,24,4),(9,'2024-08-02 00:00:00','2024-08-04 00:00:00',0,0,6,3),(10,'2024-08-08 00:00:00','2024-08-10 00:00:00',0,0,12,3),(11,'2024-08-11 00:00:00','2024-08-13 00:00:00',0,0,11,3),(12,'2024-08-31 00:00:00','2024-09-02 00:00:00',0,0,15,4),(13,'2024-08-05 00:00:00','2024-08-07 00:00:00',0,0,22,3),(14,'2024-08-04 00:00:00','2024-08-06 00:00:00',0,0,71,3),(15,'2024-08-27 00:00:00','2024-08-29 00:00:00',0,0,20,4),(17,'2024-08-29 00:00:00','2024-08-31 00:00:00',0,0,61,3),(18,'2024-08-08 00:00:00','2024-08-10 00:00:00',0,0,42,4),(19,'2024-08-30 00:00:00','2024-09-01 00:00:00',0,0,64,4),(20,'2024-08-02 00:00:00','2024-08-04 00:00:00',0,0,24,3),(22,'2024-08-09 00:00:00','2024-08-11 00:00:00',0,0,5,4),(23,'2024-08-02 00:00:00','2024-08-04 00:00:00',0,0,25,3),(24,'2024-08-11 00:00:00','2024-08-13 00:00:00',0,0,25,3),(25,'2024-08-28 00:00:00','2024-08-30 00:00:00',0,0,3,3),(26,'2024-08-13 00:00:00','2024-08-15 00:00:00',0,0,39,3),(28,'2024-08-06 00:00:00','2024-08-08 00:00:00',0,0,3,3),(30,'2024-08-02 00:00:00','2024-08-04 00:00:00',0,0,5,3),(31,'2024-08-08 00:00:00','2024-08-10 00:00:00',0,0,31,4),(32,'2024-08-11 00:00:00','2024-08-13 00:00:00',0,0,63,3),(33,'2024-08-31 00:00:00','2024-09-02 00:00:00',0,0,38,4),(34,'2024-08-05 00:00:00','2024-08-07 00:00:00',0,0,12,3),(35,'2024-08-04 00:00:00','2024-08-06 00:00:00',0,0,14,4),(37,'2024-08-01 00:00:00','2024-08-03 00:00:00',0,0,39,3),(38,'2024-08-29 00:00:00','2024-08-31 00:00:00',0,0,13,4),(39,'2024-08-08 00:00:00','2024-08-10 00:00:00',0,0,40,4),(40,'2024-08-30 00:00:00','2024-09-01 00:00:00',0,0,60,3),(41,'2024-08-02 00:00:00','2024-08-04 00:00:00',0,0,16,3),(42,'2024-08-26 00:00:00','2024-08-28 00:00:00',0,0,33,4),(43,'2024-08-27 00:00:00','2024-08-29 00:00:00',0,0,15,4),(45,'2024-08-29 00:00:00','2024-08-31 00:00:00',0,0,15,3),(46,'2024-08-30 00:00:00','2024-09-01 00:00:00',0,0,20,3),(47,'2024-08-31 00:00:00','2024-09-02 00:00:00',0,0,15,4),(48,'2024-09-01 00:00:00','2024-09-03 00:00:00',0,0,28,4),(49,'2024-09-02 00:00:00','2024-09-04 00:00:00',0,0,13,4),(51,'2024-09-04 00:00:00','2024-09-06 00:00:00',0,0,15,4),(53,'2024-09-06 00:00:00','2024-09-08 00:00:00',0,0,42,3),(55,'2024-09-08 00:00:00','2024-09-10 00:00:00',0,0,20,3),(59,'2024-09-12 00:00:00','2024-09-14 00:00:00',0,0,21,3),(60,'2024-09-13 00:00:00','2024-09-15 00:00:00',0,0,44,3),(61,'2024-09-14 00:00:00','2024-09-16 00:00:00',0,0,29,4),(62,'2024-09-15 00:00:00','2024-09-17 00:00:00',0,0,23,3),(63,'2024-09-16 00:00:00','2024-09-18 00:00:00',0,0,34,3),(65,'2024-09-18 00:00:00','2024-09-20 00:00:00',0,0,10,4),(67,'2024-09-20 00:00:00','2024-09-22 00:00:00',0,0,68,4),(68,'2024-09-21 00:00:00','2024-09-23 00:00:00',0,0,71,4),(69,'2024-09-22 00:00:00','2024-09-24 00:00:00',0,0,61,3),(70,'2024-09-23 00:00:00','2024-09-25 00:00:00',0,0,10,4),(71,'2024-09-24 00:00:00','2024-09-26 00:00:00',0,0,71,3),(72,'2024-09-25 00:00:00','2024-09-27 00:00:00',0,0,60,3),(74,'2024-09-27 00:00:00','2024-09-29 00:00:00',0,0,65,3),(75,'2024-09-28 00:00:00','2024-09-30 00:00:00',0,0,67,3),(76,'2024-09-29 00:00:00','2024-10-01 00:00:00',0,0,24,4),(78,'2024-10-01 00:00:00','2024-10-03 00:00:00',0,0,60,3),(80,'2024-10-03 00:00:00','2024-10-05 00:00:00',0,0,20,3),(81,'2024-10-04 00:00:00','2024-10-06 00:00:00',0,0,67,3),(82,'2024-10-05 00:00:00','2024-10-07 00:00:00',0,0,44,3),(83,'2024-10-06 00:00:00','2024-10-08 00:00:00',0,0,29,3),(84,'2024-10-07 00:00:00','2024-10-09 00:00:00',0,0,41,4),(85,'2024-10-08 00:00:00','2024-10-10 00:00:00',0,0,13,3),(86,'2024-10-09 00:00:00','2024-10-11 00:00:00',0,0,43,4),(87,'2024-10-10 00:00:00','2024-10-12 00:00:00',0,0,29,4),(88,'2024-10-11 00:00:00','2024-10-13 00:00:00',0,0,69,4),(89,'2024-10-12 00:00:00','2024-10-14 00:00:00',0,0,24,4),(90,'2024-10-13 00:00:00','2024-10-15 00:00:00',0,0,37,4),(91,'2024-10-14 00:00:00','2024-10-16 00:00:00',0,0,14,3),(93,'2024-10-16 00:00:00','2024-10-18 00:00:00',0,0,20,4),(94,'2024-10-17 00:00:00','2024-10-19 00:00:00',0,0,28,4),(95,'2024-10-18 00:00:00','2024-10-20 00:00:00',0,0,36,3),(96,'2024-10-19 00:00:00','2024-10-21 00:00:00',0,0,72,3),(98,'2024-10-21 00:00:00','2024-10-23 00:00:00',0,0,33,4),(99,'2024-10-22 00:00:00','2024-10-24 00:00:00',0,0,16,3),(101,'2024-10-24 00:00:00','2024-10-26 00:00:00',0,0,29,4),(103,'2024-10-26 00:00:00','2024-10-28 00:00:00',0,0,14,4),(104,'2024-10-27 00:00:00','2024-10-29 00:00:00',0,0,28,4),(105,'2024-10-28 00:00:00','2024-10-30 00:00:00',0,0,11,4),(106,'2024-10-29 00:00:00','2024-10-31 00:00:00',0,0,43,3),(107,'2024-10-30 00:00:00','2024-11-01 00:00:00',0,0,4,4),(109,'2024-11-01 00:00:00','2024-11-03 00:00:00',0,0,39,3),(110,'2024-11-02 00:00:00','2024-11-04 00:00:00',0,0,64,3),(111,'2024-11-03 00:00:00','2024-11-05 00:00:00',0,0,61,4),(113,'2024-11-05 00:00:00','2024-11-07 00:00:00',0,0,64,3),(114,'2024-11-06 00:00:00','2024-11-08 00:00:00',0,0,19,3),(115,'2024-11-07 00:00:00','2024-11-09 00:00:00',0,0,31,3),(116,'2024-11-08 00:00:00','2024-11-10 00:00:00',0,0,16,4),(117,'2024-11-09 00:00:00','2024-11-11 00:00:00',0,0,7,3),(118,'2024-11-10 00:00:00','2024-11-12 00:00:00',0,0,2,3),(119,'2024-11-11 00:00:00','2024-11-13 00:00:00',0,0,20,4),(121,'2024-11-13 00:00:00','2024-11-15 00:00:00',0,0,3,4),(122,'2024-11-14 00:00:00','2024-11-16 00:00:00',0,0,21,3),(123,'2024-11-15 00:00:00','2024-11-17 00:00:00',0,0,12,3),(124,'2024-11-16 00:00:00','2024-11-18 00:00:00',0,0,7,3),(125,'2024-11-17 00:00:00','2024-11-19 00:00:00',0,0,62,3),(127,'2024-11-19 00:00:00','2024-11-21 00:00:00',0,0,67,3),(130,'2024-11-22 00:00:00','2024-11-24 00:00:00',0,0,7,4),(131,'2024-11-23 00:00:00','2024-11-25 00:00:00',0,0,67,4),(132,'2024-11-24 00:00:00','2024-11-26 00:00:00',0,0,24,3),(133,'2024-11-25 00:00:00','2024-11-27 00:00:00',0,0,6,4),(135,'2024-11-27 00:00:00','2024-11-29 00:00:00',0,0,31,4),(136,'2024-11-28 00:00:00','2024-11-30 00:00:00',0,0,15,3),(137,'2024-11-29 00:00:00','2024-12-01 00:00:00',0,0,22,4),(138,'2024-11-30 00:00:00','2024-12-02 00:00:00',0,0,22,4),(139,'2024-12-01 00:00:00','2024-12-03 00:00:00',0,0,28,3),(141,'2024-12-03 00:00:00','2024-12-05 00:00:00',0,0,43,4),(143,'2024-12-05 00:00:00','2024-12-07 00:00:00',0,0,10,3),(144,'2024-12-06 00:00:00','2024-12-08 00:00:00',0,0,23,3),(147,'2024-12-09 00:00:00','2024-12-11 00:00:00',0,0,16,4),(148,'2024-12-10 00:00:00','2024-12-12 00:00:00',0,0,38,3),(149,'2024-12-11 00:00:00','2024-12-13 00:00:00',0,0,13,3),(151,'2024-12-13 00:00:00','2024-12-15 00:00:00',0,0,61,3),(152,'2024-12-14 00:00:00','2024-12-16 00:00:00',0,0,40,4),(153,'2024-12-15 00:00:00','2024-12-17 00:00:00',0,0,25,3),(154,'2024-12-16 00:00:00','2024-12-18 00:00:00',0,0,7,3),(155,'2024-12-17 00:00:00','2024-12-19 00:00:00',0,0,33,4),(157,'2024-12-19 00:00:00','2024-12-21 00:00:00',0,0,63,3),(160,'2024-12-22 00:00:00','2024-12-24 00:00:00',0,0,21,4),(161,'2024-12-23 00:00:00','2024-12-25 00:00:00',0,0,34,3),(163,'2024-12-25 00:00:00','2024-12-27 00:00:00',0,0,65,3),(166,'2024-12-28 00:00:00','2024-12-30 00:00:00',0,0,4,3),(168,'2024-12-30 00:00:00','2025-01-01 00:00:00',0,0,25,3),(169,'2024-12-31 00:00:00','2025-01-02 00:00:00',0,0,23,3),(170,'2025-01-01 00:00:00','2025-01-03 00:00:00',0,0,65,3),(171,'2025-01-02 00:00:00','2025-01-04 00:00:00',0,0,43,4),(172,'2025-01-03 00:00:00','2025-01-05 00:00:00',0,0,64,4),(173,'2025-01-04 00:00:00','2025-01-06 00:00:00',0,0,15,4),(175,'2025-01-06 00:00:00','2025-01-08 00:00:00',0,0,71,3),(177,'2025-01-08 00:00:00','2025-01-10 00:00:00',0,0,20,4),(178,'2025-01-09 00:00:00','2025-01-11 00:00:00',0,0,72,3),(179,'2025-01-10 00:00:00','2025-01-12 00:00:00',0,0,33,4),(181,'2025-01-12 00:00:00','2025-01-14 00:00:00',0,0,19,4),(182,'2025-01-13 00:00:00','2025-01-15 00:00:00',0,0,35,3),(183,'2025-01-14 00:00:00','2025-01-16 00:00:00',0,0,23,4),(184,'2025-01-15 00:00:00','2025-01-17 00:00:00',0,0,2,4),(186,'2025-01-17 00:00:00','2025-01-19 00:00:00',0,0,71,3),(188,'2025-01-19 00:00:00','2025-01-21 00:00:00',0,0,22,4),(189,'2025-01-20 00:00:00','2025-01-22 00:00:00',0,0,6,3),(190,'2025-01-21 00:00:00','2025-01-23 00:00:00',0,0,5,3),(192,'2025-01-23 00:00:00','2025-01-25 00:00:00',0,0,24,3),(196,'2025-01-27 00:00:00','2025-01-29 00:00:00',0,0,34,3),(197,'2025-01-28 00:00:00','2025-01-30 00:00:00',0,0,13,4),(200,'2025-01-31 00:00:00','2025-02-02 00:00:00',0,0,2,4),(201,'2025-02-01 00:00:00','2025-02-03 00:00:00',0,0,61,4),(203,'2025-02-03 00:00:00','2025-02-05 00:00:00',0,0,7,3),(204,'2025-02-04 00:00:00','2025-02-06 00:00:00',0,0,14,3),(205,'2025-02-05 00:00:00','2025-02-07 00:00:00',0,0,44,3),(206,'2025-02-06 00:00:00','2025-02-08 00:00:00',0,0,24,4),(207,'2025-02-07 00:00:00','2025-02-09 00:00:00',0,0,16,4),(208,'2025-02-08 00:00:00','2025-02-10 00:00:00',0,0,60,4),(209,'2025-02-09 00:00:00','2025-02-11 00:00:00',0,0,36,4),(210,'2025-02-10 00:00:00','2025-02-12 00:00:00',0,0,14,3),(212,'2025-02-12 00:00:00','2025-02-14 00:00:00',0,0,28,4),(213,'2025-02-13 00:00:00','2025-02-15 00:00:00',0,0,19,4),(215,'2025-02-15 00:00:00','2025-02-17 00:00:00',0,0,13,3),(216,'2025-02-16 00:00:00','2025-02-18 00:00:00',0,0,65,3),(217,'2025-02-17 00:00:00','2025-02-19 00:00:00',0,0,66,3),(218,'2025-02-18 00:00:00','2025-02-20 00:00:00',0,0,34,4),(219,'2025-02-19 00:00:00','2025-02-21 00:00:00',0,0,67,4),(220,'2025-02-20 00:00:00','2025-02-22 00:00:00',0,0,12,4),(221,'2025-02-21 00:00:00','2025-02-23 00:00:00',0,0,15,3),(222,'2025-02-22 00:00:00','2025-02-24 00:00:00',0,0,64,4),(224,'2025-02-24 00:00:00','2025-02-26 00:00:00',0,0,14,3),(225,'2025-02-25 00:00:00','2025-02-27 00:00:00',0,0,31,4),(226,'2025-02-26 00:00:00','2025-02-28 00:00:00',0,0,3,4),(228,'2025-02-28 00:00:00','2025-03-02 00:00:00',0,0,38,4),(230,'2025-03-02 00:00:00','2025-03-04 00:00:00',0,0,71,3),(232,'2025-03-04 00:00:00','2025-03-06 00:00:00',0,0,40,4),(234,'2025-03-06 00:00:00','2025-03-08 00:00:00',0,0,21,3),(235,'2025-03-07 00:00:00','2025-03-09 00:00:00',0,0,5,4),(236,'2025-03-08 00:00:00','2025-03-10 00:00:00',0,0,64,4),(238,'2025-03-10 00:00:00','2025-03-12 00:00:00',0,0,13,3),(239,'2025-03-11 00:00:00','2025-03-13 00:00:00',0,0,63,4),(241,'2025-03-13 00:00:00','2025-03-15 00:00:00',0,0,37,3),(242,'2025-03-14 00:00:00','2025-03-16 00:00:00',0,0,25,3),(243,'2025-03-15 00:00:00','2025-03-17 00:00:00',0,0,5,3),(244,'2025-03-16 00:00:00','2025-03-18 00:00:00',0,0,10,4),(245,'2025-03-17 00:00:00','2025-03-19 00:00:00',0,0,6,4),(246,'2025-03-18 00:00:00','2025-03-20 00:00:00',0,0,62,3),(247,'2025-03-19 00:00:00','2025-03-21 00:00:00',0,0,14,4),(248,'2025-03-20 00:00:00','2025-03-22 00:00:00',0,0,13,3),(249,'2025-03-21 00:00:00','2025-03-23 00:00:00',0,0,39,4),(250,'2024-08-09 00:00:00','2024-08-11 00:00:00',0,0,5,4),(251,'2024-08-02 00:00:00','2024-08-04 00:00:00',0,0,25,3),(252,'2024-08-11 00:00:00','2024-08-13 00:00:00',0,0,25,3),(253,'2024-08-28 00:00:00','2024-08-30 00:00:00',0,0,3,3),(254,'2024-08-13 00:00:00','2024-08-15 00:00:00',0,0,39,3),(256,'2024-08-06 00:00:00','2024-08-08 00:00:00',0,0,3,3),(258,'2024-08-02 00:00:00','2024-08-04 00:00:00',0,0,5,3),(259,'2024-08-08 00:00:00','2024-08-10 00:00:00',0,0,31,4),(260,'2024-08-11 00:00:00','2024-08-13 00:00:00',0,0,63,3),(261,'2024-08-31 00:00:00','2024-09-02 00:00:00',0,0,38,4),(262,'2024-08-05 00:00:00','2024-08-07 00:00:00',0,0,12,3),(263,'2024-08-04 00:00:00','2024-08-06 00:00:00',0,0,14,4),(265,'2024-08-01 00:00:00','2024-08-03 00:00:00',0,0,39,3),(266,'2024-08-29 00:00:00','2024-08-31 00:00:00',0,0,13,4),(267,'2024-08-08 00:00:00','2024-08-10 00:00:00',0,0,40,4),(268,'2024-08-30 00:00:00','2024-09-01 00:00:00',0,0,60,3),(269,'2024-08-02 00:00:00','2024-08-04 00:00:00',0,0,16,3),(270,'2024-08-26 00:00:00','2024-08-28 00:00:00',0,0,33,4),(271,'2024-08-27 00:00:00','2024-08-29 00:00:00',0,0,15,4),(273,'2024-08-29 00:00:00','2024-08-31 00:00:00',0,0,15,3),(274,'2024-08-30 00:00:00','2024-09-01 00:00:00',0,0,20,3),(275,'2024-08-31 00:00:00','2024-09-02 00:00:00',0,0,15,4),(276,'2024-09-01 00:00:00','2024-09-03 00:00:00',0,0,28,4),(277,'2024-09-02 00:00:00','2024-09-04 00:00:00',0,0,13,4),(279,'2024-09-04 00:00:00','2024-09-06 00:00:00',0,0,15,4),(281,'2024-09-06 00:00:00','2024-09-08 00:00:00',0,0,42,3),(283,'2024-09-08 00:00:00','2024-09-10 00:00:00',0,0,20,3),(287,'2024-09-12 00:00:00','2024-09-14 00:00:00',0,0,21,3),(288,'2024-09-13 00:00:00','2024-09-15 00:00:00',0,0,44,3),(289,'2024-09-14 00:00:00','2024-09-16 00:00:00',0,0,29,4),(290,'2024-09-15 00:00:00','2024-09-17 00:00:00',0,0,23,3),(291,'2024-09-16 00:00:00','2024-09-18 00:00:00',0,0,34,3),(293,'2024-09-18 00:00:00','2024-09-20 00:00:00',0,0,10,4),(295,'2024-09-20 00:00:00','2024-09-22 00:00:00',0,0,68,4),(296,'2024-09-21 00:00:00','2024-09-23 00:00:00',0,0,71,4),(297,'2024-09-22 00:00:00','2024-09-24 00:00:00',0,0,61,3),(298,'2024-09-23 00:00:00','2024-09-25 00:00:00',0,0,10,4),(299,'2024-09-24 00:00:00','2024-09-26 00:00:00',0,0,71,3),(300,'2024-09-25 00:00:00','2024-09-27 00:00:00',0,0,60,3),(302,'2024-09-27 00:00:00','2024-09-29 00:00:00',0,0,65,3),(303,'2024-09-28 00:00:00','2024-09-30 00:00:00',0,0,67,3),(304,'2024-09-29 00:00:00','2024-10-01 00:00:00',0,0,24,4),(306,'2024-10-01 00:00:00','2024-10-03 00:00:00',0,0,60,3),(308,'2024-10-03 00:00:00','2024-10-05 00:00:00',0,0,20,3),(309,'2024-10-04 00:00:00','2024-10-06 00:00:00',0,0,67,3),(310,'2024-10-05 00:00:00','2024-10-07 00:00:00',0,0,44,3),(311,'2024-10-06 00:00:00','2024-10-08 00:00:00',0,0,29,3),(312,'2024-10-07 00:00:00','2024-10-09 00:00:00',0,0,41,4),(313,'2024-10-08 00:00:00','2024-10-10 00:00:00',0,0,13,3),(314,'2024-10-09 00:00:00','2024-10-11 00:00:00',0,0,43,4),(315,'2024-10-10 00:00:00','2024-10-12 00:00:00',0,0,29,4),(316,'2024-10-11 00:00:00','2024-10-13 00:00:00',0,0,69,4),(317,'2024-10-12 00:00:00','2024-10-14 00:00:00',0,0,24,4),(318,'2024-10-13 00:00:00','2024-10-15 00:00:00',0,0,37,4),(319,'2024-10-14 00:00:00','2024-10-16 00:00:00',0,0,14,3),(321,'2024-10-16 00:00:00','2024-10-18 00:00:00',0,0,20,4),(322,'2024-10-17 00:00:00','2024-10-19 00:00:00',0,0,28,4),(323,'2024-10-18 00:00:00','2024-10-20 00:00:00',0,0,36,3),(324,'2024-10-19 00:00:00','2024-10-21 00:00:00',0,0,72,3),(326,'2024-10-21 00:00:00','2024-10-23 00:00:00',0,0,33,4),(327,'2024-10-22 00:00:00','2024-10-24 00:00:00',0,0,16,3),(329,'2024-10-24 00:00:00','2024-10-26 00:00:00',0,0,29,4),(331,'2024-10-26 00:00:00','2024-10-28 00:00:00',0,0,14,4),(332,'2024-10-27 00:00:00','2024-10-29 00:00:00',0,0,28,4),(333,'2024-10-28 00:00:00','2024-10-30 00:00:00',0,0,11,4),(334,'2024-10-29 00:00:00','2024-10-31 00:00:00',0,0,43,3),(335,'2024-10-30 00:00:00','2024-11-01 00:00:00',0,0,4,4),(337,'2024-11-01 00:00:00','2024-11-03 00:00:00',0,0,39,3),(338,'2024-11-02 00:00:00','2024-11-04 00:00:00',0,0,64,3),(339,'2024-11-03 00:00:00','2024-11-05 00:00:00',0,0,61,4),(341,'2024-11-05 00:00:00','2024-11-07 00:00:00',0,0,64,3),(342,'2024-11-06 00:00:00','2024-11-08 00:00:00',0,0,19,3),(343,'2024-11-07 00:00:00','2024-11-09 00:00:00',0,0,31,3),(344,'2024-11-08 00:00:00','2024-11-10 00:00:00',0,0,16,4),(345,'2024-11-09 00:00:00','2024-11-11 00:00:00',0,0,7,3),(346,'2024-11-10 00:00:00','2024-11-12 00:00:00',0,0,2,3),(347,'2024-11-11 00:00:00','2024-11-13 00:00:00',0,0,20,4),(349,'2024-11-13 00:00:00','2024-11-15 00:00:00',0,0,3,4),(350,'2024-11-14 00:00:00','2024-11-16 00:00:00',0,0,21,3),(351,'2024-11-15 00:00:00','2024-11-17 00:00:00',0,0,12,3),(352,'2024-11-16 00:00:00','2024-11-18 00:00:00',0,0,7,3),(353,'2024-11-17 00:00:00','2024-11-19 00:00:00',0,0,62,3),(355,'2024-11-19 00:00:00','2024-11-21 00:00:00',0,0,67,3),(358,'2024-11-22 00:00:00','2024-11-24 00:00:00',0,0,7,4),(359,'2024-11-23 00:00:00','2024-11-25 00:00:00',0,0,67,4),(360,'2024-11-24 00:00:00','2024-11-26 00:00:00',0,0,24,3),(361,'2024-11-25 00:00:00','2024-11-27 00:00:00',0,0,6,4),(363,'2024-11-27 00:00:00','2024-11-29 00:00:00',0,0,31,4),(364,'2024-11-28 00:00:00','2024-11-30 00:00:00',0,0,15,3),(365,'2024-11-29 00:00:00','2024-12-01 00:00:00',0,0,22,4),(366,'2024-11-30 00:00:00','2024-12-02 00:00:00',0,0,22,4),(367,'2024-12-01 00:00:00','2024-12-03 00:00:00',0,0,28,3),(369,'2024-12-03 00:00:00','2024-12-05 00:00:00',0,0,43,4),(371,'2024-12-05 00:00:00','2024-12-07 00:00:00',0,0,10,3),(372,'2024-12-06 00:00:00','2024-12-08 00:00:00',0,0,23,3),(375,'2024-12-09 00:00:00','2024-12-11 00:00:00',0,0,16,4),(376,'2024-12-10 00:00:00','2024-12-12 00:00:00',0,0,38,3),(377,'2024-12-11 00:00:00','2024-12-13 00:00:00',0,0,13,3),(379,'2024-12-13 00:00:00','2024-12-15 00:00:00',0,0,61,3),(380,'2024-12-14 00:00:00','2024-12-16 00:00:00',0,0,40,4),(381,'2024-12-15 00:00:00','2024-12-17 00:00:00',0,0,25,3),(382,'2024-12-16 00:00:00','2024-12-18 00:00:00',0,0,7,3),(383,'2024-12-17 00:00:00','2024-12-19 00:00:00',0,0,33,4),(385,'2024-12-19 00:00:00','2024-12-21 00:00:00',0,0,63,3),(388,'2024-12-22 00:00:00','2024-12-24 00:00:00',0,0,21,4),(389,'2024-12-23 00:00:00','2024-12-25 00:00:00',0,0,34,3),(391,'2024-12-25 00:00:00','2024-12-27 00:00:00',0,0,65,3),(394,'2024-12-28 00:00:00','2024-12-30 00:00:00',0,0,4,3),(396,'2024-12-30 00:00:00','2025-01-01 00:00:00',0,0,25,3),(397,'2024-12-31 00:00:00','2025-01-02 00:00:00',0,0,23,3),(398,'2025-01-01 00:00:00','2025-01-03 00:00:00',0,0,65,3),(399,'2025-01-02 00:00:00','2025-01-04 00:00:00',0,0,43,4),(400,'2025-01-03 00:00:00','2025-01-05 00:00:00',0,0,64,4),(401,'2025-01-04 00:00:00','2025-01-06 00:00:00',0,0,15,4),(403,'2025-01-06 00:00:00','2025-01-08 00:00:00',0,0,71,3),(405,'2025-01-08 00:00:00','2025-01-10 00:00:00',0,0,20,4),(406,'2025-01-09 00:00:00','2025-01-11 00:00:00',0,0,72,3),(407,'2025-01-10 00:00:00','2025-01-12 00:00:00',0,0,33,4),(409,'2025-01-12 00:00:00','2025-01-14 00:00:00',0,0,19,4),(410,'2025-01-13 00:00:00','2025-01-15 00:00:00',0,0,35,3),(411,'2025-01-14 00:00:00','2025-01-16 00:00:00',0,0,23,4),(412,'2025-01-15 00:00:00','2025-01-17 00:00:00',0,0,2,4),(414,'2025-01-17 00:00:00','2025-01-19 00:00:00',0,0,71,3),(416,'2025-01-19 00:00:00','2025-01-21 00:00:00',0,0,22,4),(417,'2025-01-20 00:00:00','2025-01-22 00:00:00',0,0,6,3),(418,'2025-01-21 00:00:00','2025-01-23 00:00:00',0,0,5,3),(420,'2025-01-23 00:00:00','2025-01-25 00:00:00',0,0,24,3),(424,'2025-01-27 00:00:00','2025-01-29 00:00:00',0,0,34,3),(425,'2025-01-28 00:00:00','2025-01-30 00:00:00',0,0,13,4),(428,'2025-01-31 00:00:00','2025-02-02 00:00:00',0,0,2,4),(429,'2025-02-01 00:00:00','2025-02-03 00:00:00',0,0,61,4),(431,'2025-02-03 00:00:00','2025-02-05 00:00:00',0,0,7,3),(432,'2025-02-04 00:00:00','2025-02-06 00:00:00',0,0,14,3),(433,'2025-02-05 00:00:00','2025-02-07 00:00:00',0,0,44,3),(434,'2025-02-06 00:00:00','2025-02-08 00:00:00',0,0,24,4),(435,'2025-02-07 00:00:00','2025-02-09 00:00:00',0,0,16,4),(436,'2025-02-08 00:00:00','2025-02-10 00:00:00',0,0,60,4),(437,'2025-02-09 00:00:00','2025-02-11 00:00:00',0,0,36,4),(438,'2025-02-10 00:00:00','2025-02-12 00:00:00',0,0,14,3),(440,'2025-02-12 00:00:00','2025-02-14 00:00:00',0,0,28,4),(441,'2025-02-13 00:00:00','2025-02-15 00:00:00',0,0,19,4),(443,'2025-02-15 00:00:00','2025-02-17 00:00:00',0,0,13,3),(444,'2025-02-16 00:00:00','2025-02-18 00:00:00',0,0,65,3),(445,'2025-02-17 00:00:00','2025-02-19 00:00:00',0,0,66,3),(446,'2025-02-18 00:00:00','2025-02-20 00:00:00',0,0,34,4),(447,'2025-02-19 00:00:00','2025-02-21 00:00:00',0,0,67,4),(448,'2025-02-20 00:00:00','2025-02-22 00:00:00',0,0,12,4),(449,'2025-02-21 00:00:00','2025-02-23 00:00:00',0,0,15,3),(450,'2025-02-22 00:00:00','2025-02-24 00:00:00',0,0,64,4),(452,'2025-02-24 00:00:00','2025-02-26 00:00:00',0,0,14,3),(453,'2025-02-25 00:00:00','2025-02-27 00:00:00',0,0,31,4),(454,'2025-02-26 00:00:00','2025-02-28 00:00:00',0,0,3,4),(456,'2025-02-28 00:00:00','2025-03-02 00:00:00',0,0,38,4),(458,'2025-03-02 00:00:00','2025-03-04 00:00:00',0,0,71,3),(460,'2025-03-04 00:00:00','2025-03-06 00:00:00',0,0,40,4),(462,'2025-03-06 00:00:00','2025-03-08 00:00:00',0,0,21,3),(463,'2025-03-07 00:00:00','2025-03-09 00:00:00',0,0,5,4),(464,'2025-03-08 00:00:00','2025-03-10 00:00:00',0,0,64,4),(466,'2025-03-10 00:00:00','2025-03-12 00:00:00',0,0,13,3),(467,'2025-03-11 00:00:00','2025-03-13 00:00:00',0,0,63,4),(469,'2025-03-13 00:00:00','2025-03-15 00:00:00',0,0,37,3),(470,'2025-03-14 00:00:00','2025-03-16 00:00:00',0,0,25,3),(471,'2025-03-15 00:00:00','2025-03-17 00:00:00',0,0,5,3),(472,'2025-03-16 00:00:00','2025-03-18 00:00:00',0,0,10,4),(473,'2025-03-17 00:00:00','2025-03-19 00:00:00',0,0,6,4),(474,'2025-03-18 00:00:00','2025-03-20 00:00:00',0,0,62,3),(475,'2025-03-19 00:00:00','2025-03-21 00:00:00',0,0,14,4),(476,'2025-03-20 00:00:00','2025-03-22 00:00:00',0,0,13,3),(477,'2025-03-21 00:00:00','2025-03-23 00:00:00',0,0,39,4);
/*!40000 ALTER TABLE `reservation` ENABLE KEYS */;
UNLOCK TABLES;

--
-- Table structure for table `review`
--

DROP TABLE IF EXISTS `review`;
/*!40101 SET @saved_cs_client     = @@character_set_client */;
/*!50503 SET character_set_client = utf8mb4 */;
CREATE TABLE `review` (
  `id` int NOT NULL AUTO_INCREMENT,
  `comment` longtext NOT NULL,
  `rating` float NOT NULL,
  `created_at` datetime NOT NULL,
  `updated_at` datetime NOT NULL,
  `reservation_id` int NOT NULL,
  PRIMARY KEY (`id`),
  KEY `review_reservation_fkey_idx` (`reservation_id`),
  CONSTRAINT `review_reservation_fkey` FOREIGN KEY (`reservation_id`) REFERENCES `reservation` (`id`) ON DELETE CASCADE ON UPDATE CASCADE
) ENGINE=InnoDB DEFAULT CHARSET=utf8mb4 COLLATE=utf8mb4_0900_ai_ci;
/*!40101 SET character_set_client = @saved_cs_client */;

--
-- Dumping data for table `review`
--

LOCK TABLES `review` WRITE;
/*!40000 ALTER TABLE `review` DISABLE KEYS */;
/*!40000 ALTER TABLE `review` ENABLE KEYS */;
UNLOCK TABLES;

--
-- Table structure for table `room`
--

DROP TABLE IF EXISTS `room`;
/*!40101 SET @saved_cs_client     = @@character_set_client */;
/*!50503 SET character_set_client = utf8mb4 */;
CREATE TABLE `room` (
  `id` int NOT NULL AUTO_INCREMENT,
  `limit_people` int NOT NULL,
  `type` varchar(100) NOT NULL,
  `hotel_id` int NOT NULL,
  PRIMARY KEY (`id`),
  KEY `room_hotel_fkey_idx` (`hotel_id`),
  CONSTRAINT `room_hotel_fkey` FOREIGN KEY (`hotel_id`) REFERENCES `hotel` (`id`) ON DELETE CASCADE ON UPDATE CASCADE
) ENGINE=InnoDB AUTO_INCREMENT=1072 DEFAULT CHARSET=utf8mb4 COLLATE=utf8mb4_0900_ai_ci;
/*!40101 SET character_set_client = @saved_cs_client */;

--
-- Dumping data for table `room`
--

LOCK TABLES `room` WRITE;
/*!40000 ALTER TABLE `room` DISABLE KEYS */;
INSERT INTO `room` VALUES (2,2,'스탠다드',1),(3,2,'스탠다드',1),(4,1,'asdf',1),(5,2,'asdf',1),(6,2,'스탠다드',1),(7,1,'asdf',1),(8,10,'패밀리 트윈',1),(9,4,'코너 스위트 더블',1),(10,1,'wwwwww',1),(11,3,'트리플 스탠다드',1),(12,5,'슈페리어 트윈',1),(13,10,'스탠다드 트윈',1),(14,5,'디럭스 더블',1),(15,10,'패밀리 룸',1),(16,6,'슈페리어 패밀리',1),(17,1,'디럭스 트윈',2),(18,8,'디럭스 트윈',2),(19,10,'디럭스 쿼드러플',2),(20,10,'로얄 스위트 럭셔리룸',2),(21,3,'디럭스 트윈',2),(22,3,'패밀리 트윈',2),(23,4,'코너 스위트 더블',2),(24,4,'패밀리룸',2),(25,1,'프리미엄 스위트',2),(26,1,'슈페리어 트윈',2),(27,9,'스탠다드 트윈',2),(28,2,'디럭스 더블',2),(29,7,'패밀리 룸',2),(30,9,'슈페리어 패밀리',2),(31,2,'디럭스 트윈',3),(32,6,'디럭스 트윈',3),(33,2,'디럭스 쿼드러플',3),(34,10,'로얄 스위트 럭셔리룸',3),(35,10,'디럭스 트윈',3),(36,9,'패밀리 트윈',3),(37,2,'코너 스위트 더블',3),(38,10,'패밀리룸',3),(39,7,'프리미엄 스위트',3),(40,1,'슈페리어 트윈',3),(41,10,'스탠다드 트윈',3),(42,10,'디럭스 더블',3),(43,4,'패밀리 룸',3),(44,1,'슈페리어 패밀리',3),(60,7,'디럭스 트윈',6),(61,3,'디럭스 쿼드러플',6),(62,1,'로얄 스위트 럭셔리룸',6),(63,8,'디럭스 트윈',6),(64,6,'패밀리 트윈',6),(65,4,'코너 스위트 더블',6),(66,2,'패밀리룸',6),(67,4,'프리미엄 스위트',6),(68,8,'슈페리어 트윈',6),(69,4,'스탠다드 트윈',6),(70,2,'디럭스 더블',6),(71,3,'패밀리 룸',6),(72,3,'슈페리어 패밀리',6),(73,3,'디럭스 트윈',8),(74,1,'s',2),(75,1,'qwe',2),(76,1,'qqq',2),(77,1,'qqqq',2),(78,1,'qqq',2),(79,9,'코너 스위트 더블',8),(80,3,'패밀리룸',8),(81,10,'프리미엄 스위트',8),(82,8,'슈페리어 트윈',8),(83,4,'스탠다드 트윈',8),(84,5,'디럭스 더블',8),(85,1,'패밀리 룸',8),(86,9,'슈페리어 패밀리',8),(87,7,'디럭스 트윈',9),(88,9,'디럭스 트윈',9),(89,1,'디럭스 쿼드러플',9),(90,3,'로얄 스위트 럭셔리룸',9),(91,3,'디럭스 트윈',9),(92,10,'패밀리 트윈',9),(93,1,'코너 스위트 더블',9),(94,10,'패밀리룸',9),(95,8,'프리미엄 스위트',9),(96,7,'슈페리어 트윈',9),(97,10,'스탠다드 트윈',9),(98,4,'디럭스 더블',9),(99,10,'패밀리 룸',9),(100,6,'슈페리어 패밀리',9),(101,1,'디럭스 트윈',9),(102,9,'디럭스 트윈',9),(103,9,'디럭스 쿼드러플',9),(104,2,'로얄 스위트 럭셔리룸',9),(105,8,'디럭스 트윈',9),(106,1,'패밀리 트윈',9),(107,8,'코너 스위트 더블',9),(108,4,'패밀리룸',9),(109,1,'프리미엄 스위트',9),(110,2,'슈페리어 트윈',9),(111,3,'스탠다드 트윈',9),(112,1,'디럭스 더블',9),(113,9,'패밀리 룸',9),(114,3,'슈페리어 패밀리',9),(115,2,'디럭스 트윈',9),(116,1,'디럭스 트윈',9),(117,3,'디럭스 쿼드러플',9),(118,2,'로얄 스위트 럭셔리룸',9),(119,4,'디럭스 트윈',9),(120,9,'패밀리 트윈',9),(121,7,'코너 스위트 더블',9),(122,1,'패밀리룸',9),(123,2,'프리미엄 스위트',9),(124,9,'슈페리어 트윈',9),(125,4,'스탠다드 트윈',9),(126,3,'디럭스 더블',9),(127,2,'패밀리 룸',9),(128,5,'슈페리어 패밀리',9),(129,9,'디럭스 트윈',10),(130,4,'디럭스 트윈',10),(131,10,'디럭스 쿼드러플',10),(132,9,'로얄 스위트 럭셔리룸',10),(133,3,'디럭스 트윈',10),(134,7,'패밀리 트윈',10),(135,7,'코너 스위트 더블',10),(136,3,'패밀리룸',10),(137,7,'프리미엄 스위트',10),(138,9,'슈페리어 트윈',10),(139,4,'스탠다드 트윈',10),(140,5,'디럭스 더블',10),(141,2,'패밀리 룸',10),(142,9,'슈페리어 패밀리',10),(143,2,'디럭스 트윈',11),(144,8,'디럭스 트윈',11),(145,5,'디럭스 쿼드러플',11),(146,2,'로얄 스위트 럭셔리룸',11),(147,3,'디럭스 트윈',11),(148,3,'패밀리 트윈',11),(149,2,'코너 스위트 더블',11),(150,2,'패밀리룸',11),(151,8,'프리미엄 스위트',11),(152,9,'슈페리어 트윈',11),(153,8,'스탠다드 트윈',11),(154,8,'디럭스 더블',11),(155,8,'패밀리 룸',11),(156,2,'슈페리어 패밀리',11),(157,8,'디럭스 트윈',12),(158,4,'디럭스 트윈',12),(159,5,'디럭스 쿼드러플',12),(160,10,'로얄 스위트 럭셔리룸',12),(161,9,'디럭스 트윈',12),(162,1,'패밀리 트윈',12),(163,1,'코너 스위트 더블',12),(164,10,'패밀리룸',12),(165,9,'프리미엄 스위트',12),(166,10,'슈페리어 트윈',12),(167,3,'스탠다드 트윈',12),(168,3,'디럭스 더블',12),(169,5,'패밀리 룸',12),(170,2,'슈페리어 패밀리',13),(171,10,'디럭스 트윈',13),(172,7,'디럭스 트윈',13),(173,3,'디럭스 쿼드러플',13),(174,1,'로얄 스위트 럭셔리룸',13),(175,7,'디럭스 트윈',13),(176,3,'패밀리 트윈',13),(177,10,'코너 스위트 더블',13),(178,7,'패밀리룸',13),(179,8,'프리미엄 스위트',13),(180,9,'슈페리어 트윈',13),(181,2,'스탠다드 트윈',13),(182,8,'디럭스 더블',13),(183,5,'패밀리 룸',14),(184,3,'슈페리어 패밀리',14),(185,9,'디럭스 트윈',14),(186,3,'디럭스 트윈',14),(187,4,'디럭스 쿼드러플',14),(188,9,'로얄 스위트 럭셔리룸',14),(189,5,'디럭스 트윈',14),(190,7,'패밀리 트윈',14),(191,4,'코너 스위트 더블',14),(192,2,'패밀리룸',14),(193,7,'프리미엄 스위트',14),(194,4,'슈페리어 트윈',14),(195,10,'스탠다드 트윈',14),(196,6,'디럭스 더블',14),(197,10,'패밀리 룸',14),(198,3,'슈페리어 패밀리',15),(199,4,'디럭스 트윈',15),(200,10,'디럭스 트윈',15),(201,7,'디럭스 쿼드러플',15),(202,8,'로얄 스위트 럭셔리룸',15),(203,10,'디럭스 트윈',15),(204,6,'패밀리 트윈',15),(205,9,'코너 스위트 더블',15),(206,6,'패밀리룸',15),(207,5,'프리미엄 스위트',15),(208,3,'슈페리어 트윈',15),(209,8,'스탠다드 트윈',15),(210,2,'디럭스 더블',15),(211,2,'패밀리 룸',15),(212,5,'슈페리어 패밀리',16),(213,2,'디럭스 트윈',16),(214,4,'디럭스 트윈',16),(215,10,'디럭스 쿼드러플',16),(216,10,'로얄 스위트 럭셔리룸',16),(217,5,'디럭스 트윈',16),(218,5,'패밀리 트윈',16),(219,7,'코너 스위트 더블',16),(220,2,'패밀리룸',16),(221,2,'프리미엄 스위트',16),(222,2,'슈페리어 트윈',16),(223,1,'스탠다드 트윈',17),(224,3,'디럭스 더블',17),(225,2,'패밀리 룸',17),(226,10,'슈페리어 패밀리',17),(227,1,'디럭스 트윈',17),(228,6,'디럭스 트윈',17),(229,4,'디럭스 쿼드러플',17),(230,5,'로얄 스위트 럭셔리룸',17),(231,3,'디럭스 트윈',17),(232,5,'패밀리 트윈',17),(233,8,'코너 스위트 더블',17),(234,7,'패밀리룸',17),(235,2,'프리미엄 스위트',17),(236,1,'슈페리어 트윈',17),(237,1,'스탠다드 트윈',19),(238,7,'디럭스 더블',19),(239,5,'패밀리 룸',19),(240,1,'슈페리어 패밀리',19),(241,2,'디럭스 트윈',19),(242,7,'디럭스 트윈',19),(243,4,'디럭스 쿼드러플',19),(244,1,'로얄 스위트 럭셔리룸',19),(245,9,'디럭스 트윈',19),(246,5,'패밀리 트윈',19),(247,5,'코너 스위트 더블',19),(248,5,'패밀리룸',21),(249,10,'프리미엄 스위트',21),(250,2,'슈페리어 트윈',21),(251,7,'스탠다드 트윈',21),(252,5,'디럭스 더블',21),(253,4,'패밀리 룸',21),(254,4,'슈페리어 패밀리',21),(255,6,'디럭스 트윈',21),(256,7,'디럭스 트윈',21),(257,4,'디럭스 쿼드러플',22),(258,4,'로얄 스위트 럭셔리룸',22),(259,6,'디럭스 트윈',22),(260,10,'패밀리 트윈',22),(261,3,'코너 스위트 더블',22),(262,10,'패밀리룸',22),(263,1,'프리미엄 스위트',22),(264,8,'슈페리어 트윈',22),(265,1,'스탠다드 트윈',22),(266,5,'디럭스 더블',22),(267,9,'패밀리 룸',22),(268,9,'슈페리어 패밀리',22),(269,4,'디럭스 트윈',22),(270,9,'디럭스 트윈',22),(271,9,'디럭스 쿼드러플',22),(272,7,'로얄 스위트 럭셔리룸',22),(273,7,'디럭스 트윈',22),(274,4,'패밀리 트윈',22),(275,4,'코너 스위트 더블',23),(276,7,'패밀리룸',23),(277,3,'프리미엄 스위트',23),(278,3,'슈페리어 트윈',23),(279,10,'스탠다드 트윈',23),(280,2,'디럭스 더블',23),(281,1,'패밀리 룸',23),(282,9,'슈페리어 패밀리',23),(283,6,'디럭스 트윈',23),(284,1,'디럭스 트윈',23),(285,7,'디럭스 쿼드러플',24),(286,1,'로얄 스위트 럭셔리룸',24),(287,7,'디럭스 트윈',24),(288,10,'패밀리 트윈',24),(289,10,'코너 스위트 더블',24),(290,2,'패밀리룸',24),(291,3,'프리미엄 스위트',24),(292,8,'슈페리어 트윈',24),(293,7,'스탠다드 트윈',24),(294,7,'디럭스 더블',24),(295,6,'패밀리 룸',24),(296,5,'슈페리어 패밀리',24),(297,4,'디럭스 트윈',25),(298,8,'디럭스 트윈',25),(299,4,'디럭스 쿼드러플',25),(300,1,'로얄 스위트 럭셔리룸',25),(301,8,'디럭스 트윈',25),(302,3,'패밀리 트윈',25),(303,10,'코너 스위트 더블',25),(304,5,'패밀리룸',25),(305,6,'프리미엄 스위트',25),(306,1,'슈페리어 트윈',25),(307,5,'스탠다드 트윈',25),(308,6,'디럭스 더블',25),(309,9,'패밀리 룸',25),(310,3,'슈페리어 패밀리',27),(311,2,'디럭스 트윈',27),(312,8,'디럭스 트윈',27),(313,1,'디럭스 쿼드러플',27),(314,3,'로얄 스위트 럭셔리룸',27),(315,10,'디럭스 트윈',27),(316,7,'패밀리 트윈',27),(317,5,'코너 스위트 더블',27),(318,5,'패밀리룸',27),(319,1,'프리미엄 스위트',27),(320,7,'슈페리어 트윈',27),(321,10,'스탠다드 트윈',29),(322,9,'디럭스 더블',29),(323,2,'패밀리 룸',29),(324,5,'슈페리어 패밀리',29),(325,7,'디럭스 트윈',29),(326,6,'디럭스 트윈',29),(327,6,'디럭스 쿼드러플',29),(328,7,'로얄 스위트 럭셔리룸',29),(329,1,'디럭스 트윈',29),(330,1,'패밀리 트윈',29),(331,4,'코너 스위트 더블',29),(332,10,'패밀리룸',29),(333,9,'프리미엄 스위트',29),(334,2,'슈페리어 트윈',29),(335,9,'스탠다드 트윈',30),(336,10,'디럭스 더블',30),(337,5,'패밀리 룸',30),(338,9,'슈페리어 패밀리',30),(339,3,'디럭스 트윈',30),(340,1,'디럭스 트윈',30),(341,9,'디럭스 쿼드러플',30),(342,3,'로얄 스위트 럭셔리룸',30),(343,8,'디럭스 트윈',30),(344,10,'패밀리 트윈',30),(345,9,'코너 스위트 더블',30),(346,9,'패밀리룸',32),(347,7,'프리미엄 스위트',32),(348,2,'슈페리어 트윈',32),(349,7,'스탠다드 트윈',32),(350,1,'디럭스 더블',32),(351,1,'패밀리 룸',32),(352,8,'슈페리어 패밀리',32),(353,5,'디럭스 트윈',32),(354,6,'디럭스 트윈',32),(355,4,'디럭스 쿼드러플',32),(356,4,'로얄 스위트 럭셔리룸',32),(357,5,'디럭스 트윈',32),(358,4,'패밀리 트윈',32),(359,5,'코너 스위트 더블',32),(360,4,'패밀리룸',32),(361,10,'프리미엄 스위트',32),(362,9,'슈페리어 트윈',32),(363,8,'스탠다드 트윈',33),(364,10,'디럭스 더블',33),(365,10,'패밀리 룸',33),(366,6,'슈페리어 패밀리',33),(367,3,'디럭스 트윈',33),(368,10,'디럭스 트윈',33),(369,8,'디럭스 쿼드러플',33),(370,4,'로얄 스위트 럭셔리룸',33),(371,9,'디럭스 트윈',33),(372,8,'패밀리 트윈',33),(373,9,'코너 스위트 더블',33),(374,6,'패밀리룸',33),(375,10,'프리미엄 스위트',33),(376,10,'슈페리어 트윈',33),(377,9,'스탠다드 트윈',33),(378,10,'디럭스 더블',34),(379,8,'패밀리 룸',34),(380,4,'슈페리어 패밀리',34),(381,7,'디럭스 트윈',34),(382,1,'디럭스 트윈',34),(383,9,'디럭스 쿼드러플',34),(384,2,'로얄 스위트 럭셔리룸',34),(385,5,'디럭스 트윈',34),(386,7,'패밀리 트윈',34),(387,7,'코너 스위트 더블',34),(388,2,'패밀리룸',34),(389,2,'프리미엄 스위트',34),(390,2,'슈페리어 트윈',36),(391,6,'스탠다드 트윈',36),(392,10,'디럭스 더블',36),(393,5,'패밀리 룸',36),(394,6,'슈페리어 패밀리',36),(395,9,'디럭스 트윈',36),(396,4,'디럭스 트윈',36),(397,6,'디럭스 쿼드러플',36),(398,5,'로얄 스위트 럭셔리룸',36),(399,7,'디럭스 트윈',36),(400,1,'패밀리 트윈',36),(401,10,'코너 스위트 더블',36),(402,4,'패밀리룸',36),(403,3,'프리미엄 스위트',36),(404,3,'슈페리어 트윈',37),(405,1,'스탠다드 트윈',37),(406,10,'디럭스 더블',37),(407,1,'패밀리 룸',37),(408,6,'슈페리어 패밀리',37),(409,8,'디럭스 트윈',37),(410,9,'디럭스 트윈',37),(411,7,'디럭스 쿼드러플',37),(412,4,'로얄 스위트 럭셔리룸',37),(413,5,'디럭스 트윈',37),(414,9,'패밀리 트윈',37),(415,4,'코너 스위트 더블',37),(416,3,'패밀리룸',37),(417,8,'프리미엄 스위트',37),(418,4,'슈페리어 트윈',37),(419,8,'스탠다드 트윈',37),(420,7,'디럭스 더블',37),(421,10,'패밀리 룸',39),(422,2,'슈페리어 패밀리',39),(423,8,'디럭스 트윈',39),(424,9,'디럭스 트윈',39),(425,4,'디럭스 쿼드러플',39),(426,3,'로얄 스위트 럭셔리룸',39),(427,2,'디럭스 트윈',39),(428,1,'패밀리 트윈',39),(429,1,'코너 스위트 더블',39),(430,7,'패밀리룸',39),(431,5,'프리미엄 스위트',39),(432,6,'슈페리어 트윈',39),(433,7,'스탠다드 트윈',39),(434,3,'디럭스 더블',39),(435,9,'패밀리 룸',39),(436,5,'슈페리어 패밀리',39),(437,2,'디럭스 트윈',39),(438,6,'디럭스 트윈',39),(439,9,'디럭스 쿼드러플',39),(440,3,'로얄 스위트 럭셔리룸',39),(441,3,'디럭스 트윈',39),(442,9,'패밀리 트윈',39),(443,1,'코너 스위트 더블',40),(444,6,'패밀리룸',40),(445,5,'프리미엄 스위트',40),(446,2,'슈페리어 트윈',40),(447,5,'스탠다드 트윈',40),(448,10,'디럭스 더블',40),(449,7,'패밀리 룸',40),(450,5,'슈페리어 패밀리',40),(451,7,'디럭스 트윈',40),(452,6,'디럭스 트윈',40),(453,3,'디럭스 쿼드러플',40),(454,4,'로얄 스위트 럭셔리룸',41),(455,10,'디럭스 트윈',41),(456,8,'패밀리 트윈',41),(457,4,'코너 스위트 더블',41),(458,2,'패밀리룸',41),(459,5,'프리미엄 스위트',41),(460,9,'슈페리어 트윈',41),(461,10,'스탠다드 트윈',41),(462,2,'디럭스 더블',41),(463,8,'패밀리 룸',41),(464,2,'슈페리어 패밀리',41),(465,5,'디럭스 트윈',41),(466,9,'디럭스 트윈',41),(467,7,'디럭스 쿼드러플',41),(468,5,'로얄 스위트 럭셔리룸',42),(469,5,'디럭스 트윈',42),(470,9,'패밀리 트윈',42),(471,1,'코너 스위트 더블',42),(472,4,'패밀리룸',42),(473,1,'프리미엄 스위트',42),(474,10,'슈페리어 트윈',42),(475,8,'스탠다드 트윈',42),(476,4,'디럭스 더블',42),(477,7,'패밀리 룸',42),(478,4,'슈페리어 패밀리',42),(479,5,'디럭스 트윈',42),(480,2,'디럭스 트윈',42),(481,3,'디럭스 쿼드러플',43),(482,2,'로얄 스위트 럭셔리룸',43),(483,10,'디럭스 트윈',43),(484,3,'패밀리 트윈',43),(485,10,'코너 스위트 더블',43),(486,9,'패밀리룸',43),(487,8,'프리미엄 스위트',43),(488,2,'슈페리어 트윈',43),(489,2,'스탠다드 트윈',43),(490,4,'디럭스 더블',43),(491,10,'패밀리 룸',43),(492,7,'슈페리어 패밀리',43),(493,8,'디럭스 트윈',43),(494,5,'디럭스 트윈',44),(495,5,'디럭스 쿼드러플',44),(496,6,'로얄 스위트 럭셔리룸',44),(497,10,'디럭스 트윈',44),(498,4,'패밀리 트윈',44),(499,6,'코너 스위트 더블',44),(500,3,'패밀리룸',44),(501,8,'프리미엄 스위트',44),(502,8,'슈페리어 트윈',44),(503,2,'스탠다드 트윈',44),(504,7,'디럭스 더블',44),(505,10,'패밀리 룸',44),(506,2,'슈페리어 패밀리',44),(507,2,'디럭스 트윈',45),(508,2,'디럭스 트윈',45),(509,6,'디럭스 쿼드러플',45),(510,2,'로얄 스위트 럭셔리룸',45),(511,8,'디럭스 트윈',45),(512,1,'패밀리 트윈',45),(513,6,'코너 스위트 더블',45),(514,3,'패밀리룸',45),(515,2,'프리미엄 스위트',45),(516,8,'슈페리어 트윈',45),(517,7,'스탠다드 트윈',45),(518,4,'디럭스 더블',45),(519,4,'패밀리 룸',45),(520,3,'슈페리어 패밀리',45),(521,6,'디럭스 트윈',46),(522,8,'디럭스 트윈',46),(523,8,'디럭스 쿼드러플',46),(524,7,'로얄 스위트 럭셔리룸',46),(525,1,'디럭스 트윈',46),(526,4,'패밀리 트윈',46),(527,4,'코너 스위트 더블',46),(528,10,'패밀리룸',46),(529,9,'프리미엄 스위트',46),(530,1,'슈페리어 트윈',46),(531,9,'스탠다드 트윈',46),(532,2,'디럭스 더블',48),(533,2,'패밀리 룸',48),(534,6,'슈페리어 패밀리',48),(535,4,'디럭스 트윈',48),(536,5,'디럭스 트윈',48),(537,8,'디럭스 쿼드러플',48),(538,4,'로얄 스위트 럭셔리룸',48),(539,7,'디럭스 트윈',48),(540,10,'패밀리 트윈',48),(541,3,'코너 스위트 더블',48),(542,4,'패밀리룸',48),(543,4,'프리미엄 스위트',48),(544,9,'슈페리어 트윈',48),(545,8,'스탠다드 트윈',48),(546,5,'디럭스 더블',49),(547,4,'패밀리 룸',49),(548,5,'슈페리어 패밀리',49),(549,6,'디럭스 트윈',49),(550,9,'디럭스 트윈',49),(551,2,'디럭스 쿼드러플',49),(552,9,'로얄 스위트 럭셔리룸',49),(553,3,'디럭스 트윈',49),(554,3,'패밀리 트윈',49),(555,8,'코너 스위트 더블',49),(556,2,'패밀리룸',49),(557,3,'프리미엄 스위트',49),(558,1,'슈페리어 트윈',50),(559,7,'스탠다드 트윈',50),(560,3,'디럭스 더블',50),(561,7,'패밀리 룸',50),(562,4,'슈페리어 패밀리',50),(563,1,'디럭스 트윈',50),(564,9,'디럭스 트윈',50),(565,8,'디럭스 쿼드러플',50),(566,1,'로얄 스위트 럭셔리룸',50),(567,8,'디럭스 트윈',50),(568,2,'패밀리 트윈',50),(569,2,'코너 스위트 더블',50),(570,6,'패밀리룸',50),(571,1,'프리미엄 스위트',50),(572,4,'슈페리어 트윈',50),(573,5,'스탠다드 트윈',51),(574,7,'디럭스 더블',51),(575,3,'패밀리 룸',51),(576,1,'슈페리어 패밀리',51),(577,1,'디럭스 트윈',51),(578,5,'디럭스 트윈',51),(579,7,'디럭스 쿼드러플',51),(580,1,'로얄 스위트 럭셔리룸',51),(581,1,'디럭스 트윈',51),(582,9,'패밀리 트윈',51),(583,9,'코너 스위트 더블',51),(584,6,'패밀리룸',51),(585,3,'프리미엄 스위트',51),(586,6,'슈페리어 트윈',51),(587,8,'스탠다드 트윈',52),(588,8,'디럭스 더블',52),(589,3,'패밀리 룸',52),(590,4,'슈페리어 패밀리',52),(591,9,'디럭스 트윈',52),(592,8,'디럭스 트윈',52),(593,2,'디럭스 쿼드러플',52),(594,2,'로얄 스위트 럭셔리룸',52),(595,3,'디럭스 트윈',52),(596,8,'패밀리 트윈',52),(597,8,'코너 스위트 더블',52),(598,4,'패밀리룸',53),(599,2,'프리미엄 스위트',53),(600,5,'슈페리어 트윈',53),(601,1,'스탠다드 트윈',53),(602,3,'디럭스 더블',53),(603,5,'패밀리 룸',53),(604,6,'슈페리어 패밀리',53),(605,1,'디럭스 트윈',53),(606,9,'디럭스 트윈',53),(607,10,'디럭스 쿼드러플',53),(608,2,'로얄 스위트 럭셔리룸',53),(609,8,'디럭스 트윈',53),(610,8,'패밀리 트윈',53),(611,6,'코너 스위트 더블',53),(612,2,'패밀리룸',54),(613,5,'프리미엄 스위트',54),(614,2,'슈페리어 트윈',54),(615,2,'스탠다드 트윈',54),(616,3,'디럭스 더블',54),(617,3,'패밀리 룸',54),(618,5,'슈페리어 패밀리',54),(619,1,'디럭스 트윈',54),(620,9,'디럭스 트윈',54),(621,5,'디럭스 쿼드러플',54),(622,3,'로얄 스위트 럭셔리룸',54),(623,9,'디럭스 트윈',54),(624,9,'패밀리 트윈',55),(625,3,'코너 스위트 더블',55),(626,7,'패밀리룸',55),(627,5,'프리미엄 스위트',55),(628,8,'슈페리어 트윈',55),(629,2,'스탠다드 트윈',55),(630,2,'디럭스 더블',55),(631,1,'패밀리 룸',55),(632,9,'슈페리어 패밀리',55),(633,3,'디럭스 트윈',55),(634,2,'디럭스 트윈',55),(635,2,'디럭스 쿼드러플',55),(636,7,'로얄 스위트 럭셔리룸',55),(637,10,'디럭스 트윈',56),(638,3,'패밀리 트윈',56),(639,9,'코너 스위트 더블',56),(640,2,'패밀리룸',56),(641,10,'프리미엄 스위트',56),(642,1,'슈페리어 트윈',56),(643,1,'스탠다드 트윈',56),(644,7,'디럭스 더블',56),(645,4,'패밀리 룸',56),(646,10,'슈페리어 패밀리',56),(647,8,'디럭스 트윈',57),(648,10,'디럭스 트윈',57),(649,2,'디럭스 쿼드러플',57),(650,6,'로얄 스위트 럭셔리룸',57),(651,1,'디럭스 트윈',57),(652,4,'패밀리 트윈',57),(653,8,'코너 스위트 더블',57),(654,3,'패밀리룸',57),(655,6,'프리미엄 스위트',57),(656,3,'슈페리어 트윈',57),(657,5,'스탠다드 트윈',57),(658,7,'디럭스 더블',58),(659,1,'패밀리 룸',58),(660,7,'슈페리어 패밀리',58),(661,3,'디럭스 트윈',58),(662,2,'디럭스 트윈',58),(663,10,'디럭스 쿼드러플',58),(664,4,'로얄 스위트 럭셔리룸',58),(665,9,'디럭스 트윈',58),(666,9,'패밀리 트윈',58),(667,9,'코너 스위트 더블',58),(668,2,'패밀리룸',58),(669,2,'프리미엄 스위트',58),(670,6,'슈페리어 트윈',58),(671,4,'스탠다드 트윈',58),(672,6,'디럭스 더블',59),(673,1,'패밀리 룸',59),(674,6,'슈페리어 패밀리',59),(675,1,'디럭스 트윈',59),(676,6,'디럭스 트윈',59),(677,9,'디럭스 쿼드러플',59),(678,1,'로얄 스위트 럭셔리룸',59),(679,8,'디럭스 트윈',59),(680,10,'패밀리 트윈',59),(681,10,'코너 스위트 더블',59),(682,2,'패밀리룸',59),(683,6,'프리미엄 스위트',59),(684,2,'슈페리어 트윈',59),(685,6,'스탠다드 트윈',60),(686,2,'디럭스 더블',60),(687,5,'패밀리 룸',60),(688,5,'슈페리어 패밀리',60),(689,8,'디럭스 트윈',60),(690,2,'디럭스 트윈',60),(691,10,'디럭스 쿼드러플',60),(692,8,'로얄 스위트 럭셔리룸',60),(693,1,'디럭스 트윈',60),(694,10,'패밀리 트윈',60),(695,1,'코너 스위트 더블',60),(696,9,'패밀리룸',60),(697,6,'프리미엄 스위트',60),(698,8,'슈페리어 트윈',60),(699,4,'스탠다드 트윈',61),(700,6,'디럭스 더블',61),(701,6,'패밀리 룸',61),(702,8,'슈페리어 패밀리',61),(703,2,'디럭스 트윈',61),(704,9,'디럭스 트윈',61),(705,5,'디럭스 쿼드러플',61),(706,7,'로얄 스위트 럭셔리룸',61),(707,10,'디럭스 트윈',61),(708,1,'패밀리 트윈',61),(709,9,'코너 스위트 더블',61),(710,4,'패밀리룸',61),(711,3,'프리미엄 스위트',61),(712,5,'슈페리어 트윈',63),(713,6,'스탠다드 트윈',63),(714,9,'디럭스 더블',63),(715,7,'패밀리 룸',63),(716,4,'슈페리어 패밀리',63),(717,9,'디럭스 트윈',63),(718,5,'디럭스 트윈',63),(719,9,'디럭스 쿼드러플',63),(720,7,'로얄 스위트 럭셔리룸',63),(721,9,'디럭스 트윈',63),(722,9,'패밀리 트윈',63),(723,10,'코너 스위트 더블',64),(724,2,'패밀리룸',64),(725,3,'프리미엄 스위트',64),(726,2,'슈페리어 트윈',64),(727,2,'스탠다드 트윈',64),(728,8,'디럭스 더블',64),(729,5,'패밀리 룸',64),(730,3,'슈페리어 패밀리',64),(731,1,'디럭스 트윈',64),(732,4,'디럭스 트윈',64),(733,2,'디럭스 쿼드러플',64),(734,4,'로얄 스위트 럭셔리룸',64),(735,3,'디럭스 트윈',65),(736,9,'패밀리 트윈',65),(737,3,'코너 스위트 더블',65),(738,5,'패밀리룸',65),(739,4,'프리미엄 스위트',65),(740,5,'슈페리어 트윈',65),(741,6,'스탠다드 트윈',65),(742,5,'디럭스 더블',65),(743,1,'패밀리 룸',65),(744,2,'슈페리어 패밀리',65),(745,10,'디럭스 트윈',65),(746,9,'디럭스 트윈',65),(747,7,'디럭스 쿼드러플',66),(748,2,'로얄 스위트 럭셔리룸',66),(749,3,'디럭스 트윈',66),(750,7,'패밀리 트윈',66),(751,2,'코너 스위트 더블',66),(752,7,'패밀리룸',66),(753,8,'프리미엄 스위트',66),(754,3,'슈페리어 트윈',66),(755,5,'스탠다드 트윈',66),(756,3,'디럭스 더블',66),(757,6,'패밀리 룸',66),(758,1,'슈페리어 패밀리',67),(759,1,'디럭스 트윈',67),(760,1,'디럭스 트윈',67),(761,6,'디럭스 쿼드러플',67),(762,6,'로얄 스위트 럭셔리룸',67),(763,3,'디럭스 트윈',67),(764,5,'패밀리 트윈',67),(765,10,'코너 스위트 더블',67),(766,4,'패밀리룸',67),(767,1,'프리미엄 스위트',67),(768,3,'슈페리어 트윈',68),(769,1,'스탠다드 트윈',68),(770,2,'디럭스 더블',68),(771,3,'패밀리 룸',68),(772,2,'슈페리어 패밀리',68),(773,7,'디럭스 트윈',68),(774,3,'디럭스 트윈',68),(775,9,'디럭스 쿼드러플',68),(776,6,'로얄 스위트 럭셔리룸',68),(777,2,'디럭스 트윈',68),(778,5,'패밀리 트윈',68),(779,2,'코너 스위트 더블',69),(780,1,'패밀리룸',69),(781,8,'프리미엄 스위트',69),(782,9,'슈페리어 트윈',69),(783,1,'스탠다드 트윈',69),(784,8,'디럭스 더블',69),(785,3,'패밀리 룸',69),(786,2,'슈페리어 패밀리',69),(787,10,'디럭스 트윈',69),(788,8,'디럭스 트윈',69),(789,8,'디럭스 쿼드러플',69),(790,2,'로얄 스위트 럭셔리룸',69),(791,3,'디럭스 트윈',69),(792,7,'패밀리 트윈',69),(793,9,'코너 스위트 더블',70),(794,8,'패밀리룸',70),(795,8,'프리미엄 스위트',70),(796,9,'슈페리어 트윈',70),(797,3,'스탠다드 트윈',70),(798,10,'디럭스 더블',70),(799,10,'패밀리 룸',70),(800,4,'슈페리어 패밀리',70),(801,3,'디럭스 트윈',70),(802,8,'디럭스 트윈',70),(803,9,'디럭스 쿼드러플',70),(804,1,'로얄 스위트 럭셔리룸',71),(805,7,'디럭스 트윈',71),(806,10,'패밀리 트윈',71),(807,10,'코너 스위트 더블',71),(808,6,'패밀리룸',71),(809,3,'프리미엄 스위트',71),(810,7,'슈페리어 트윈',71),(811,2,'스탠다드 트윈',71),(812,5,'디럭스 더블',71),(813,10,'패밀리 룸',71),(814,8,'슈페리어 패밀리',71),(815,4,'디럭스 트윈',71),(816,3,'디럭스 트윈',71),(817,4,'디럭스 쿼드러플',71),(818,9,'로얄 스위트 럭셔리룸',72),(819,4,'디럭스 트윈',72),(820,4,'패밀리 트윈',72),(821,9,'코너 스위트 더블',72),(822,6,'패밀리룸',72),(823,10,'프리미엄 스위트',72),(824,8,'슈페리어 트윈',72),(825,4,'스탠다드 트윈',72),(826,2,'디럭스 더블',72),(827,6,'패밀리 룸',72),(828,8,'슈페리어 패밀리',72),(829,8,'디럭스 트윈',73),(830,10,'디럭스 트윈',73),(831,10,'디럭스 쿼드러플',73),(832,1,'로얄 스위트 럭셔리룸',73),(833,2,'디럭스 트윈',73),(834,2,'패밀리 트윈',73),(835,6,'코너 스위트 더블',73),(836,7,'패밀리룸',73),(837,2,'프리미엄 스위트',73),(838,2,'슈페리어 트윈',73),(839,6,'스탠다드 트윈',73),(840,10,'디럭스 더블',74),(841,3,'패밀리 룸',74),(842,6,'슈페리어 패밀리',74),(843,7,'디럭스 트윈',74),(844,3,'디럭스 트윈',74),(845,9,'디럭스 쿼드러플',74),(846,2,'로얄 스위트 럭셔리룸',74),(847,6,'디럭스 트윈',74),(848,9,'패밀리 트윈',74),(849,9,'코너 스위트 더블',74),(850,9,'패밀리룸',74),(851,8,'프리미엄 스위트',75),(852,8,'슈페리어 트윈',75),(853,5,'스탠다드 트윈',75),(854,5,'디럭스 더블',75),(855,4,'패밀리 룸',75),(856,6,'슈페리어 패밀리',75),(857,3,'디럭스 트윈',75),(858,5,'디럭스 트윈',75),(859,1,'디럭스 쿼드러플',75),(860,4,'로얄 스위트 럭셔리룸',75),(861,10,'디럭스 트윈',75),(862,6,'패밀리 트윈',75),(863,1,'코너 스위트 더블',75),(864,1,'패밀리룸',77),(865,3,'프리미엄 스위트',77),(866,2,'슈페리어 트윈',77),(867,2,'스탠다드 트윈',77),(868,1,'디럭스 더블',77),(869,8,'패밀리 룸',77),(870,2,'슈페리어 패밀리',77),(871,7,'디럭스 트윈',77),(872,3,'디럭스 트윈',77),(873,3,'디럭스 쿼드러플',77),(874,1,'로얄 스위트 럭셔리룸',77),(875,3,'디럭스 트윈',78),(876,3,'패밀리 트윈',78),(877,3,'코너 스위트 더블',78),(878,4,'패밀리룸',78),(879,9,'프리미엄 스위트',78),(880,9,'슈페리어 트윈',78),(881,10,'스탠다드 트윈',78),(882,3,'디럭스 더블',78),(883,6,'패밀리 룸',78),(884,2,'슈페리어 패밀리',78),(885,7,'디럭스 트윈',78),(886,9,'디럭스 트윈',78),(887,3,'디럭스 쿼드러플',81),(888,7,'로얄 스위트 럭셔리룸',81),(889,7,'디럭스 트윈',81),(890,8,'패밀리 트윈',81),(891,9,'코너 스위트 더블',81),(892,2,'패밀리룸',81),(893,8,'프리미엄 스위트',81),(894,1,'슈페리어 트윈',81),(895,9,'스탠다드 트윈',81),(896,4,'디럭스 더블',81),(897,2,'패밀리 룸',81),(898,6,'슈페리어 패밀리',81),(899,8,'디럭스 트윈',82),(900,5,'디럭스 트윈',82),(901,4,'디럭스 쿼드러플',82),(902,5,'로얄 스위트 럭셔리룸',82),(903,10,'디럭스 트윈',82),(904,3,'패밀리 트윈',82),(905,5,'코너 스위트 더블',82),(906,10,'패밀리룸',82),(907,7,'프리미엄 스위트',82),(908,4,'슈페리어 트윈',82),(909,2,'스탠다드 트윈',82),(910,2,'디럭스 더블',82),(911,5,'패밀리 룸',83),(912,5,'슈페리어 패밀리',83),(913,6,'디럭스 트윈',83),(914,5,'디럭스 트윈',83),(915,5,'디럭스 쿼드러플',83),(916,7,'로얄 스위트 럭셔리룸',83),(917,3,'디럭스 트윈',83),(918,9,'패밀리 트윈',83),(919,3,'코너 스위트 더블',83),(920,6,'패밀리룸',83),(921,7,'프리미엄 스위트',83),(922,8,'슈페리어 트윈',83),(923,8,'스탠다드 트윈',83),(924,7,'디럭스 더블',84),(925,6,'패밀리 룸',84),(926,6,'슈페리어 패밀리',84),(927,9,'디럭스 트윈',84),(928,2,'디럭스 트윈',84),(929,5,'디럭스 쿼드러플',84),(930,10,'로얄 스위트 럭셔리룸',84),(931,6,'디럭스 트윈',84),(932,10,'패밀리 트윈',84),(933,3,'코너 스위트 더블',84),(934,8,'패밀리룸',84),(935,9,'프리미엄 스위트',84),(936,10,'슈페리어 트윈',85),(937,10,'스탠다드 트윈',85),(938,1,'디럭스 더블',85),(939,9,'패밀리 룸',85),(940,10,'슈페리어 패밀리',85),(941,5,'디럭스 트윈',85),(942,7,'디럭스 트윈',85),(943,2,'디럭스 쿼드러플',85),(944,4,'로얄 스위트 럭셔리룸',85),(945,8,'디럭스 트윈',85),(946,5,'패밀리 트윈',85),(947,5,'코너 스위트 더블',85),(948,7,'패밀리룸',85),(949,5,'프리미엄 스위트',85),(950,1,'슈페리어 트윈',85),(951,8,'스탠다드 트윈',85),(952,2,'디럭스 더블',86),(953,5,'패밀리 룸',86),(954,2,'슈페리어 패밀리',86),(955,1,'디럭스 트윈',86),(956,8,'디럭스 트윈',86),(957,3,'디럭스 쿼드러플',86),(958,4,'로얄 스위트 럭셔리룸',86),(959,3,'디럭스 트윈',86),(960,8,'패밀리 트윈',86),(961,5,'코너 스위트 더블',86),(962,9,'패밀리룸',86),(963,4,'프리미엄 스위트',86),(964,1,'슈페리어 트윈',87),(965,6,'스탠다드 트윈',87),(966,6,'디럭스 더블',87),(967,10,'패밀리 룸',87),(968,4,'슈페리어 패밀리',87),(969,1,'디럭스 트윈',87),(970,1,'디럭스 트윈',87),(971,2,'디럭스 쿼드러플',87),(972,2,'로얄 스위트 럭셔리룸',87),(973,3,'디럭스 트윈',87),(974,4,'패밀리 트윈',87),(975,5,'코너 스위트 더블',87),(976,1,'패밀리룸',87),(977,6,'프리미엄 스위트',87),(978,2,'슈페리어 트윈',88),(979,7,'스탠다드 트윈',88),(980,8,'디럭스 더블',88),(981,10,'패밀리 룸',88),(982,6,'슈페리어 패밀리',88),(983,10,'디럭스 트윈',88),(984,3,'디럭스 트윈',88),(985,3,'디럭스 쿼드러플',88),(986,5,'로얄 스위트 럭셔리룸',88),(987,10,'디럭스 트윈',88),(988,3,'패밀리 트윈',88),(989,6,'코너 스위트 더블',88),(990,2,'패밀리룸',88),(991,1,'프리미엄 스위트',89),(992,6,'슈페리어 트윈',89),(993,1,'스탠다드 트윈',89),(994,9,'디럭스 더블',89),(995,10,'패밀리 룸',89),(996,4,'슈페리어 패밀리',89),(997,8,'디럭스 트윈',89),(998,6,'디럭스 트윈',89),(999,1,'디럭스 쿼드러플',89),(1000,8,'로얄 스위트 럭셔리룸',89),(1001,9,'디럭스 트윈',89),(1002,5,'패밀리 트윈',89),(1003,2,'코너 스위트 더블',90),(1004,7,'패밀리룸',90),(1005,4,'프리미엄 스위트',90),(1006,3,'슈페리어 트윈',90),(1007,9,'스탠다드 트윈',90),(1008,4,'디럭스 더블',90),(1009,2,'패밀리 룸',90),(1010,7,'슈페리어 패밀리',90),(1011,8,'디럭스 트윈',90),(1012,4,'디럭스 트윈',90),(1013,1,'디럭스 쿼드러플',90),(1014,7,'로얄 스위트 럭셔리룸',90),(1015,9,'디럭스 트윈',90),(1016,1,'패밀리 트윈',90),(1017,4,'코너 스위트 더블',91),(1018,4,'패밀리룸',91),(1019,5,'프리미엄 스위트',91),(1020,3,'슈페리어 트윈',91),(1021,3,'스탠다드 트윈',91),(1022,2,'디럭스 더블',91),(1023,2,'패밀리 룸',91),(1024,4,'슈페리어 패밀리',91),(1025,7,'디럭스 트윈',91),(1026,3,'디럭스 트윈',91),(1027,5,'디럭스 쿼드러플',91),(1028,6,'로얄 스위트 럭셔리룸',91),(1029,9,'디럭스 트윈',93),(1030,8,'패밀리 트윈',93),(1031,1,'코너 스위트 더블',93),(1032,7,'패밀리룸',93),(1033,8,'프리미엄 스위트',93),(1034,7,'슈페리어 트윈',93),(1035,8,'스탠다드 트윈',93),(1036,1,'디럭스 더블',93),(1037,1,'패밀리 룸',93),(1038,8,'슈페리어 패밀리',93),(1039,6,'디럭스 트윈',93),(1040,2,'디럭스 트윈',93),(1041,7,'디럭스 쿼드러플',93),(1042,7,'로얄 스위트 럭셔리룸',94),(1043,5,'디럭스 트윈',94),(1044,5,'패밀리 트윈',94),(1045,5,'코너 스위트 더블',94),(1046,4,'패밀리룸',94),(1047,2,'프리미엄 스위트',94),(1048,6,'슈페리어 트윈',94),(1049,1,'스탠다드 트윈',94),(1050,2,'디럭스 더블',94),(1051,5,'패밀리 룸',94),(1052,2,'슈페리어 패밀리',94),(1053,1,'디럭스 트윈',95),(1054,10,'디럭스 트윈',95),(1055,10,'디럭스 쿼드러플',95),(1056,7,'로얄 스위트 럭셔리룸',95),(1057,1,'디럭스 트윈',95),(1058,3,'패밀리 트윈',95),(1059,4,'코너 스위트 더블',95),(1060,5,'패밀리룸',95),(1061,5,'프리미엄 스위트',95),(1062,9,'슈페리어 트윈',95),(1063,8,'스탠다드 트윈',95),(1064,5,'디럭스 더블',95),(1065,10,'패밀리 룸',96),(1066,1,'슈페리어 패밀리',96),(1067,1,'디럭스 트윈',96),(1068,1,'디럭스 트윈',96),(1069,3,'디럭스 쿼드러플',96),(1070,5,'로얄 스위트 럭셔리룸',96),(1071,1,'a',1);
/*!40000 ALTER TABLE `room` ENABLE KEYS */;
UNLOCK TABLES;

--
-- Table structure for table `room_description`
--

DROP TABLE IF EXISTS `room_description`;
/*!40101 SET @saved_cs_client     = @@character_set_client */;
/*!50503 SET character_set_client = utf8mb4 */;
CREATE TABLE `room_description` (
  `room_id` int NOT NULL,
  `bath` tinyint NOT NULL DEFAULT '0',
  `bed` tinyint NOT NULL DEFAULT '0',
  `view` text NOT NULL,
  PRIMARY KEY (`room_id`),
  CONSTRAINT `room_description_room_fkey` FOREIGN KEY (`room_id`) REFERENCES `room` (`id`) ON DELETE CASCADE ON UPDATE CASCADE
) ENGINE=InnoDB DEFAULT CHARSET=utf8mb4 COLLATE=utf8mb4_0900_ai_ci;
/*!40101 SET character_set_client = @saved_cs_client */;

--
-- Dumping data for table `room_description`
--

LOCK TABLES `room_description` WRITE;
/*!40000 ALTER TABLE `room_description` DISABLE KEYS */;
INSERT INTO `room_description` VALUES (2,0,0,'city'),(3,0,5,'city'),(4,1,1,'city'),(5,0,2,'city'),(6,0,0,'city'),(7,0,2,'city'),(10,1,2,'mountain'),(11,0,3,'ocean'),(12,0,2,'city'),(13,0,6,'city'),(14,1,0,'city'),(15,1,1,'city'),(16,1,2,'city'),(18,0,5,'city'),(19,1,1,'city'),(20,0,4,'city'),(21,0,3,'city'),(22,0,0,'city'),(23,0,2,'city'),(24,0,4,'city'),(25,0,6,'city'),(28,1,2,'city'),(29,0,2,'city'),(31,0,4,'city'),(32,1,0,'city'),(33,0,2,'city'),(34,0,3,'city'),(35,1,0,'city'),(36,1,5,'city'),(37,1,4,'city'),(38,0,2,'city'),(39,1,0,'city'),(40,1,0,'city'),(41,1,2,'city'),(42,0,6,'city'),(43,1,5,'city'),(44,0,4,'city'),(60,1,1,'city'),(61,0,5,'city'),(62,0,5,'city'),(63,1,1,'city'),(64,1,3,'city'),(65,0,6,'city'),(66,0,1,'city'),(67,1,3,'city'),(68,0,2,'city'),(69,1,4,'city'),(70,0,0,'city'),(71,1,4,'city'),(72,1,6,'city'),(74,0,10,'city'),(75,0,2,'city'),(76,0,2,'city'),(77,0,0,'city'),(78,0,0,'city'),(1071,0,1,'city');
/*!40000 ALTER TABLE `room_description` ENABLE KEYS */;
UNLOCK TABLES;

--
-- Temporary view structure for view `search_view`
--

DROP TABLE IF EXISTS `search_view`;
/*!50001 DROP VIEW IF EXISTS `search_view`*/;
SET @saved_cs_client     = @@character_set_client;
/*!50503 SET character_set_client = utf8mb4 */;
/*!50001 CREATE VIEW `search_view` AS SELECT 
 1 AS `id`,
 1 AS `name`,
 1 AS `rating`,
 1 AS `price`,
 1 AS `filepath`,
 1 AS `filename`,
 1 AS `sido`,
 1 AS `sigungu`,
 1 AS `check_in`,
 1 AS `check_out`,
 1 AS `limit_people`,
 1 AS `room_id`,
 1 AS `swimming_pool`,
 1 AS `parking`,
 1 AS `smoking`,
 1 AS `restaurant`,
 1 AS `laundry_facilities`,
 1 AS `fitness_center`*/;
SET character_set_client = @saved_cs_client;

--
-- Table structure for table `wishlist`
--

DROP TABLE IF EXISTS `wishlist`;
/*!40101 SET @saved_cs_client     = @@character_set_client */;
/*!50503 SET character_set_client = utf8mb4 */;
CREATE TABLE `wishlist` (
  `hotel_id` int NOT NULL,
  `member_id` int NOT NULL,
  KEY `wishlist_hotel_fkey_idx` (`hotel_id`),
  KEY `wishlist_member_fkey_idx` (`member_id`),
  CONSTRAINT `wishlist_hotel_fkey` FOREIGN KEY (`hotel_id`) REFERENCES `hotel` (`id`) ON DELETE CASCADE ON UPDATE CASCADE,
  CONSTRAINT `wishlist_member_fkey` FOREIGN KEY (`member_id`) REFERENCES `member` (`id`) ON DELETE CASCADE ON UPDATE CASCADE
) ENGINE=InnoDB DEFAULT CHARSET=utf8mb4 COLLATE=utf8mb4_0900_ai_ci;
/*!40101 SET character_set_client = @saved_cs_client */;

--
-- Dumping data for table `wishlist`
--

LOCK TABLES `wishlist` WRITE;
/*!40000 ALTER TABLE `wishlist` DISABLE KEYS */;
/*!40000 ALTER TABLE `wishlist` ENABLE KEYS */;
UNLOCK TABLES;

--
-- Final view structure for view `search_view`
--

/*!50001 DROP VIEW IF EXISTS `search_view`*/;
/*!50001 SET @saved_cs_client          = @@character_set_client */;
/*!50001 SET @saved_cs_results         = @@character_set_results */;
/*!50001 SET @saved_col_connection     = @@collation_connection */;
/*!50001 SET character_set_client      = utf8mb4 */;
/*!50001 SET character_set_results     = utf8mb4 */;
/*!50001 SET collation_connection      = utf8mb4_0900_ai_ci */;
/*!50001 CREATE ALGORITHM=UNDEFINED */
/*!50013 DEFINER=`root`@`localhost` SQL SECURITY DEFINER */
/*!50001 VIEW `search_view` AS select `hotel`.`id` AS `id`,`hotel`.`name` AS `name`,`hotel`.`rating` AS `rating`,`price`.`price` AS `price`,`img`.`filepath` AS `filepath`,`img`.`filename` AS `filename`,`location`.`sido` AS `sido`,`location`.`sigungu` AS `sigungu`,`reservation`.`check_in` AS `check_in`,`reservation`.`check_out` AS `check_out`,`room`.`limit_people` AS `limit_people`,`room`.`id` AS `room_id`,`hotel_description`.`swimming_pool` AS `swimming_pool`,`hotel_description`.`parking` AS `parking`,`hotel_description`.`smoking` AS `smoking`,`hotel_description`.`restaurant` AS `restaurant`,`hotel_description`.`laundry_facilities` AS `laundry_facilities`,`hotel_description`.`fitness_center` AS `fitness_center` from (((((((`hotel` left join `hotel_description` on((`hotel`.`id` = `hotel_description`.`hotel_id`))) left join `location` on((`hotel`.`id` = `location`.`hotel_id`))) left join `room` on((`hotel`.`id` = `room`.`hotel_id`))) left join `room_description` on((`room`.`id` = `room_description`.`room_id`))) left join `reservation` on((`reservation`.`room_id` = `room`.`id`))) left join `price` on((`room`.`id` = `price`.`room_id`))) left join `img` on((`hotel`.`id` = `img`.`hotel_id`))) */;
/*!50001 SET character_set_client      = @saved_cs_client */;
/*!50001 SET character_set_results     = @saved_cs_results */;
/*!50001 SET collation_connection      = @saved_col_connection */;
/*!40103 SET TIME_ZONE=@OLD_TIME_ZONE */;

/*!40101 SET SQL_MODE=@OLD_SQL_MODE */;
/*!40014 SET FOREIGN_KEY_CHECKS=@OLD_FOREIGN_KEY_CHECKS */;
/*!40014 SET UNIQUE_CHECKS=@OLD_UNIQUE_CHECKS */;
/*!40101 SET CHARACTER_SET_CLIENT=@OLD_CHARACTER_SET_CLIENT */;
/*!40101 SET CHARACTER_SET_RESULTS=@OLD_CHARACTER_SET_RESULTS */;
/*!40101 SET COLLATION_CONNECTION=@OLD_COLLATION_CONNECTION */;
/*!40111 SET SQL_NOTES=@OLD_SQL_NOTES */;

-- Dump completed on 2024-08-16 11:55:09
